country,country_code,region,income_group,skill_level,wage_usd_year,unit,capital,pathway,source
Aruba,ABW,Latin America & Caribbean,High income,low,12083.991805959009,USD/year,Human Capital,Employment / training income valuation,Wages | VI — Valuing Impact (ILO + World Bank)
Aruba,ABW,Latin America & Caribbean,High income,medium,25052.412606467125,USD/year,Human Capital,Employment / training income valuation,Wages | VI — Valuing Impact (ILO + World Bank)
Aruba,ABW,Latin America & Caribbean,High income,high,104228.03433588511,USD/year,Human Capital,Employment / training income valuation,Wages | VI — Valuing Impact (ILO + World Bank)
Afghanistan,AFG,South Asia,Low income,low,128.17714816278087,USD/year,Human Capital,Employment / training income valuation,Wages | VI — Valuing Impact (ILO + World Bank)
Afghanistan,AFG,South Asia,Low income,medium,228.39472753749772,USD/year,Human Capital,Employment / training income valuation,Wages | VI — Valuing Impact (ILO + World Bank)
Afghanistan,AFG,South Asia,Low income,high,900.9971041953622,USD/year,Human Capital,Employment / training income valuation,Wages | VI — Valuing Impact (ILO + World Bank)
Angola,AGO,Sub-Saharan Africa,Lower middle income,low,350.7428640738376,USD/year,Human Capital,Employment / training income valuation,Wages | VI — Valuing Impact (ILO + World Bank)
Angola,AGO,Sub-Saharan Africa,Lower middle income,medium,1053.8156640046523,USD/year,Human Capital,Employment / training income valuation,Wages | VI — Valuing Impact (ILO + World Bank)
Angola,AGO,Sub-Saharan Africa,Lower middle income,high,6923.865165910085,USD/year,Human Capital,Employment / training income valuation,Wages | VI — Valuing Impact (ILO + World Bank)
Albania,ALB,Europe & Central Asia,Upper middle income,low,2127.715814003852,USD/year,Human Capital,Employment / training income valuation,Wages | VI — Valuing Impact (ILO + World Bank)
Albania,ALB,Europe & Central Asia,Upper middle income,medium,3885.9964351258627,USD/year,Human Capital,Employment / training income valuation,Wages | VI — Valuing Impact (ILO + World Bank)
Albania,ALB,Europe & Central Asia,Upper middle income,high,9554.517675906609,USD/year,Human Capital,Employment / training income valuation,Wages | VI — Valuing Impact (ILO + World Bank)
Andorra,AND,Europe & Central Asia,High income,low,24031.536510767626,USD/year,Human Capital,Employment / training income valuation,Wages | VI — Valuing Impact (ILO + World Bank)
Andorra,AND,Europe & Central Asia,High income,medium,37566.27924371884,USD/year,Human Capital,Employment / training income valuation,Wages | VI — Valuing Impact (ILO + World Bank)
Andorra,AND,Europe & Central Asia,High income,high,90276.96074139311,USD/year,Human Capital,Employment / training income valuation,Wages | VI — Valuing Impact (ILO + World Bank)
United Arab Emirates,ARE,Middle East & North Africa,High income,low,11376.894080880498,USD/year,Human Capital,Employment / training income valuation,Wages | VI — Valuing Impact (ILO + World Bank)
United Arab Emirates,ARE,Middle East & North Africa,High income,medium,18167.369389930198,USD/year,Human Capital,Employment / training income valuation,Wages | VI — Valuing Impact (ILO + World Bank)
United Arab Emirates,ARE,Middle East & North Africa,High income,high,34482.34070138878,USD/year,Human Capital,Employment / training income valuation,Wages | VI — Valuing Impact (ILO + World Bank)
Argentina,ARG,Latin America & Caribbean,Upper middle income,low,5866.91448806604,USD/year,Human Capital,Employment / training income valuation,Wages | VI — Valuing Impact (ILO + World Bank)
Argentina,ARG,Latin America & Caribbean,Upper middle income,medium,10528.00881091658,USD/year,Human Capital,Employment / training income valuation,Wages | VI — Valuing Impact (ILO + World Bank)
Argentina,ARG,Latin America & Caribbean,Upper middle income,high,32923.82661632252,USD/year,Human Capital,Employment / training income valuation,Wages | VI — Valuing Impact (ILO + World Bank)
Armenia,ARM,Europe & Central Asia,Upper middle income,low,2950.3191707215983,USD/year,Human Capital,Employment / training income valuation,Wages | VI — Valuing Impact (ILO + World Bank)
Armenia,ARM,Europe & Central Asia,Upper middle income,medium,4724.865387797689,USD/year,Human Capital,Employment / training income valuation,Wages | VI — Valuing Impact (ILO + World Bank)
Armenia,ARM,Europe & Central Asia,Upper middle income,high,10407.76799708431,USD/year,Human Capital,Employment / training income valuation,Wages | VI — Valuing Impact (ILO + World Bank)
American Samoa,ASM,East Asia & Pacific,High income,low,10387.03833456765,USD/year,Human Capital,Employment / training income valuation,Wages | VI — Valuing Impact (ILO + World Bank)
American Samoa,ASM,East Asia & Pacific,High income,medium,17479.06901395502,USD/year,Human Capital,Employment / training income valuation,Wages | VI — Valuing Impact (ILO + World Bank)
American Samoa,ASM,East Asia & Pacific,High income,high,44540.03730664442,USD/year,Human Capital,Employment / training income valuation,Wages | VI — Valuing Impact (ILO + World Bank)
Antigua and Barbuda,ATG,Latin America & Caribbean,High income,low,7811.282835132047,USD/year,Human Capital,Employment / training income valuation,Wages | VI — Valuing Impact (ILO + World Bank)
Antigua and Barbuda,ATG,Latin America & Caribbean,High income,medium,16194.27451738593,USD/year,Human Capital,Employment / training income valuation,Wages | VI — Valuing Impact (ILO + World Bank)
Antigua and Barbuda,ATG,Latin America & Caribbean,High income,high,67374.64478798858,USD/year,Human Capital,Employment / training income valuation,Wages | VI — Valuing Impact (ILO + World Bank)
Australia,AUS,East Asia & Pacific,High income,low,20854.176849306237,USD/year,Human Capital,Employment / training income valuation,Wages | VI — Valuing Impact (ILO + World Bank)
Australia,AUS,East Asia & Pacific,High income,medium,35248.619000840794,USD/year,Human Capital,Employment / training income valuation,Wages | VI — Valuing Impact (ILO + World Bank)
Australia,AUS,East Asia & Pacific,High income,high,90048.70168693722,USD/year,Human Capital,Employment / training income valuation,Wages | VI — Valuing Impact (ILO + World Bank)
Austria,AUT,Europe & Central Asia,High income,low,21287.46258902212,USD/year,Human Capital,Employment / training income valuation,Wages | VI — Valuing Impact (ILO + World Bank)
Austria,AUT,Europe & Central Asia,High income,medium,35337.59221805382,USD/year,Human Capital,Employment / training income valuation,Wages | VI — Valuing Impact (ILO + World Bank)
Austria,AUT,Europe & Central Asia,High income,high,77528.41313285833,USD/year,Human Capital,Employment / training income valuation,Wages | VI — Valuing Impact (ILO + World Bank)
Azerbaijan,AZE,Europe & Central Asia,Upper middle income,low,3407.796225577409,USD/year,Human Capital,Employment / training income valuation,Wages | VI — Valuing Impact (ILO + World Bank)
Azerbaijan,AZE,Europe & Central Asia,Upper middle income,medium,4469.161229119713,USD/year,Human Capital,Employment / training income valuation,Wages | VI — Valuing Impact (ILO + World Bank)
Azerbaijan,AZE,Europe & Central Asia,Upper middle income,high,7712.828845901921,USD/year,Human Capital,Employment / training income valuation,Wages | VI — Valuing Impact (ILO + World Bank)
Burundi,BDI,Sub-Saharan Africa,Low income,low,50.13453300683894,USD/year,Human Capital,Employment / training income valuation,Wages | VI — Valuing Impact (ILO + World Bank)
Burundi,BDI,Sub-Saharan Africa,Low income,medium,103.2313571313604,USD/year,Human Capital,Employment / training income valuation,Wages | VI — Valuing Impact (ILO + World Bank)
Burundi,BDI,Sub-Saharan Africa,Low income,high,525.2231918048606,USD/year,Human Capital,Employment / training income valuation,Wages | VI — Valuing Impact (ILO + World Bank)
Belgium,BEL,Europe & Central Asia,High income,low,23353.407314123164,USD/year,Human Capital,Employment / training income valuation,Wages | VI — Valuing Impact (ILO + World Bank)
Belgium,BEL,Europe & Central Asia,High income,medium,36137.38459383714,USD/year,Human Capital,Employment / training income valuation,Wages | VI — Valuing Impact (ILO + World Bank)
Belgium,BEL,Europe & Central Asia,High income,high,73301.5138195883,USD/year,Human Capital,Employment / training income valuation,Wages | VI — Valuing Impact (ILO + World Bank)
Benin,BEN,Sub-Saharan Africa,Lower middle income,low,274.58918473601796,USD/year,Human Capital,Employment / training income valuation,Wages | VI — Valuing Impact (ILO + World Bank)
Benin,BEN,Sub-Saharan Africa,Lower middle income,medium,572.5269626825387,USD/year,Human Capital,Employment / training income valuation,Wages | VI — Valuing Impact (ILO + World Bank)
Benin,BEN,Sub-Saharan Africa,Lower middle income,high,2828.0983526221585,USD/year,Human Capital,Employment / training income valuation,Wages | VI — Valuing Impact (ILO + World Bank)
Burkina Faso,BFA,Sub-Saharan Africa,Low income,low,76.5710542554104,USD/year,Human Capital,Employment / training income valuation,Wages | VI — Valuing Impact (ILO + World Bank)
Burkina Faso,BFA,Sub-Saharan Africa,Low income,medium,219.15938109466435,USD/year,Human Capital,Employment / training income valuation,Wages | VI — Valuing Impact (ILO + World Bank)
Burkina Faso,BFA,Sub-Saharan Africa,Low income,high,3515.532039362772,USD/year,Human Capital,Employment / training income valuation,Wages | VI — Valuing Impact (ILO + World Bank)
Bangladesh,BGD,South Asia,Lower middle income,low,483.4994543398666,USD/year,Human Capital,Employment / training income valuation,Wages | VI — Valuing Impact (ILO + World Bank)
Bangladesh,BGD,South Asia,Lower middle income,medium,990.7653949145651,USD/year,Human Capital,Employment / training income valuation,Wages | VI — Valuing Impact (ILO + World Bank)
Bangladesh,BGD,South Asia,Lower middle income,high,3986.0853631982554,USD/year,Human Capital,Employment / training income valuation,Wages | VI — Valuing Impact (ILO + World Bank)
Bulgaria,BGR,Europe & Central Asia,Upper middle income,low,3739.1566718354957,USD/year,Human Capital,Employment / training income valuation,Wages | VI — Valuing Impact (ILO + World Bank)
Bulgaria,BGR,Europe & Central Asia,Upper middle income,medium,6815.564616207934,USD/year,Human Capital,Employment / training income valuation,Wages | VI — Valuing Impact (ILO + World Bank)
Bulgaria,BGR,Europe & Central Asia,Upper middle income,high,20898.975074797916,USD/year,Human Capital,Employment / training income valuation,Wages | VI — Valuing Impact (ILO + World Bank)
Bahrain,BHR,Middle East & North Africa,High income,low,6569.643979438214,USD/year,Human Capital,Employment / training income valuation,Wages | VI — Valuing Impact (ILO + World Bank)
Bahrain,BHR,Middle East & North Africa,High income,medium,12005.730289065603,USD/year,Human Capital,Employment / training income valuation,Wages | VI — Valuing Impact (ILO + World Bank)
Bahrain,BHR,Middle East & North Africa,High income,high,29515.27517620641,USD/year,Human Capital,Employment / training income valuation,Wages | VI — Valuing Impact (ILO + World Bank)
"Bahamas, The",BHS,Latin America & Caribbean,High income,low,9272.390806958869,USD/year,Human Capital,Employment / training income valuation,Wages | VI — Valuing Impact (ILO + World Bank)
"Bahamas, The",BHS,Latin America & Caribbean,High income,medium,21150.37972445952,USD/year,Human Capital,Employment / training income valuation,Wages | VI — Valuing Impact (ILO + World Bank)
"Bahamas, The",BHS,Latin America & Caribbean,High income,high,87528.79578745908,USD/year,Human Capital,Employment / training income valuation,Wages | VI — Valuing Impact (ILO + World Bank)
Bosnia and Herzegovina,BIH,Europe & Central Asia,Upper middle income,low,2225.2435267603796,USD/year,Human Capital,Employment / training income valuation,Wages | VI — Valuing Impact (ILO + World Bank)
Bosnia and Herzegovina,BIH,Europe & Central Asia,Upper middle income,medium,4125.97237253487,USD/year,Human Capital,Employment / training income valuation,Wages | VI — Valuing Impact (ILO + World Bank)
Bosnia and Herzegovina,BIH,Europe & Central Asia,Upper middle income,high,10116.074190733043,USD/year,Human Capital,Employment / training income valuation,Wages | VI — Valuing Impact (ILO + World Bank)
Belarus,BLR,Europe & Central Asia,Upper middle income,low,2694.422014679679,USD/year,Human Capital,Employment / training income valuation,Wages | VI — Valuing Impact (ILO + World Bank)
Belarus,BLR,Europe & Central Asia,Upper middle income,medium,4301.255006577492,USD/year,Human Capital,Employment / training income valuation,Wages | VI — Valuing Impact (ILO + World Bank)
Belarus,BLR,Europe & Central Asia,Upper middle income,high,9240.824112304614,USD/year,Human Capital,Employment / training income valuation,Wages | VI — Valuing Impact (ILO + World Bank)
Belize,BLZ,Latin America & Caribbean,Upper middle income,low,1410.5740144026759,USD/year,Human Capital,Employment / training income valuation,Wages | VI — Valuing Impact (ILO + World Bank)
Belize,BLZ,Latin America & Caribbean,Upper middle income,medium,3105.8510408866255,USD/year,Human Capital,Employment / training income valuation,Wages | VI — Valuing Impact (ILO + World Bank)
Belize,BLZ,Latin America & Caribbean,Upper middle income,high,14931.378879062455,USD/year,Human Capital,Employment / training income valuation,Wages | VI — Valuing Impact (ILO + World Bank)
Bermuda,BMU,North America,High income,low,56170.39550368552,USD/year,Human Capital,Employment / training income valuation,Wages | VI — Valuing Impact (ILO + World Bank)
Bermuda,BMU,North America,High income,medium,109493.11569666458,USD/year,Human Capital,Employment / training income valuation,Wages | VI — Valuing Impact (ILO + World Bank)
Bermuda,BMU,North America,High income,high,329618.4172142762,USD/year,Human Capital,Employment / training income valuation,Wages | VI — Valuing Impact (ILO + World Bank)
Bolivia,BOL,Latin America & Caribbean,Lower middle income,low,1403.450554612647,USD/year,Human Capital,Employment / training income valuation,Wages | VI — Valuing Impact (ILO + World Bank)
Bolivia,BOL,Latin America & Caribbean,Lower middle income,medium,2994.9924206682263,USD/year,Human Capital,Employment / training income valuation,Wages | VI — Valuing Impact (ILO + World Bank)
Bolivia,BOL,Latin America & Caribbean,Lower middle income,high,10252.00994238399,USD/year,Human Capital,Employment / training income valuation,Wages | VI — Valuing Impact (ILO + World Bank)
Brazil,BRA,Latin America & Caribbean,Upper middle income,low,2136.2893687518267,USD/year,Human Capital,Employment / training income valuation,Wages | VI — Valuing Impact (ILO + World Bank)
Brazil,BRA,Latin America & Caribbean,Upper middle income,medium,5120.458901115251,USD/year,Human Capital,Employment / training income valuation,Wages | VI — Valuing Impact (ILO + World Bank)
Brazil,BRA,Latin America & Caribbean,Upper middle income,high,19910.438102896667,USD/year,Human Capital,Employment / training income valuation,Wages | VI — Valuing Impact (ILO + World Bank)
Barbados,BRB,Latin America & Caribbean,High income,low,6451.989108893162,USD/year,Human Capital,Employment / training income valuation,Wages | VI — Valuing Impact (ILO + World Bank)
Barbados,BRB,Latin America & Caribbean,High income,medium,15797.681487654718,USD/year,Human Capital,Employment / training income valuation,Wages | VI — Valuing Impact (ILO + World Bank)
Barbados,BRB,Latin America & Caribbean,High income,high,83405.11242912534,USD/year,Human Capital,Employment / training income valuation,Wages | VI — Valuing Impact (ILO + World Bank)
Brunei Darussalam,BRN,East Asia & Pacific,High income,low,7581.22703496963,USD/year,Human Capital,Employment / training income valuation,Wages | VI — Valuing Impact (ILO + World Bank)
Brunei Darussalam,BRN,East Asia & Pacific,High income,medium,12005.024091201347,USD/year,Human Capital,Employment / training income valuation,Wages | VI — Valuing Impact (ILO + World Bank)
Brunei Darussalam,BRN,East Asia & Pacific,High income,high,25232.279141914143,USD/year,Human Capital,Employment / training income valuation,Wages | VI — Valuing Impact (ILO + World Bank)
Bhutan,BTN,South Asia,Lower middle income,low,767.5422263171961,USD/year,Human Capital,Employment / training income valuation,Wages | VI — Valuing Impact (ILO + World Bank)
Bhutan,BTN,South Asia,Lower middle income,medium,1712.5743584553152,USD/year,Human Capital,Employment / training income valuation,Wages | VI — Valuing Impact (ILO + World Bank)
Bhutan,BTN,South Asia,Lower middle income,high,7428.833233710832,USD/year,Human Capital,Employment / training income valuation,Wages | VI — Valuing Impact (ILO + World Bank)
Botswana,BWA,Sub-Saharan Africa,Upper middle income,low,1079.6710634570084,USD/year,Human Capital,Employment / training income valuation,Wages | VI — Valuing Impact (ILO + World Bank)
Botswana,BWA,Sub-Saharan Africa,Upper middle income,medium,2486.363882550706,USD/year,Human Capital,Employment / training income valuation,Wages | VI — Valuing Impact (ILO + World Bank)
Botswana,BWA,Sub-Saharan Africa,Upper middle income,high,15564.737758738607,USD/year,Human Capital,Employment / training income valuation,Wages | VI — Valuing Impact (ILO + World Bank)
Central African Republic,CAF,Sub-Saharan Africa,Low income,low,65.50904154156548,USD/year,Human Capital,Employment / training income valuation,Wages | VI — Valuing Impact (ILO + World Bank)
Central African Republic,CAF,Sub-Saharan Africa,Low income,medium,192.777448846223,USD/year,Human Capital,Employment / training income valuation,Wages | VI — Valuing Impact (ILO + World Bank)
Central African Republic,CAF,Sub-Saharan Africa,Low income,high,1520.1626744258224,USD/year,Human Capital,Employment / training income valuation,Wages | VI — Valuing Impact (ILO + World Bank)
Canada,CAN,North America,High income,low,20000.45261912031,USD/year,Human Capital,Employment / training income valuation,Wages | VI — Valuing Impact (ILO + World Bank)
Canada,CAN,North America,High income,medium,34068.907267038616,USD/year,Human Capital,Employment / training income valuation,Wages | VI — Valuing Impact (ILO + World Bank)
Canada,CAN,North America,High income,high,80302.41848177866,USD/year,Human Capital,Employment / training income valuation,Wages | VI — Valuing Impact (ILO + World Bank)
Switzerland,CHE,Europe & Central Asia,High income,low,41649.43499869855,USD/year,Human Capital,Employment / training income valuation,Wages | VI — Valuing Impact (ILO + World Bank)
Switzerland,CHE,Europe & Central Asia,High income,medium,70759.70913108846,USD/year,Human Capital,Employment / training income valuation,Wages | VI — Valuing Impact (ILO + World Bank)
Switzerland,CHE,Europe & Central Asia,High income,high,173183.96590437045,USD/year,Human Capital,Employment / training income valuation,Wages | VI — Valuing Impact (ILO + World Bank)
Channel Islands,CHI,Europe & Central Asia,High income,low,32527.18038038091,USD/year,Human Capital,Employment / training income valuation,Wages | VI — Valuing Impact (ILO + World Bank)
Channel Islands,CHI,Europe & Central Asia,High income,medium,53387.10143347036,USD/year,Human Capital,Employment / training income valuation,Wages | VI — Valuing Impact (ILO + World Bank)
Channel Islands,CHI,Europe & Central Asia,High income,high,120512.26658181053,USD/year,Human Capital,Employment / training income valuation,Wages | VI — Valuing Impact (ILO + World Bank)
Chile,CHL,Latin America & Caribbean,High income,low,3199.1206765194215,USD/year,Human Capital,Employment / training income valuation,Wages | VI — Valuing Impact (ILO + World Bank)
Chile,CHL,Latin America & Caribbean,High income,medium,6603.111150057329,USD/year,Human Capital,Employment / training income valuation,Wages | VI — Valuing Impact (ILO + World Bank)
Chile,CHL,Latin America & Caribbean,High income,high,29296.380973643372,USD/year,Human Capital,Employment / training income valuation,Wages | VI — Valuing Impact (ILO + World Bank)
China,CHN,East Asia & Pacific,Upper middle income,low,4279.091059567574,USD/year,Human Capital,Employment / training income valuation,Wages | VI — Valuing Impact (ILO + World Bank)
China,CHN,East Asia & Pacific,Upper middle income,medium,8851.815244023273,USD/year,Human Capital,Employment / training income valuation,Wages | VI — Valuing Impact (ILO + World Bank)
China,CHN,East Asia & Pacific,Upper middle income,high,29601.88940278412,USD/year,Human Capital,Employment / training income valuation,Wages | VI — Valuing Impact (ILO + World Bank)
Côte d’Ivoire,CIV,Sub-Saharan Africa,Lower middle income,low,972.8802276716706,USD/year,Human Capital,Employment / training income valuation,Wages | VI — Valuing Impact (ILO + World Bank)
Côte d’Ivoire,CIV,Sub-Saharan Africa,Lower middle income,medium,2206.655664811077,USD/year,Human Capital,Employment / training income valuation,Wages | VI — Valuing Impact (ILO + World Bank)
Côte d’Ivoire,CIV,Sub-Saharan Africa,Lower middle income,high,12142.580855914382,USD/year,Human Capital,Employment / training income valuation,Wages | VI — Valuing Impact (ILO + World Bank)
Cameroon,CMR,Sub-Saharan Africa,Lower middle income,low,287.60880093442506,USD/year,Human Capital,Employment / training income valuation,Wages | VI — Valuing Impact (ILO + World Bank)
Cameroon,CMR,Sub-Saharan Africa,Lower middle income,medium,813.134829866961,USD/year,Human Capital,Employment / training income valuation,Wages | VI — Valuing Impact (ILO + World Bank)
Cameroon,CMR,Sub-Saharan Africa,Lower middle income,high,4719.94652632961,USD/year,Human Capital,Employment / training income valuation,Wages | VI — Valuing Impact (ILO + World Bank)
"Congo, Dem. Rep.",COD,Sub-Saharan Africa,Low income,low,177.63006659814465,USD/year,Human Capital,Employment / training income valuation,Wages | VI — Valuing Impact (ILO + World Bank)
"Congo, Dem. Rep.",COD,Sub-Saharan Africa,Low income,medium,419.1693635067329,USD/year,Human Capital,Employment / training income valuation,Wages | VI — Valuing Impact (ILO + World Bank)
"Congo, Dem. Rep.",COD,Sub-Saharan Africa,Low income,high,2255.6198933097735,USD/year,Human Capital,Employment / training income valuation,Wages | VI — Valuing Impact (ILO + World Bank)
"Congo, Rep.",COG,Sub-Saharan Africa,Lower middle income,low,768.8731374404647,USD/year,Human Capital,Employment / training income valuation,Wages | VI — Valuing Impact (ILO + World Bank)
"Congo, Rep.",COG,Sub-Saharan Africa,Lower middle income,medium,2189.8684981546476,USD/year,Human Capital,Employment / training income valuation,Wages | VI — Valuing Impact (ILO + World Bank)
"Congo, Rep.",COG,Sub-Saharan Africa,Lower middle income,high,13492.619161540739,USD/year,Human Capital,Employment / training income valuation,Wages | VI — Valuing Impact (ILO + World Bank)
Colombia,COL,Latin America & Caribbean,Upper middle income,low,1277.6056067040984,USD/year,Human Capital,Employment / training income valuation,Wages | VI — Valuing Impact (ILO + World Bank)
Colombia,COL,Latin America & Caribbean,Upper middle income,medium,3062.1773464772205,USD/year,Human Capital,Employment / training income valuation,Wages | VI — Valuing Impact (ILO + World Bank)
Colombia,COL,Latin America & Caribbean,Upper middle income,high,14770.80220871458,USD/year,Human Capital,Employment / training income valuation,Wages | VI — Valuing Impact (ILO + World Bank)
Comoros,COM,Sub-Saharan Africa,Lower middle income,low,233.47457101635888,USD/year,Human Capital,Employment / training income valuation,Wages | VI — Valuing Impact (ILO + World Bank)
Comoros,COM,Sub-Saharan Africa,Lower middle income,medium,633.0140785424946,USD/year,Human Capital,Employment / training income valuation,Wages | VI — Valuing Impact (ILO + World Bank)
Comoros,COM,Sub-Saharan Africa,Lower middle income,high,3570.1068232241246,USD/year,Human Capital,Employment / training income valuation,Wages | VI — Valuing Impact (ILO + World Bank)
Cabo Verde,CPV,Sub-Saharan Africa,Lower middle income,low,1143.118820978401,USD/year,Human Capital,Employment / training income valuation,Wages | VI — Valuing Impact (ILO + World Bank)
Cabo Verde,CPV,Sub-Saharan Africa,Lower middle income,medium,2751.816582976943,USD/year,Human Capital,Employment / training income valuation,Wages | VI — Valuing Impact (ILO + World Bank)
Cabo Verde,CPV,Sub-Saharan Africa,Lower middle income,high,14832.364894710096,USD/year,Human Capital,Employment / training income valuation,Wages | VI — Valuing Impact (ILO + World Bank)
Costa Rica,CRI,Latin America & Caribbean,Upper middle income,low,3528.672517796969,USD/year,Human Capital,Employment / training income valuation,Wages | VI — Valuing Impact (ILO + World Bank)
Costa Rica,CRI,Latin America & Caribbean,Upper middle income,medium,7228.778518239945,USD/year,Human Capital,Employment / training income valuation,Wages | VI — Valuing Impact (ILO + World Bank)
Costa Rica,CRI,Latin America & Caribbean,Upper middle income,high,30926.60026933959,USD/year,Human Capital,Employment / training income valuation,Wages | VI — Valuing Impact (ILO + World Bank)
Cuba,CUB,Latin America & Caribbean,Upper middle income,low,68.60312423948383,USD/year,Human Capital,Employment / training income valuation,Wages | VI — Valuing Impact (ILO + World Bank)
Cuba,CUB,Latin America & Caribbean,Upper middle income,medium,125.14191366487066,USD/year,Human Capital,Employment / training income valuation,Wages | VI — Valuing Impact (ILO + World Bank)
Cuba,CUB,Latin America & Caribbean,Upper middle income,high,573.3626240462373,USD/year,Human Capital,Employment / training income valuation,Wages | VI — Valuing Impact (ILO + World Bank)
Curaçao,CUW,Latin America & Caribbean,High income,low,7531.7170610891635,USD/year,Human Capital,Employment / training income valuation,Wages | VI — Valuing Impact (ILO + World Bank)
Curaçao,CUW,Latin America & Caribbean,High income,medium,15614.68151248875,USD/year,Human Capital,Employment / training income valuation,Wages | VI — Valuing Impact (ILO + World Bank)
Curaçao,CUW,Latin America & Caribbean,High income,high,64963.306584191494,USD/year,Human Capital,Employment / training income valuation,Wages | VI — Valuing Impact (ILO + World Bank)
Cayman Islands,CYM,Latin America & Caribbean,High income,low,34504.2696822359,USD/year,Human Capital,Employment / training income valuation,Wages | VI — Valuing Impact (ILO + World Bank)
Cayman Islands,CYM,Latin America & Caribbean,High income,medium,71533.9115289632,USD/year,Human Capital,Employment / training income valuation,Wages | VI — Valuing Impact (ILO + World Bank)
Cayman Islands,CYM,Latin America & Caribbean,High income,high,297609.61964582466,USD/year,Human Capital,Employment / training income valuation,Wages | VI — Valuing Impact (ILO + World Bank)
Cyprus,CYP,Europe & Central Asia,High income,low,11235.903893723702,USD/year,Human Capital,Employment / training income valuation,Wages | VI — Valuing Impact (ILO + World Bank)
Cyprus,CYP,Europe & Central Asia,High income,medium,17630.106812166,USD/year,Human Capital,Employment / training income valuation,Wages | VI — Valuing Impact (ILO + World Bank)
Cyprus,CYP,Europe & Central Asia,High income,high,42207.00198017054,USD/year,Human Capital,Employment / training income valuation,Wages | VI — Valuing Impact (ILO + World Bank)
Czechia,CZE,Europe & Central Asia,High income,low,12867.26222790615,USD/year,Human Capital,Employment / training income valuation,Wages | VI — Valuing Impact (ILO + World Bank)
Czechia,CZE,Europe & Central Asia,High income,medium,18636.43635795916,USD/year,Human Capital,Employment / training income valuation,Wages | VI — Valuing Impact (ILO + World Bank)
Czechia,CZE,Europe & Central Asia,High income,high,37863.501146051705,USD/year,Human Capital,Employment / training income valuation,Wages | VI — Valuing Impact (ILO + World Bank)
Germany,DEU,Europe & Central Asia,High income,low,19805.746228091266,USD/year,Human Capital,Employment / training income valuation,Wages | VI — Valuing Impact (ILO + World Bank)
Germany,DEU,Europe & Central Asia,High income,medium,32405.937043075224,USD/year,Human Capital,Employment / training income valuation,Wages | VI — Valuing Impact (ILO + World Bank)
Germany,DEU,Europe & Central Asia,High income,high,76115.82741941138,USD/year,Human Capital,Employment / training income valuation,Wages | VI — Valuing Impact (ILO + World Bank)
Djibouti,DJI,Middle East & North Africa,Lower middle income,low,3209.8723678120587,USD/year,Human Capital,Employment / training income valuation,Wages | VI — Valuing Impact (ILO + World Bank)
Djibouti,DJI,Middle East & North Africa,Lower middle income,medium,6512.784514401279,USD/year,Human Capital,Employment / training income valuation,Wages | VI — Valuing Impact (ILO + World Bank)
Djibouti,DJI,Middle East & North Africa,Lower middle income,high,21744.72543991937,USD/year,Human Capital,Employment / training income valuation,Wages | VI — Valuing Impact (ILO + World Bank)
Dominica,DMA,Latin America & Caribbean,Upper middle income,low,3838.033675998043,USD/year,Human Capital,Employment / training income valuation,Wages | VI — Valuing Impact (ILO + World Bank)
Dominica,DMA,Latin America & Caribbean,Upper middle income,medium,9288.6865435919,USD/year,Human Capital,Employment / training income valuation,Wages | VI — Valuing Impact (ILO + World Bank)
Dominica,DMA,Latin America & Caribbean,Upper middle income,high,48435.01741958035,USD/year,Human Capital,Employment / training income valuation,Wages | VI — Valuing Impact (ILO + World Bank)
Denmark,DNK,Europe & Central Asia,High income,low,28077.870082091693,USD/year,Human Capital,Employment / training income valuation,Wages | VI — Valuing Impact (ILO + World Bank)
Denmark,DNK,Europe & Central Asia,High income,medium,42318.20756676435,USD/year,Human Capital,Employment / training income valuation,Wages | VI — Valuing Impact (ILO + World Bank)
Denmark,DNK,Europe & Central Asia,High income,high,85252.46966697543,USD/year,Human Capital,Employment / training income valuation,Wages | VI — Valuing Impact (ILO + World Bank)
Dominican Republic,DOM,Latin America & Caribbean,Upper middle income,low,3025.3765728869894,USD/year,Human Capital,Employment / training income valuation,Wages | VI — Valuing Impact (ILO + World Bank)
Dominican Republic,DOM,Latin America & Caribbean,Upper middle income,medium,5427.3422156033275,USD/year,Human Capital,Employment / training income valuation,Wages | VI — Valuing Impact (ILO + World Bank)
Dominican Republic,DOM,Latin America & Caribbean,Upper middle income,high,17272.149888845724,USD/year,Human Capital,Employment / training income valuation,Wages | VI — Valuing Impact (ILO + World Bank)
Algeria,DZA,Middle East & North Africa,Lower middle income,low,3472.2160086602325,USD/year,Human Capital,Employment / training income valuation,Wages | VI — Valuing Impact (ILO + World Bank)
Algeria,DZA,Middle East & North Africa,Lower middle income,medium,5774.732542475896,USD/year,Human Capital,Employment / training income valuation,Wages | VI — Valuing Impact (ILO + World Bank)
Algeria,DZA,Middle East & North Africa,Lower middle income,high,14552.747520363524,USD/year,Human Capital,Employment / training income valuation,Wages | VI — Valuing Impact (ILO + World Bank)
Ecuador,ECU,Latin America & Caribbean,Upper middle income,low,1788.6489698189052,USD/year,Human Capital,Employment / training income valuation,Wages | VI — Valuing Impact (ILO + World Bank)
Ecuador,ECU,Latin America & Caribbean,Upper middle income,medium,3396.9086259202786,USD/year,Human Capital,Employment / training income valuation,Wages | VI — Valuing Impact (ILO + World Bank)
Ecuador,ECU,Latin America & Caribbean,Upper middle income,high,13303.076713028106,USD/year,Human Capital,Employment / training income valuation,Wages | VI — Valuing Impact (ILO + World Bank)
"Egypt, Arab Rep.",EGY,Middle East & North Africa,Lower middle income,low,2716.5130800059865,USD/year,Human Capital,Employment / training income valuation,Wages | VI — Valuing Impact (ILO + World Bank)
"Egypt, Arab Rep.",EGY,Middle East & North Africa,Lower middle income,medium,4196.018197802627,USD/year,Human Capital,Employment / training income valuation,Wages | VI — Valuing Impact (ILO + World Bank)
"Egypt, Arab Rep.",EGY,Middle East & North Africa,Lower middle income,high,12015.870293707521,USD/year,Human Capital,Employment / training income valuation,Wages | VI — Valuing Impact (ILO + World Bank)
Eritrea,ERI,Sub-Saharan Africa,Low income,low,178.02248868391715,USD/year,Human Capital,Employment / training income valuation,Wages | VI — Valuing Impact (ILO + World Bank)
Eritrea,ERI,Sub-Saharan Africa,Low income,medium,381.77077053025005,USD/year,Human Capital,Employment / training income valuation,Wages | VI — Valuing Impact (ILO + World Bank)
Eritrea,ERI,Sub-Saharan Africa,Low income,high,2038.8548607653245,USD/year,Human Capital,Employment / training income valuation,Wages | VI — Valuing Impact (ILO + World Bank)
Spain,ESP,Europe & Central Asia,High income,low,10645.048588349875,USD/year,Human Capital,Employment / training income valuation,Wages | VI — Valuing Impact (ILO + World Bank)
Spain,ESP,Europe & Central Asia,High income,medium,19904.62447539608,USD/year,Human Capital,Employment / training income valuation,Wages | VI — Valuing Impact (ILO + World Bank)
Spain,ESP,Europe & Central Asia,High income,high,46967.52457419446,USD/year,Human Capital,Employment / training income valuation,Wages | VI — Valuing Impact (ILO + World Bank)
Estonia,EST,Europe & Central Asia,High income,low,10931.102229313368,USD/year,Human Capital,Employment / training income valuation,Wages | VI — Valuing Impact (ILO + World Bank)
Estonia,EST,Europe & Central Asia,High income,medium,17648.68537836534,USD/year,Human Capital,Employment / training income valuation,Wages | VI — Valuing Impact (ILO + World Bank)
Estonia,EST,Europe & Central Asia,High income,high,40765.53571697066,USD/year,Human Capital,Employment / training income valuation,Wages | VI — Valuing Impact (ILO + World Bank)
Ethiopia,ETH,Sub-Saharan Africa,Low income,low,358.1037868117193,USD/year,Human Capital,Employment / training income valuation,Wages | VI — Valuing Impact (ILO + World Bank)
Ethiopia,ETH,Sub-Saharan Africa,Low income,medium,731.4585129471157,USD/year,Human Capital,Employment / training income valuation,Wages | VI — Valuing Impact (ILO + World Bank)
Ethiopia,ETH,Sub-Saharan Africa,Low income,high,3296.549192271684,USD/year,Human Capital,Employment / training income valuation,Wages | VI — Valuing Impact (ILO + World Bank)
Finland,FIN,Europe & Central Asia,High income,low,20753.086920889225,USD/year,Human Capital,Employment / training income valuation,Wages | VI — Valuing Impact (ILO + World Bank)
Finland,FIN,Europe & Central Asia,High income,medium,31327.45010068374,USD/year,Human Capital,Employment / training income valuation,Wages | VI — Valuing Impact (ILO + World Bank)
Finland,FIN,Europe & Central Asia,High income,high,66970.96680536524,USD/year,Human Capital,Employment / training income valuation,Wages | VI — Valuing Impact (ILO + World Bank)
Fiji,FJI,East Asia & Pacific,Upper middle income,low,2960.7465462740465,USD/year,Human Capital,Employment / training income valuation,Wages | VI — Valuing Impact (ILO + World Bank)
Fiji,FJI,East Asia & Pacific,Upper middle income,medium,5187.939651984677,USD/year,Human Capital,Employment / training income valuation,Wages | VI — Valuing Impact (ILO + World Bank)
Fiji,FJI,East Asia & Pacific,Upper middle income,high,12898.05453790655,USD/year,Human Capital,Employment / training income valuation,Wages | VI — Valuing Impact (ILO + World Bank)
France,FRA,Europe & Central Asia,High income,low,16427.912644876385,USD/year,Human Capital,Employment / training income valuation,Wages | VI — Valuing Impact (ILO + World Bank)
France,FRA,Europe & Central Asia,High income,medium,28744.68605643518,USD/year,Human Capital,Employment / training income valuation,Wages | VI — Valuing Impact (ILO + World Bank)
France,FRA,Europe & Central Asia,High income,high,67059.83793941942,USD/year,Human Capital,Employment / training income valuation,Wages | VI — Valuing Impact (ILO + World Bank)
Faroe Islands,FRO,Europe & Central Asia,High income,low,34203.235161933866,USD/year,Human Capital,Employment / training income valuation,Wages | VI — Valuing Impact (ILO + World Bank)
Faroe Islands,FRO,Europe & Central Asia,High income,medium,56138.0225272886,USD/year,Human Capital,Employment / training income valuation,Wages | VI — Valuing Impact (ILO + World Bank)
Faroe Islands,FRO,Europe & Central Asia,High income,high,126722.00127993574,USD/year,Human Capital,Employment / training income valuation,Wages | VI — Valuing Impact (ILO + World Bank)
"Micronesia, Fed. Sts.",FSM,East Asia & Pacific,Lower middle income,low,1880.2548956021276,USD/year,Human Capital,Employment / training income valuation,Wages | VI — Valuing Impact (ILO + World Bank)
"Micronesia, Fed. Sts.",FSM,East Asia & Pacific,Lower middle income,medium,3539.7222845237025,USD/year,Human Capital,Employment / training income valuation,Wages | VI — Valuing Impact (ILO + World Bank)
"Micronesia, Fed. Sts.",FSM,East Asia & Pacific,Lower middle income,high,11281.529373612766,USD/year,Human Capital,Employment / training income valuation,Wages | VI — Valuing Impact (ILO + World Bank)
Gabon,GAB,Sub-Saharan Africa,Upper middle income,low,2861.239927509363,USD/year,Human Capital,Employment / training income valuation,Wages | VI — Valuing Impact (ILO + World Bank)
Gabon,GAB,Sub-Saharan Africa,Upper middle income,medium,5908.793152623987,USD/year,Human Capital,Employment / training income valuation,Wages | VI — Valuing Impact (ILO + World Bank)
Gabon,GAB,Sub-Saharan Africa,Upper middle income,high,23040.744470517253,USD/year,Human Capital,Employment / training income valuation,Wages | VI — Valuing Impact (ILO + World Bank)
United Kingdom,GBR,Europe & Central Asia,High income,low,27276.555195551296,USD/year,Human Capital,Employment / training income valuation,Wages | VI — Valuing Impact (ILO + World Bank)
United Kingdom,GBR,Europe & Central Asia,High income,medium,46996.57759233503,USD/year,Human Capital,Employment / training income valuation,Wages | VI — Valuing Impact (ILO + World Bank)
United Kingdom,GBR,Europe & Central Asia,High income,high,115539.10558115599,USD/year,Human Capital,Employment / training income valuation,Wages | VI — Valuing Impact (ILO + World Bank)
Georgia,GEO,Europe & Central Asia,Upper middle income,low,2072.7527819086813,USD/year,Human Capital,Employment / training income valuation,Wages | VI — Valuing Impact (ILO + World Bank)
Georgia,GEO,Europe & Central Asia,Upper middle income,medium,4093.426348191516,USD/year,Human Capital,Employment / training income valuation,Wages | VI — Valuing Impact (ILO + World Bank)
Georgia,GEO,Europe & Central Asia,Upper middle income,high,12001.655240976273,USD/year,Human Capital,Employment / training income valuation,Wages | VI — Valuing Impact (ILO + World Bank)
Ghana,GHA,Sub-Saharan Africa,Lower middle income,low,375.96830013890803,USD/year,Human Capital,Employment / training income valuation,Wages | VI — Valuing Impact (ILO + World Bank)
Ghana,GHA,Sub-Saharan Africa,Lower middle income,medium,1014.85149547985,USD/year,Human Capital,Employment / training income valuation,Wages | VI — Valuing Impact (ILO + World Bank)
Ghana,GHA,Sub-Saharan Africa,Lower middle income,high,5297.735138320978,USD/year,Human Capital,Employment / training income valuation,Wages | VI — Valuing Impact (ILO + World Bank)
Gibraltar,GIB,Europe & Central Asia,High income,low,43510.72489639069,USD/year,Human Capital,Employment / training income valuation,Wages | VI — Valuing Impact (ILO + World Bank)
Gibraltar,GIB,Europe & Central Asia,High income,medium,71414.47418198352,USD/year,Human Capital,Employment / training income valuation,Wages | VI — Valuing Impact (ILO + World Bank)
Gibraltar,GIB,Europe & Central Asia,High income,high,161205.98270621605,USD/year,Human Capital,Employment / training income valuation,Wages | VI — Valuing Impact (ILO + World Bank)
Guinea,GIN,Sub-Saharan Africa,Lower middle income,low,714.8752615241426,USD/year,Human Capital,Employment / training income valuation,Wages | VI — Valuing Impact (ILO + World Bank)
Guinea,GIN,Sub-Saharan Africa,Lower middle income,medium,1367.542378463153,USD/year,Human Capital,Employment / training income valuation,Wages | VI — Valuing Impact (ILO + World Bank)
Guinea,GIN,Sub-Saharan Africa,Lower middle income,high,5452.543872886827,USD/year,Human Capital,Employment / training income valuation,Wages | VI — Valuing Impact (ILO + World Bank)
"Gambia, The",GMB,Sub-Saharan Africa,Low income,low,295.66817630406194,USD/year,Human Capital,Employment / training income valuation,Wages | VI — Valuing Impact (ILO + World Bank)
"Gambia, The",GMB,Sub-Saharan Africa,Low income,medium,591.336352608124,USD/year,Human Capital,Employment / training income valuation,Wages | VI — Valuing Impact (ILO + World Bank)
"Gambia, The",GMB,Sub-Saharan Africa,Low income,high,2793.162688092175,USD/year,Human Capital,Employment / training income valuation,Wages | VI — Valuing Impact (ILO + World Bank)
Guinea-Bissau,GNB,Sub-Saharan Africa,Low income,low,202.2977011224648,USD/year,Human Capital,Employment / training income valuation,Wages | VI — Valuing Impact (ILO + World Bank)
Guinea-Bissau,GNB,Sub-Saharan Africa,Low income,medium,394.4395662371622,USD/year,Human Capital,Employment / training income valuation,Wages | VI — Valuing Impact (ILO + World Bank)
Guinea-Bissau,GNB,Sub-Saharan Africa,Low income,high,1836.240671726988,USD/year,Human Capital,Employment / training income valuation,Wages | VI — Valuing Impact (ILO + World Bank)
Equatorial Guinea,GNQ,Sub-Saharan Africa,Upper middle income,low,2011.948748244806,USD/year,Human Capital,Employment / training income valuation,Wages | VI — Valuing Impact (ILO + World Bank)
Equatorial Guinea,GNQ,Sub-Saharan Africa,Upper middle income,medium,6220.617048144655,USD/year,Human Capital,Employment / training income valuation,Wages | VI — Valuing Impact (ILO + World Bank)
Equatorial Guinea,GNQ,Sub-Saharan Africa,Upper middle income,high,29840.484750753327,USD/year,Human Capital,Employment / training income valuation,Wages | VI — Valuing Impact (ILO + World Bank)
Greece,GRC,Europe & Central Asia,High income,low,7483.750248682674,USD/year,Human Capital,Employment / training income valuation,Wages | VI — Valuing Impact (ILO + World Bank)
Greece,GRC,Europe & Central Asia,High income,medium,12937.754071303747,USD/year,Human Capital,Employment / training income valuation,Wages | VI — Valuing Impact (ILO + World Bank)
Greece,GRC,Europe & Central Asia,High income,high,29950.036153442263,USD/year,Human Capital,Employment / training income valuation,Wages | VI — Valuing Impact (ILO + World Bank)
Grenada,GRD,Latin America & Caribbean,Upper middle income,low,6247.213205284078,USD/year,Human Capital,Employment / training income valuation,Wages | VI — Valuing Impact (ILO + World Bank)
Grenada,GRD,Latin America & Caribbean,Upper middle income,medium,12287.128234827203,USD/year,Human Capital,Employment / training income valuation,Wages | VI — Valuing Impact (ILO + World Bank)
Grenada,GRD,Latin America & Caribbean,Upper middle income,high,50222.694395421,USD/year,Human Capital,Employment / training income valuation,Wages | VI — Valuing Impact (ILO + World Bank)
Greenland,GRL,Europe & Central Asia,High income,low,90029.65040800812,USD/year,Human Capital,Employment / training income valuation,Wages | VI — Valuing Impact (ILO + World Bank)
Greenland,GRL,Europe & Central Asia,High income,medium,157564.0609628525,USD/year,Human Capital,Employment / training income valuation,Wages | VI — Valuing Impact (ILO + World Bank)
Greenland,GRL,Europe & Central Asia,High income,high,412412.7306413352,USD/year,Human Capital,Employment / training income valuation,Wages | VI — Valuing Impact (ILO + World Bank)
Guatemala,GTM,Latin America & Caribbean,Upper middle income,low,1339.056375457775,USD/year,Human Capital,Employment / training income valuation,Wages | VI — Valuing Impact (ILO + World Bank)
Guatemala,GTM,Latin America & Caribbean,Upper middle income,medium,2698.5407657966757,USD/year,Human Capital,Employment / training income valuation,Wages | VI — Valuing Impact (ILO + World Bank)
Guatemala,GTM,Latin America & Caribbean,Upper middle income,high,10945.330373307032,USD/year,Human Capital,Employment / training income valuation,Wages | VI — Valuing Impact (ILO + World Bank)
Guam,GUM,East Asia & Pacific,High income,low,22353.81993309316,USD/year,Human Capital,Employment / training income valuation,Wages | VI — Valuing Impact (ILO + World Bank)
Guam,GUM,East Asia & Pacific,High income,medium,37616.493628963035,USD/year,Human Capital,Employment / training income valuation,Wages | VI — Valuing Impact (ILO + World Bank)
Guam,GUM,East Asia & Pacific,High income,high,95854.07713886363,USD/year,Human Capital,Employment / training income valuation,Wages | VI — Valuing Impact (ILO + World Bank)
Guyana,GUY,Latin America & Caribbean,High income,low,12892.549671350976,USD/year,Human Capital,Employment / training income valuation,Wages | VI — Valuing Impact (ILO + World Bank)
Guyana,GUY,Latin America & Caribbean,High income,medium,26686.290403894815,USD/year,Human Capital,Employment / training income valuation,Wages | VI — Valuing Impact (ILO + World Bank)
Guyana,GUY,Latin America & Caribbean,High income,high,92270.92967356327,USD/year,Human Capital,Employment / training income valuation,Wages | VI — Valuing Impact (ILO + World Bank)
"Hong Kong SAR, China",HKG,East Asia & Pacific,High income,low,24375.68532150861,USD/year,Human Capital,Employment / training income valuation,Wages | VI — Valuing Impact (ILO + World Bank)
"Hong Kong SAR, China",HKG,East Asia & Pacific,High income,medium,41569.62626752941,USD/year,Human Capital,Employment / training income valuation,Wages | VI — Valuing Impact (ILO + World Bank)
"Hong Kong SAR, China",HKG,East Asia & Pacific,High income,high,133439.62686690674,USD/year,Human Capital,Employment / training income valuation,Wages | VI — Valuing Impact (ILO + World Bank)
Honduras,HND,Latin America & Caribbean,Lower middle income,low,856.2990246094643,USD/year,Human Capital,Employment / training income valuation,Wages | VI — Valuing Impact (ILO + World Bank)
Honduras,HND,Latin America & Caribbean,Lower middle income,medium,1929.7491120953773,USD/year,Human Capital,Employment / training income valuation,Wages | VI — Valuing Impact (ILO + World Bank)
Honduras,HND,Latin America & Caribbean,Lower middle income,high,7720.444122134019,USD/year,Human Capital,Employment / training income valuation,Wages | VI — Valuing Impact (ILO + World Bank)
Croatia,HRV,Europe & Central Asia,High income,low,7191.811752239568,USD/year,Human Capital,Employment / training income valuation,Wages | VI — Valuing Impact (ILO + World Bank)
Croatia,HRV,Europe & Central Asia,High income,medium,12025.10787210496,USD/year,Human Capital,Employment / training income valuation,Wages | VI — Valuing Impact (ILO + World Bank)
Croatia,HRV,Europe & Central Asia,High income,high,24568.424812731566,USD/year,Human Capital,Employment / training income valuation,Wages | VI — Valuing Impact (ILO + World Bank)
Haiti,HTI,Latin America & Caribbean,Lower middle income,low,415.22387010994896,USD/year,Human Capital,Employment / training income valuation,Wages | VI — Valuing Impact (ILO + World Bank)
Haiti,HTI,Latin America & Caribbean,Lower middle income,medium,1108.3753641221397,USD/year,Human Capital,Employment / training income valuation,Wages | VI — Valuing Impact (ILO + World Bank)
Haiti,HTI,Latin America & Caribbean,Lower middle income,high,7147.186776270047,USD/year,Human Capital,Employment / training income valuation,Wages | VI — Valuing Impact (ILO + World Bank)
Hungary,HUN,Europe & Central Asia,High income,low,7236.145888522346,USD/year,Human Capital,Employment / training income valuation,Wages | VI — Valuing Impact (ILO + World Bank)
Hungary,HUN,Europe & Central Asia,High income,medium,10979.406320389307,USD/year,Human Capital,Employment / training income valuation,Wages | VI — Valuing Impact (ILO + World Bank)
Hungary,HUN,Europe & Central Asia,High income,high,22187.550272453394,USD/year,Human Capital,Employment / training income valuation,Wages | VI — Valuing Impact (ILO + World Bank)
Indonesia,IDN,East Asia & Pacific,Upper middle income,low,1663.6572170796544,USD/year,Human Capital,Employment / training income valuation,Wages | VI — Valuing Impact (ILO + World Bank)
Indonesia,IDN,East Asia & Pacific,Upper middle income,medium,2873.9390262715515,USD/year,Human Capital,Employment / training income valuation,Wages | VI — Valuing Impact (ILO + World Bank)
Indonesia,IDN,East Asia & Pacific,Upper middle income,high,8902.295085389285,USD/year,Human Capital,Employment / training income valuation,Wages | VI — Valuing Impact (ILO + World Bank)
Isle of Man,IMN,Europe & Central Asia,High income,low,113418.84378954163,USD/year,Human Capital,Employment / training income valuation,Wages | VI — Valuing Impact (ILO + World Bank)
Isle of Man,IMN,Europe & Central Asia,High income,medium,186155.18612585875,USD/year,Human Capital,Employment / training income valuation,Wages | VI — Valuing Impact (ILO + World Bank)
Isle of Man,IMN,Europe & Central Asia,High income,high,420213.54997035576,USD/year,Human Capital,Employment / training income valuation,Wages | VI — Valuing Impact (ILO + World Bank)
India,IND,South Asia,Lower middle income,low,653.2386908928083,USD/year,Human Capital,Employment / training income valuation,Wages | VI — Valuing Impact (ILO + World Bank)
India,IND,South Asia,Lower middle income,medium,1377.7397844284683,USD/year,Human Capital,Employment / training income valuation,Wages | VI — Valuing Impact (ILO + World Bank)
India,IND,South Asia,Lower middle income,high,6380.812909655984,USD/year,Human Capital,Employment / training income valuation,Wages | VI — Valuing Impact (ILO + World Bank)
Ireland,IRL,Europe & Central Asia,High income,low,21993.34836469852,USD/year,Human Capital,Employment / training income valuation,Wages | VI — Valuing Impact (ILO + World Bank)
Ireland,IRL,Europe & Central Asia,High income,medium,33568.794872434584,USD/year,Human Capital,Employment / training income valuation,Wages | VI — Valuing Impact (ILO + World Bank)
Ireland,IRL,Europe & Central Asia,High income,high,80723.50854079096,USD/year,Human Capital,Employment / training income valuation,Wages | VI — Valuing Impact (ILO + World Bank)
"Iran, Islamic Rep.",IRN,Middle East & North Africa,Lower middle income,low,2432.88910192189,USD/year,Human Capital,Employment / training income valuation,Wages | VI — Valuing Impact (ILO + World Bank)
"Iran, Islamic Rep.",IRN,Middle East & North Africa,Lower middle income,medium,4744.379826539519,USD/year,Human Capital,Employment / training income valuation,Wages | VI — Valuing Impact (ILO + World Bank)
"Iran, Islamic Rep.",IRN,Middle East & North Africa,Lower middle income,high,16060.67721363136,USD/year,Human Capital,Employment / training income valuation,Wages | VI — Valuing Impact (ILO + World Bank)
Iraq,IRQ,Middle East & North Africa,Upper middle income,low,1575.7106558923458,USD/year,Human Capital,Employment / training income valuation,Wages | VI — Valuing Impact (ILO + World Bank)
Iraq,IRQ,Middle East & North Africa,Upper middle income,medium,2973.002382132882,USD/year,Human Capital,Employment / training income valuation,Wages | VI — Valuing Impact (ILO + World Bank)
Iraq,IRQ,Middle East & North Africa,Upper middle income,high,9097.426076050455,USD/year,Human Capital,Employment / training income valuation,Wages | VI — Valuing Impact (ILO + World Bank)
Iceland,ISL,Europe & Central Asia,High income,low,39369.40677470842,USD/year,Human Capital,Employment / training income valuation,Wages | VI — Valuing Impact (ILO + World Bank)
Iceland,ISL,Europe & Central Asia,High income,medium,58225.366918159845,USD/year,Human Capital,Employment / training income valuation,Wages | VI — Valuing Impact (ILO + World Bank)
Iceland,ISL,Europe & Central Asia,High income,high,118584.13228597044,USD/year,Human Capital,Employment / training income valuation,Wages | VI — Valuing Impact (ILO + World Bank)
Israel,ISR,Middle East & North Africa,High income,low,15303.839413929041,USD/year,Human Capital,Employment / training income valuation,Wages | VI — Valuing Impact (ILO + World Bank)
Israel,ISR,Middle East & North Africa,High income,medium,31641.33402279513,USD/year,Human Capital,Employment / training income valuation,Wages | VI — Valuing Impact (ILO + World Bank)
Israel,ISR,Middle East & North Africa,High income,high,83917.48841859278,USD/year,Human Capital,Employment / training income valuation,Wages | VI — Valuing Impact (ILO + World Bank)
Italy,ITA,Europe & Central Asia,High income,low,11124.297705427623,USD/year,Human Capital,Employment / training income valuation,Wages | VI — Valuing Impact (ILO + World Bank)
Italy,ITA,Europe & Central Asia,High income,medium,21839.425840080898,USD/year,Human Capital,Employment / training income valuation,Wages | VI — Valuing Impact (ILO + World Bank)
Italy,ITA,Europe & Central Asia,High income,high,53230.40384792551,USD/year,Human Capital,Employment / training income valuation,Wages | VI — Valuing Impact (ILO + World Bank)
Jamaica,JAM,Latin America & Caribbean,Upper middle income,low,1622.3574037710205,USD/year,Human Capital,Employment / training income valuation,Wages | VI — Valuing Impact (ILO + World Bank)
Jamaica,JAM,Latin America & Caribbean,Upper middle income,medium,3507.8688431143482,USD/year,Human Capital,Employment / training income valuation,Wages | VI — Valuing Impact (ILO + World Bank)
Jamaica,JAM,Latin America & Caribbean,Upper middle income,high,13471.953685172584,USD/year,Human Capital,Employment / training income valuation,Wages | VI — Valuing Impact (ILO + World Bank)
Jordan,JOR,Middle East & North Africa,Lower middle income,low,1184.136183963885,USD/year,Human Capital,Employment / training income valuation,Wages | VI — Valuing Impact (ILO + World Bank)
Jordan,JOR,Middle East & North Africa,Lower middle income,medium,2130.0270039685693,USD/year,Human Capital,Employment / training income valuation,Wages | VI — Valuing Impact (ILO + World Bank)
Jordan,JOR,Middle East & North Africa,Lower middle income,high,6605.636341202127,USD/year,Human Capital,Employment / training income valuation,Wages | VI — Valuing Impact (ILO + World Bank)
Japan,JPN,East Asia & Pacific,High income,low,11045.345174520888,USD/year,Human Capital,Employment / training income valuation,Wages | VI — Valuing Impact (ILO + World Bank)
Japan,JPN,East Asia & Pacific,High income,medium,17790.79928353486,USD/year,Human Capital,Employment / training income valuation,Wages | VI — Valuing Impact (ILO + World Bank)
Japan,JPN,East Asia & Pacific,High income,high,44321.127157712515,USD/year,Human Capital,Employment / training income valuation,Wages | VI — Valuing Impact (ILO + World Bank)
Kazakhstan,KAZ,Europe & Central Asia,Upper middle income,low,6193.556677990038,USD/year,Human Capital,Employment / training income valuation,Wages | VI — Valuing Impact (ILO + World Bank)
Kazakhstan,KAZ,Europe & Central Asia,Upper middle income,medium,9931.099042000349,USD/year,Human Capital,Employment / training income valuation,Wages | VI — Valuing Impact (ILO + World Bank)
Kazakhstan,KAZ,Europe & Central Asia,Upper middle income,high,23763.27651007988,USD/year,Human Capital,Employment / training income valuation,Wages | VI — Valuing Impact (ILO + World Bank)
Kenya,KEN,Sub-Saharan Africa,Lower middle income,low,323.7894005656988,USD/year,Human Capital,Employment / training income valuation,Wages | VI — Valuing Impact (ILO + World Bank)
Kenya,KEN,Sub-Saharan Africa,Lower middle income,medium,734.1363636588617,USD/year,Human Capital,Employment / training income valuation,Wages | VI — Valuing Impact (ILO + World Bank)
Kenya,KEN,Sub-Saharan Africa,Lower middle income,high,3822.638428064745,USD/year,Human Capital,Employment / training income valuation,Wages | VI — Valuing Impact (ILO + World Bank)
Kyrgyz Republic,KGZ,Europe & Central Asia,Lower middle income,low,1111.9277925343472,USD/year,Human Capital,Employment / training income valuation,Wages | VI — Valuing Impact (ILO + World Bank)
Kyrgyz Republic,KGZ,Europe & Central Asia,Lower middle income,medium,1826.1548067492074,USD/year,Human Capital,Employment / training income valuation,Wages | VI — Valuing Impact (ILO + World Bank)
Kyrgyz Republic,KGZ,Europe & Central Asia,Lower middle income,high,4380.156517381751,USD/year,Human Capital,Employment / training income valuation,Wages | VI — Valuing Impact (ILO + World Bank)
Cambodia,KHM,East Asia & Pacific,Lower middle income,low,562.9341397786077,USD/year,Human Capital,Employment / training income valuation,Wages | VI — Valuing Impact (ILO + World Bank)
Cambodia,KHM,East Asia & Pacific,Lower middle income,medium,886.961754510044,USD/year,Human Capital,Employment / training income valuation,Wages | VI — Valuing Impact (ILO + World Bank)
Cambodia,KHM,East Asia & Pacific,Lower middle income,high,2454.89222649421,USD/year,Human Capital,Employment / training income valuation,Wages | VI — Valuing Impact (ILO + World Bank)
Kiribati,KIR,East Asia & Pacific,Lower middle income,low,1290.0354163020788,USD/year,Human Capital,Employment / training income valuation,Wages | VI — Valuing Impact (ILO + World Bank)
Kiribati,KIR,East Asia & Pacific,Lower middle income,medium,2020.8069238026787,USD/year,Human Capital,Employment / training income valuation,Wages | VI — Valuing Impact (ILO + World Bank)
Kiribati,KIR,East Asia & Pacific,Lower middle income,high,5120.3717872491,USD/year,Human Capital,Employment / training income valuation,Wages | VI — Valuing Impact (ILO + World Bank)
St. Kitts and Nevis,KNA,Latin America & Caribbean,High income,low,8171.0802313277345,USD/year,Human Capital,Employment / training income valuation,Wages | VI — Valuing Impact (ILO + World Bank)
St. Kitts and Nevis,KNA,Latin America & Caribbean,High income,medium,16940.20292986482,USD/year,Human Capital,Employment / training income valuation,Wages | VI — Valuing Impact (ILO + World Bank)
St. Kitts and Nevis,KNA,Latin America & Caribbean,High income,high,70478.00466830177,USD/year,Human Capital,Employment / training income valuation,Wages | VI — Valuing Impact (ILO + World Bank)
"Korea, Rep.",KOR,East Asia & Pacific,High income,low,16597.088356753313,USD/year,Human Capital,Employment / training income valuation,Wages | VI — Valuing Impact (ILO + World Bank)
"Korea, Rep.",KOR,East Asia & Pacific,High income,medium,28501.206902286725,USD/year,Human Capital,Employment / training income valuation,Wages | VI — Valuing Impact (ILO + World Bank)
"Korea, Rep.",KOR,East Asia & Pacific,High income,high,64197.21072769804,USD/year,Human Capital,Employment / training income valuation,Wages | VI — Valuing Impact (ILO + World Bank)
Kuwait,KWT,Middle East & North Africa,High income,low,9459.902538318296,USD/year,Human Capital,Employment / training income valuation,Wages | VI — Valuing Impact (ILO + World Bank)
Kuwait,KWT,Middle East & North Africa,High income,medium,19810.001339354414,USD/year,Human Capital,Employment / training income valuation,Wages | VI — Valuing Impact (ILO + World Bank)
Kuwait,KWT,Middle East & North Africa,High income,high,57336.16210434667,USD/year,Human Capital,Employment / training income valuation,Wages | VI — Valuing Impact (ILO + World Bank)
Lao PDR,LAO,East Asia & Pacific,Lower middle income,low,1104.8347965303742,USD/year,Human Capital,Employment / training income valuation,Wages | VI — Valuing Impact (ILO + World Bank)
Lao PDR,LAO,East Asia & Pacific,Lower middle income,medium,1883.4183766735434,USD/year,Human Capital,Employment / training income valuation,Wages | VI — Valuing Impact (ILO + World Bank)
Lao PDR,LAO,East Asia & Pacific,Lower middle income,high,6219.570001644518,USD/year,Human Capital,Employment / training income valuation,Wages | VI — Valuing Impact (ILO + World Bank)
Lebanon,LBN,Middle East & North Africa,Lower middle income,low,2381.0935926009556,USD/year,Human Capital,Employment / training income valuation,Wages | VI — Valuing Impact (ILO + World Bank)
Lebanon,LBN,Middle East & North Africa,Lower middle income,medium,4199.966703498829,USD/year,Human Capital,Employment / training income valuation,Wages | VI — Valuing Impact (ILO + World Bank)
Lebanon,LBN,Middle East & North Africa,Lower middle income,high,11003.091253787274,USD/year,Human Capital,Employment / training income valuation,Wages | VI — Valuing Impact (ILO + World Bank)
Liberia,LBR,Sub-Saharan Africa,Low income,low,206.50969550699853,USD/year,Human Capital,Employment / training income valuation,Wages | VI — Valuing Impact (ILO + World Bank)
Liberia,LBR,Sub-Saharan Africa,Low income,medium,426.9374833817812,USD/year,Human Capital,Employment / training income valuation,Wages | VI — Valuing Impact (ILO + World Bank)
Liberia,LBR,Sub-Saharan Africa,Low income,high,1945.4013607070403,USD/year,Human Capital,Employment / training income valuation,Wages | VI — Valuing Impact (ILO + World Bank)
Libya,LBY,Middle East & North Africa,Upper middle income,low,4297.022816730993,USD/year,Human Capital,Employment / training income valuation,Wages | VI — Valuing Impact (ILO + World Bank)
Libya,LBY,Middle East & North Africa,Upper middle income,medium,7967.989329037604,USD/year,Human Capital,Employment / training income valuation,Wages | VI — Valuing Impact (ILO + World Bank)
Libya,LBY,Middle East & North Africa,Upper middle income,high,23991.926310874915,USD/year,Human Capital,Employment / training income valuation,Wages | VI — Valuing Impact (ILO + World Bank)
St. Lucia,LCA,Latin America & Caribbean,Upper middle income,low,3848.3449608581213,USD/year,Human Capital,Employment / training income valuation,Wages | VI — Valuing Impact (ILO + World Bank)
St. Lucia,LCA,Latin America & Caribbean,Upper middle income,medium,9009.572949879032,USD/year,Human Capital,Employment / training income valuation,Wages | VI — Valuing Impact (ILO + World Bank)
St. Lucia,LCA,Latin America & Caribbean,Upper middle income,high,38476.50313753273,USD/year,Human Capital,Employment / training income valuation,Wages | VI — Valuing Impact (ILO + World Bank)
Liechtenstein,LIE,Europe & Central Asia,High income,low,91438.50396808027,USD/year,Human Capital,Employment / training income valuation,Wages | VI — Valuing Impact (ILO + World Bank)
Liechtenstein,LIE,Europe & Central Asia,High income,medium,155962.00726369294,USD/year,Human Capital,Employment / training income valuation,Wages | VI — Valuing Impact (ILO + World Bank)
Liechtenstein,LIE,Europe & Central Asia,High income,high,360769.7564885309,USD/year,Human Capital,Employment / training income valuation,Wages | VI — Valuing Impact (ILO + World Bank)
Sri Lanka,LKA,South Asia,Lower middle income,low,642.9184277863422,USD/year,Human Capital,Employment / training income valuation,Wages | VI — Valuing Impact (ILO + World Bank)
Sri Lanka,LKA,South Asia,Lower middle income,medium,1240.9927232431035,USD/year,Human Capital,Employment / training income valuation,Wages | VI — Valuing Impact (ILO + World Bank)
Sri Lanka,LKA,South Asia,Lower middle income,high,4761.714704302261,USD/year,Human Capital,Employment / training income valuation,Wages | VI — Valuing Impact (ILO + World Bank)
Lesotho,LSO,Sub-Saharan Africa,Lower middle income,low,266.1016669956308,USD/year,Human Capital,Employment / training income valuation,Wages | VI — Valuing Impact (ILO + World Bank)
Lesotho,LSO,Sub-Saharan Africa,Lower middle income,medium,741.7583967503208,USD/year,Human Capital,Employment / training income valuation,Wages | VI — Valuing Impact (ILO + World Bank)
Lesotho,LSO,Sub-Saharan Africa,Lower middle income,high,4074.6817758705965,USD/year,Human Capital,Employment / training income valuation,Wages | VI — Valuing Impact (ILO + World Bank)
Lithuania,LTU,Europe & Central Asia,High income,low,7971.966548481574,USD/year,Human Capital,Employment / training income valuation,Wages | VI — Valuing Impact (ILO + World Bank)
Lithuania,LTU,Europe & Central Asia,High income,medium,13832.830369762478,USD/year,Human Capital,Employment / training income valuation,Wages | VI — Valuing Impact (ILO + World Bank)
Lithuania,LTU,Europe & Central Asia,High income,high,36271.80935726641,USD/year,Human Capital,Employment / training income valuation,Wages | VI — Valuing Impact (ILO + World Bank)
Luxembourg,LUX,Europe & Central Asia,High income,low,41207.53715307612,USD/year,Human Capital,Employment / training income valuation,Wages | VI — Valuing Impact (ILO + World Bank)
Luxembourg,LUX,Europe & Central Asia,High income,medium,73036.65468569905,USD/year,Human Capital,Employment / training income valuation,Wages | VI — Valuing Impact (ILO + World Bank)
Luxembourg,LUX,Europe & Central Asia,High income,high,184560.2200779748,USD/year,Human Capital,Employment / training income valuation,Wages | VI — Valuing Impact (ILO + World Bank)
Latvia,LVA,Europe & Central Asia,High income,low,7656.137100740423,USD/year,Human Capital,Employment / training income valuation,Wages | VI — Valuing Impact (ILO + World Bank)
Latvia,LVA,Europe & Central Asia,High income,medium,13105.387684713893,USD/year,Human Capital,Employment / training income valuation,Wages | VI — Valuing Impact (ILO + World Bank)
Latvia,LVA,Europe & Central Asia,High income,high,33655.01938069602,USD/year,Human Capital,Employment / training income valuation,Wages | VI — Valuing Impact (ILO + World Bank)
"Macao SAR, China",MAC,East Asia & Pacific,High income,low,32339.165533704334,USD/year,Human Capital,Employment / training income valuation,Wages | VI — Valuing Impact (ILO + World Bank)
"Macao SAR, China",MAC,East Asia & Pacific,High income,medium,53390.88806506466,USD/year,Human Capital,Employment / training income valuation,Wages | VI — Valuing Impact (ILO + World Bank)
"Macao SAR, China",MAC,East Asia & Pacific,High income,high,131697.52389382618,USD/year,Human Capital,Employment / training income valuation,Wages | VI — Valuing Impact (ILO + World Bank)
St. Martin (French part),MAF,Latin America & Caribbean,High income,low,1252548.053296295,USD/year,Human Capital,Employment / training income valuation,Wages | VI — Valuing Impact (ILO + World Bank)
St. Martin (French part),MAF,Latin America & Caribbean,High income,medium,2649808.3330434645,USD/year,Human Capital,Employment / training income valuation,Wages | VI — Valuing Impact (ILO + World Bank)
St. Martin (French part),MAF,Latin America & Caribbean,High income,high,10725825.288473284,USD/year,Human Capital,Employment / training income valuation,Wages | VI — Valuing Impact (ILO + World Bank)
Morocco,MAR,Middle East & North Africa,Lower middle income,low,883.5847906584802,USD/year,Human Capital,Employment / training income valuation,Wages | VI — Valuing Impact (ILO + World Bank)
Morocco,MAR,Middle East & North Africa,Lower middle income,medium,1625.4360566537287,USD/year,Human Capital,Employment / training income valuation,Wages | VI — Valuing Impact (ILO + World Bank)
Morocco,MAR,Middle East & North Africa,Lower middle income,high,5466.864522724652,USD/year,Human Capital,Employment / training income valuation,Wages | VI — Valuing Impact (ILO + World Bank)
Monaco,MCO,Europe & Central Asia,High income,low,118937.32102191179,USD/year,Human Capital,Employment / training income valuation,Wages | VI — Valuing Impact (ILO + World Bank)
Monaco,MCO,Europe & Central Asia,High income,medium,202865.34140605573,USD/year,Human Capital,Employment / training income valuation,Wages | VI — Valuing Impact (ILO + World Bank)
Monaco,MCO,Europe & Central Asia,High income,high,469266.08026583836,USD/year,Human Capital,Employment / training income valuation,Wages | VI — Valuing Impact (ILO + World Bank)
Moldova,MDA,Europe & Central Asia,Upper middle income,low,2004.719871188639,USD/year,Human Capital,Employment / training income valuation,Wages | VI — Valuing Impact (ILO + World Bank)
Moldova,MDA,Europe & Central Asia,Upper middle income,medium,3218.819540250424,USD/year,Human Capital,Employment / training income valuation,Wages | VI — Valuing Impact (ILO + World Bank)
Moldova,MDA,Europe & Central Asia,Upper middle income,high,7269.574352572573,USD/year,Human Capital,Employment / training income valuation,Wages | VI — Valuing Impact (ILO + World Bank)
Madagascar,MDG,Sub-Saharan Africa,Low income,low,94.26972493295241,USD/year,Human Capital,Employment / training income valuation,Wages | VI — Valuing Impact (ILO + World Bank)
Madagascar,MDG,Sub-Saharan Africa,Low income,medium,212.93637660838735,USD/year,Human Capital,Employment / training income valuation,Wages | VI — Valuing Impact (ILO + World Bank)
Madagascar,MDG,Sub-Saharan Africa,Low income,high,1185.69063968465,USD/year,Human Capital,Employment / training income valuation,Wages | VI — Valuing Impact (ILO + World Bank)
Maldives,MDV,South Asia,Upper middle income,low,4166.519774392114,USD/year,Human Capital,Employment / training income valuation,Wages | VI — Valuing Impact (ILO + World Bank)
Maldives,MDV,South Asia,Upper middle income,medium,7861.572416848926,USD/year,Human Capital,Employment / training income valuation,Wages | VI — Valuing Impact (ILO + World Bank)
Maldives,MDV,South Asia,Upper middle income,high,28685.650798473318,USD/year,Human Capital,Employment / training income valuation,Wages | VI — Valuing Impact (ILO + World Bank)
Mexico,MEX,Latin America & Caribbean,Upper middle income,low,2318.692864346794,USD/year,Human Capital,Employment / training income valuation,Wages | VI — Valuing Impact (ILO + World Bank)
Mexico,MEX,Latin America & Caribbean,Upper middle income,medium,4390.954603014219,USD/year,Human Capital,Employment / training income valuation,Wages | VI — Valuing Impact (ILO + World Bank)
Mexico,MEX,Latin America & Caribbean,Upper middle income,high,16363.666825956048,USD/year,Human Capital,Employment / training income valuation,Wages | VI — Valuing Impact (ILO + World Bank)
Marshall Islands,MHL,East Asia & Pacific,Upper middle income,low,2264.6778473091363,USD/year,Human Capital,Employment / training income valuation,Wages | VI — Valuing Impact (ILO + World Bank)
Marshall Islands,MHL,East Asia & Pacific,Upper middle income,medium,4174.266833541928,USD/year,Human Capital,Employment / training income valuation,Wages | VI — Valuing Impact (ILO + World Bank)
Marshall Islands,MHL,East Asia & Pacific,Upper middle income,high,11612.720901126408,USD/year,Human Capital,Employment / training income valuation,Wages | VI — Valuing Impact (ILO + World Bank)
North Macedonia,MKD,Europe & Central Asia,Upper middle income,low,2014.7001370015541,USD/year,Human Capital,Employment / training income valuation,Wages | VI — Valuing Impact (ILO + World Bank)
North Macedonia,MKD,Europe & Central Asia,Upper middle income,medium,3865.4632178873508,USD/year,Human Capital,Employment / training income valuation,Wages | VI — Valuing Impact (ILO + World Bank)
North Macedonia,MKD,Europe & Central Asia,Upper middle income,high,8436.287190378029,USD/year,Human Capital,Employment / training income valuation,Wages | VI — Valuing Impact (ILO + World Bank)
Mali,MLI,Sub-Saharan Africa,Low income,low,286.986042439847,USD/year,Human Capital,Employment / training income valuation,Wages | VI — Valuing Impact (ILO + World Bank)
Mali,MLI,Sub-Saharan Africa,Low income,medium,539.080164826217,USD/year,Human Capital,Employment / training income valuation,Wages | VI — Valuing Impact (ILO + World Bank)
Mali,MLI,Sub-Saharan Africa,Low income,high,1622.1253632861383,USD/year,Human Capital,Employment / training income valuation,Wages | VI — Valuing Impact (ILO + World Bank)
Malta,MLT,Middle East & North Africa,High income,low,12770.604778091409,USD/year,Human Capital,Employment / training income valuation,Wages | VI — Valuing Impact (ILO + World Bank)
Malta,MLT,Middle East & North Africa,High income,medium,20459.52277775514,USD/year,Human Capital,Employment / training income valuation,Wages | VI — Valuing Impact (ILO + World Bank)
Malta,MLT,Middle East & North Africa,High income,high,47630.2518472105,USD/year,Human Capital,Employment / training income valuation,Wages | VI — Valuing Impact (ILO + World Bank)
Myanmar,MMR,East Asia & Pacific,Lower middle income,low,634.7487096550199,USD/year,Human Capital,Employment / training income valuation,Wages | VI — Valuing Impact (ILO + World Bank)
Myanmar,MMR,East Asia & Pacific,Lower middle income,medium,1012.7881826085126,USD/year,Human Capital,Employment / training income valuation,Wages | VI — Valuing Impact (ILO + World Bank)
Myanmar,MMR,East Asia & Pacific,Lower middle income,high,2753.5577827288184,USD/year,Human Capital,Employment / training income valuation,Wages | VI — Valuing Impact (ILO + World Bank)
Montenegro,MNE,Europe & Central Asia,Upper middle income,low,3166.931183690017,USD/year,Human Capital,Employment / training income valuation,Wages | VI — Valuing Impact (ILO + World Bank)
Montenegro,MNE,Europe & Central Asia,Upper middle income,medium,5920.559765919673,USD/year,Human Capital,Employment / training income valuation,Wages | VI — Valuing Impact (ILO + World Bank)
Montenegro,MNE,Europe & Central Asia,Upper middle income,high,14055.73263799778,USD/year,Human Capital,Employment / training income valuation,Wages | VI — Valuing Impact (ILO + World Bank)
Mongolia,MNG,East Asia & Pacific,Lower middle income,low,1481.9613305817024,USD/year,Human Capital,Employment / training income valuation,Wages | VI — Valuing Impact (ILO + World Bank)
Mongolia,MNG,East Asia & Pacific,Lower middle income,medium,2501.106930115429,USD/year,Human Capital,Employment / training income valuation,Wages | VI — Valuing Impact (ILO + World Bank)
Mongolia,MNG,East Asia & Pacific,Lower middle income,high,6937.481009578731,USD/year,Human Capital,Employment / training income valuation,Wages | VI — Valuing Impact (ILO + World Bank)
Northern Mariana Islands,MNP,East Asia & Pacific,High income,low,128471.50348347373,USD/year,Human Capital,Employment / training income valuation,Wages | VI — Valuing Impact (ILO + World Bank)
Northern Mariana Islands,MNP,East Asia & Pacific,High income,medium,216188.88882320374,USD/year,Human Capital,Employment / training income valuation,Wages | VI — Valuing Impact (ILO + World Bank)
Northern Mariana Islands,MNP,East Asia & Pacific,High income,high,550890.9636880432,USD/year,Human Capital,Employment / training income valuation,Wages | VI — Valuing Impact (ILO + World Bank)
Mozambique,MOZ,Sub-Saharan Africa,Low income,low,157.27488508802682,USD/year,Human Capital,Employment / training income valuation,Wages | VI — Valuing Impact (ILO + World Bank)
Mozambique,MOZ,Sub-Saharan Africa,Low income,medium,366.9747318720625,USD/year,Human Capital,Employment / training income valuation,Wages | VI — Valuing Impact (ILO + World Bank)
Mozambique,MOZ,Sub-Saharan Africa,Low income,high,2259.9794712082216,USD/year,Human Capital,Employment / training income valuation,Wages | VI — Valuing Impact (ILO + World Bank)
Mauritania,MRT,Sub-Saharan Africa,Lower middle income,low,1161.232812374643,USD/year,Human Capital,Employment / training income valuation,Wages | VI — Valuing Impact (ILO + World Bank)
Mauritania,MRT,Sub-Saharan Africa,Lower middle income,medium,2416.7695633338512,USD/year,Human Capital,Employment / training income valuation,Wages | VI — Valuing Impact (ILO + World Bank)
Mauritania,MRT,Sub-Saharan Africa,Lower middle income,high,10051.690395013627,USD/year,Human Capital,Employment / training income valuation,Wages | VI — Valuing Impact (ILO + World Bank)
Mauritius,MUS,Sub-Saharan Africa,Upper middle income,low,2238.997374116178,USD/year,Human Capital,Employment / training income valuation,Wages | VI — Valuing Impact (ILO + World Bank)
Mauritius,MUS,Sub-Saharan Africa,Upper middle income,medium,3689.044420027073,USD/year,Human Capital,Employment / training income valuation,Wages | VI — Valuing Impact (ILO + World Bank)
Mauritius,MUS,Sub-Saharan Africa,Upper middle income,high,17397.44617018685,USD/year,Human Capital,Employment / training income valuation,Wages | VI — Valuing Impact (ILO + World Bank)
Malawi,MWI,Sub-Saharan Africa,Low income,low,175.23834118394532,USD/year,Human Capital,Employment / training income valuation,Wages | VI — Valuing Impact (ILO + World Bank)
Malawi,MWI,Sub-Saharan Africa,Low income,medium,357.9868969900598,USD/year,Human Capital,Employment / training income valuation,Wages | VI — Valuing Impact (ILO + World Bank)
Malawi,MWI,Sub-Saharan Africa,Low income,high,1828.1114092796586,USD/year,Human Capital,Employment / training income valuation,Wages | VI — Valuing Impact (ILO + World Bank)
Malaysia,MYS,East Asia & Pacific,Upper middle income,low,2927.9850572716778,USD/year,Human Capital,Employment / training income valuation,Wages | VI — Valuing Impact (ILO + World Bank)
Malaysia,MYS,East Asia & Pacific,Upper middle income,medium,5447.670690727834,USD/year,Human Capital,Employment / training income valuation,Wages | VI — Valuing Impact (ILO + World Bank)
Malaysia,MYS,East Asia & Pacific,Upper middle income,high,17387.670057441235,USD/year,Human Capital,Employment / training income valuation,Wages | VI — Valuing Impact (ILO + World Bank)
Namibia,NAM,Sub-Saharan Africa,Upper middle income,low,1369.3058515128116,USD/year,Human Capital,Employment / training income valuation,Wages | VI — Valuing Impact (ILO + World Bank)
Namibia,NAM,Sub-Saharan Africa,Upper middle income,medium,3590.712305269486,USD/year,Human Capital,Employment / training income valuation,Wages | VI — Valuing Impact (ILO + World Bank)
Namibia,NAM,Sub-Saharan Africa,Upper middle income,high,26232.808773265697,USD/year,Human Capital,Employment / training income valuation,Wages | VI — Valuing Impact (ILO + World Bank)
New Caledonia,NCL,East Asia & Pacific,High income,low,11549.886703681923,USD/year,Human Capital,Employment / training income valuation,Wages | VI — Valuing Impact (ILO + World Bank)
New Caledonia,NCL,East Asia & Pacific,High income,medium,19435.883482317095,USD/year,Human Capital,Employment / training income valuation,Wages | VI — Valuing Impact (ILO + World Bank)
New Caledonia,NCL,East Asia & Pacific,High income,high,49526.377789277896,USD/year,Human Capital,Employment / training income valuation,Wages | VI — Valuing Impact (ILO + World Bank)
Niger,NER,Sub-Saharan Africa,Low income,low,116.30301999911566,USD/year,Human Capital,Employment / training income valuation,Wages | VI — Valuing Impact (ILO + World Bank)
Niger,NER,Sub-Saharan Africa,Low income,medium,222.8979415008093,USD/year,Human Capital,Employment / training income valuation,Wages | VI — Valuing Impact (ILO + World Bank)
Niger,NER,Sub-Saharan Africa,Low income,high,1126.3335876709014,USD/year,Human Capital,Employment / training income valuation,Wages | VI — Valuing Impact (ILO + World Bank)
Nigeria,NGA,Sub-Saharan Africa,Lower middle income,low,1347.567622732939,USD/year,Human Capital,Employment / training income valuation,Wages | VI — Valuing Impact (ILO + World Bank)
Nigeria,NGA,Sub-Saharan Africa,Lower middle income,medium,2221.7807957084215,USD/year,Human Capital,Employment / training income valuation,Wages | VI — Valuing Impact (ILO + World Bank)
Nigeria,NGA,Sub-Saharan Africa,Lower middle income,high,6180.616058694955,USD/year,Human Capital,Employment / training income valuation,Wages | VI — Valuing Impact (ILO + World Bank)
Nicaragua,NIC,Latin America & Caribbean,Lower middle income,low,835.4681202254944,USD/year,Human Capital,Employment / training income valuation,Wages | VI — Valuing Impact (ILO + World Bank)
Nicaragua,NIC,Latin America & Caribbean,Lower middle income,medium,1753.156912600165,USD/year,Human Capital,Employment / training income valuation,Wages | VI — Valuing Impact (ILO + World Bank)
Nicaragua,NIC,Latin America & Caribbean,Lower middle income,high,7234.093009254083,USD/year,Human Capital,Employment / training income valuation,Wages | VI — Valuing Impact (ILO + World Bank)
Netherlands,NLD,Europe & Central Asia,High income,low,26474.3999187545,USD/year,Human Capital,Employment / training income valuation,Wages | VI — Valuing Impact (ILO + World Bank)
Netherlands,NLD,Europe & Central Asia,High income,medium,41461.035867350314,USD/year,Human Capital,Employment / training income valuation,Wages | VI — Valuing Impact (ILO + World Bank)
Netherlands,NLD,Europe & Central Asia,High income,high,91376.68388737459,USD/year,Human Capital,Employment / training income valuation,Wages | VI — Valuing Impact (ILO + World Bank)
Norway,NOR,Europe & Central Asia,High income,low,28894.047636654373,USD/year,Human Capital,Employment / training income valuation,Wages | VI — Valuing Impact (ILO + World Bank)
Norway,NOR,Europe & Central Asia,High income,medium,44990.9052648904,USD/year,Human Capital,Employment / training income valuation,Wages | VI — Valuing Impact (ILO + World Bank)
Norway,NOR,Europe & Central Asia,High income,high,91336.80711890744,USD/year,Human Capital,Employment / training income valuation,Wages | VI — Valuing Impact (ILO + World Bank)
Nepal,NPL,South Asia,Lower middle income,low,754.0554130836497,USD/year,Human Capital,Employment / training income valuation,Wages | VI — Valuing Impact (ILO + World Bank)
Nepal,NPL,South Asia,Lower middle income,medium,1477.8589745279849,USD/year,Human Capital,Employment / training income valuation,Wages | VI — Valuing Impact (ILO + World Bank)
Nepal,NPL,South Asia,Lower middle income,high,5915.917653910357,USD/year,Human Capital,Employment / training income valuation,Wages | VI — Valuing Impact (ILO + World Bank)
Nauru,NRU,East Asia & Pacific,High income,low,5850.554902809323,USD/year,Human Capital,Employment / training income valuation,Wages | VI — Valuing Impact (ILO + World Bank)
Nauru,NRU,East Asia & Pacific,High income,medium,9394.015354561381,USD/year,Human Capital,Employment / training income valuation,Wages | VI — Valuing Impact (ILO + World Bank)
Nauru,NRU,East Asia & Pacific,High income,high,25395.78584202268,USD/year,Human Capital,Employment / training income valuation,Wages | VI — Valuing Impact (ILO + World Bank)
New Zealand,NZL,East Asia & Pacific,High income,low,16031.891086166797,USD/year,Human Capital,Employment / training income valuation,Wages | VI — Valuing Impact (ILO + World Bank)
New Zealand,NZL,East Asia & Pacific,High income,medium,27069.00585902705,USD/year,Human Capital,Employment / training income valuation,Wages | VI — Valuing Impact (ILO + World Bank)
New Zealand,NZL,East Asia & Pacific,High income,high,71452.11887122745,USD/year,Human Capital,Employment / training income valuation,Wages | VI — Valuing Impact (ILO + World Bank)
Oman,OMN,Middle East & North Africa,High income,low,4611.019885220547,USD/year,Human Capital,Employment / training income valuation,Wages | VI — Valuing Impact (ILO + World Bank)
Oman,OMN,Middle East & North Africa,High income,medium,8646.36776518712,USD/year,Human Capital,Employment / training income valuation,Wages | VI — Valuing Impact (ILO + World Bank)
Oman,OMN,Middle East & North Africa,High income,high,26272.09004369846,USD/year,Human Capital,Employment / training income valuation,Wages | VI — Valuing Impact (ILO + World Bank)
Pakistan,PAK,South Asia,Lower middle income,low,472.72288249314084,USD/year,Human Capital,Employment / training income valuation,Wages | VI — Valuing Impact (ILO + World Bank)
Pakistan,PAK,South Asia,Lower middle income,medium,834.6953345411645,USD/year,Human Capital,Employment / training income valuation,Wages | VI — Valuing Impact (ILO + World Bank)
Pakistan,PAK,South Asia,Lower middle income,high,3218.01956937422,USD/year,Human Capital,Employment / training income valuation,Wages | VI — Valuing Impact (ILO + World Bank)
Panama,PAN,Latin America & Caribbean,High income,low,2497.072515610428,USD/year,Human Capital,Employment / training income valuation,Wages | VI — Valuing Impact (ILO + World Bank)
Panama,PAN,Latin America & Caribbean,High income,medium,5861.121383837859,USD/year,Human Capital,Employment / training income valuation,Wages | VI — Valuing Impact (ILO + World Bank)
Panama,PAN,Latin America & Caribbean,High income,high,24871.38411570025,USD/year,Human Capital,Employment / training income valuation,Wages | VI — Valuing Impact (ILO + World Bank)
Peru,PER,Latin America & Caribbean,Upper middle income,low,1301.9090207378417,USD/year,Human Capital,Employment / training income valuation,Wages | VI — Valuing Impact (ILO + World Bank)
Peru,PER,Latin America & Caribbean,Upper middle income,medium,3135.6147770652087,USD/year,Human Capital,Employment / training income valuation,Wages | VI — Valuing Impact (ILO + World Bank)
Peru,PER,Latin America & Caribbean,Upper middle income,high,11414.873498774332,USD/year,Human Capital,Employment / training income valuation,Wages | VI — Valuing Impact (ILO + World Bank)
Philippines,PHL,East Asia & Pacific,Lower middle income,low,944.9935961725828,USD/year,Human Capital,Employment / training income valuation,Wages | VI — Valuing Impact (ILO + World Bank)
Philippines,PHL,East Asia & Pacific,Lower middle income,medium,1645.35910522146,USD/year,Human Capital,Employment / training income valuation,Wages | VI — Valuing Impact (ILO + World Bank)
Philippines,PHL,East Asia & Pacific,Lower middle income,high,5787.571234306508,USD/year,Human Capital,Employment / training income valuation,Wages | VI — Valuing Impact (ILO + World Bank)
Palau,PLW,East Asia & Pacific,Upper middle income,low,5551.331856376432,USD/year,Human Capital,Employment / training income valuation,Wages | VI — Valuing Impact (ILO + World Bank)
Palau,PLW,East Asia & Pacific,Upper middle income,medium,9060.255731818232,USD/year,Human Capital,Employment / training income valuation,Wages | VI — Valuing Impact (ILO + World Bank)
Palau,PLW,East Asia & Pacific,Upper middle income,high,33194.152004895026,USD/year,Human Capital,Employment / training income valuation,Wages | VI — Valuing Impact (ILO + World Bank)
Papua New Guinea,PNG,East Asia & Pacific,Lower middle income,low,479.8192357986608,USD/year,Human Capital,Employment / training income valuation,Wages | VI — Valuing Impact (ILO + World Bank)
Papua New Guinea,PNG,East Asia & Pacific,Lower middle income,medium,947.4911491720391,USD/year,Human Capital,Employment / training income valuation,Wages | VI — Valuing Impact (ILO + World Bank)
Papua New Guinea,PNG,East Asia & Pacific,Lower middle income,high,3098.2065512062763,USD/year,Human Capital,Employment / training income valuation,Wages | VI — Valuing Impact (ILO + World Bank)
Poland,POL,Europe & Central Asia,High income,low,6604.151409537779,USD/year,Human Capital,Employment / training income valuation,Wages | VI — Valuing Impact (ILO + World Bank)
Poland,POL,Europe & Central Asia,High income,medium,11396.030801419198,USD/year,Human Capital,Employment / training income valuation,Wages | VI — Valuing Impact (ILO + World Bank)
Poland,POL,Europe & Central Asia,High income,high,25294.415847858567,USD/year,Human Capital,Employment / training income valuation,Wages | VI — Valuing Impact (ILO + World Bank)
Puerto Rico,PRI,Latin America & Caribbean,High income,low,15498.293242027134,USD/year,Human Capital,Employment / training income valuation,Wages | VI — Valuing Impact (ILO + World Bank)
Puerto Rico,PRI,Latin America & Caribbean,High income,medium,38768.59194465784,USD/year,Human Capital,Employment / training income valuation,Wages | VI — Valuing Impact (ILO + World Bank)
Puerto Rico,PRI,Latin America & Caribbean,High income,high,171136.51239721212,USD/year,Human Capital,Employment / training income valuation,Wages | VI — Valuing Impact (ILO + World Bank)
"Korea, Dem. People's Rep.",PRK,East Asia & Pacific,Low income,low,39.285489575020904,USD/year,Human Capital,Employment / training income valuation,Wages | VI — Valuing Impact (ILO + World Bank)
"Korea, Dem. People's Rep.",PRK,East Asia & Pacific,Low income,medium,39.285489575020904,USD/year,Human Capital,Employment / training income valuation,Wages | VI — Valuing Impact (ILO + World Bank)
"Korea, Dem. People's Rep.",PRK,East Asia & Pacific,Low income,high,39.285489575020904,USD/year,Human Capital,Employment / training income valuation,Wages | VI — Valuing Impact (ILO + World Bank)
Portugal,PRT,Europe & Central Asia,High income,low,9459.48222229553,USD/year,Human Capital,Employment / training income valuation,Wages | VI — Valuing Impact (ILO + World Bank)
Portugal,PRT,Europe & Central Asia,High income,medium,15576.489919193327,USD/year,Human Capital,Employment / training income valuation,Wages | VI — Valuing Impact (ILO + World Bank)
Portugal,PRT,Europe & Central Asia,High income,high,38080.0022531385,USD/year,Human Capital,Employment / training income valuation,Wages | VI — Valuing Impact (ILO + World Bank)
Paraguay,PRY,Latin America & Caribbean,Upper middle income,low,1151.234279214706,USD/year,Human Capital,Employment / training income valuation,Wages | VI — Valuing Impact (ILO + World Bank)
Paraguay,PRY,Latin America & Caribbean,Upper middle income,medium,2438.115137617679,USD/year,Human Capital,Employment / training income valuation,Wages | VI — Valuing Impact (ILO + World Bank)
Paraguay,PRY,Latin America & Caribbean,Upper middle income,high,9091.844093385002,USD/year,Human Capital,Employment / training income valuation,Wages | VI — Valuing Impact (ILO + World Bank)
West Bank and Gaza,PSE,Middle East & North Africa,Upper middle income,low,1735.6278056272743,USD/year,Human Capital,Employment / training income valuation,Wages | VI — Valuing Impact (ILO + World Bank)
West Bank and Gaza,PSE,Middle East & North Africa,Upper middle income,medium,3964.849917646231,USD/year,Human Capital,Employment / training income valuation,Wages | VI — Valuing Impact (ILO + World Bank)
West Bank and Gaza,PSE,Middle East & North Africa,Upper middle income,high,13133.900674422159,USD/year,Human Capital,Employment / training income valuation,Wages | VI — Valuing Impact (ILO + World Bank)
French Polynesia,PYF,East Asia & Pacific,High income,low,11809.922868923746,USD/year,Human Capital,Employment / training income valuation,Wages | VI — Valuing Impact (ILO + World Bank)
French Polynesia,PYF,East Asia & Pacific,High income,medium,19873.46635550818,USD/year,Human Capital,Employment / training income valuation,Wages | VI — Valuing Impact (ILO + World Bank)
French Polynesia,PYF,East Asia & Pacific,High income,high,50641.423303493735,USD/year,Human Capital,Employment / training income valuation,Wages | VI — Valuing Impact (ILO + World Bank)
Qatar,QAT,Middle East & North Africa,High income,low,12199.78992084286,USD/year,Human Capital,Employment / training income valuation,Wages | VI — Valuing Impact (ILO + World Bank)
Qatar,QAT,Middle East & North Africa,High income,medium,22294.569969288525,USD/year,Human Capital,Employment / training income valuation,Wages | VI — Valuing Impact (ILO + World Bank)
Qatar,QAT,Middle East & North Africa,High income,high,54809.69101713451,USD/year,Human Capital,Employment / training income valuation,Wages | VI — Valuing Impact (ILO + World Bank)
Romania,ROU,Europe & Central Asia,High income,low,3993.0405827972468,USD/year,Human Capital,Employment / training income valuation,Wages | VI — Valuing Impact (ILO + World Bank)
Romania,ROU,Europe & Central Asia,High income,medium,8095.417131352774,USD/year,Human Capital,Employment / training income valuation,Wages | VI — Valuing Impact (ILO + World Bank)
Romania,ROU,Europe & Central Asia,High income,high,18445.88855647011,USD/year,Human Capital,Employment / training income valuation,Wages | VI — Valuing Impact (ILO + World Bank)
Russian Federation,RUS,Europe & Central Asia,Upper middle income,low,4039.357977993368,USD/year,Human Capital,Employment / training income valuation,Wages | VI — Valuing Impact (ILO + World Bank)
Russian Federation,RUS,Europe & Central Asia,Upper middle income,medium,7002.701577192552,USD/year,Human Capital,Employment / training income valuation,Wages | VI — Valuing Impact (ILO + World Bank)
Russian Federation,RUS,Europe & Central Asia,Upper middle income,high,18219.07546174313,USD/year,Human Capital,Employment / training income valuation,Wages | VI — Valuing Impact (ILO + World Bank)
Rwanda,RWA,Sub-Saharan Africa,Low income,low,157.8440415756595,USD/year,Human Capital,Employment / training income valuation,Wages | VI — Valuing Impact (ILO + World Bank)
Rwanda,RWA,Sub-Saharan Africa,Low income,medium,340.3208288592247,USD/year,Human Capital,Employment / training income valuation,Wages | VI — Valuing Impact (ILO + World Bank)
Rwanda,RWA,Sub-Saharan Africa,Low income,high,2001.0864736922415,USD/year,Human Capital,Employment / training income valuation,Wages | VI — Valuing Impact (ILO + World Bank)
Saudi Arabia,SAU,Middle East & North Africa,High income,low,9078.504414736984,USD/year,Human Capital,Employment / training income valuation,Wages | VI — Valuing Impact (ILO + World Bank)
Saudi Arabia,SAU,Middle East & North Africa,High income,medium,16590.560428016368,USD/year,Human Capital,Employment / training income valuation,Wages | VI — Valuing Impact (ILO + World Bank)
Saudi Arabia,SAU,Middle East & North Africa,High income,high,40786.76969833002,USD/year,Human Capital,Employment / training income valuation,Wages | VI — Valuing Impact (ILO + World Bank)
Sudan,SDN,Sub-Saharan Africa,Low income,low,456.791460481642,USD/year,Human Capital,Employment / training income valuation,Wages | VI — Valuing Impact (ILO + World Bank)
Sudan,SDN,Sub-Saharan Africa,Low income,medium,900.124593704726,USD/year,Human Capital,Employment / training income valuation,Wages | VI — Valuing Impact (ILO + World Bank)
Sudan,SDN,Sub-Saharan Africa,Low income,high,4654.206232533056,USD/year,Human Capital,Employment / training income valuation,Wages | VI — Valuing Impact (ILO + World Bank)
Senegal,SEN,Sub-Saharan Africa,Lower middle income,low,350.1777467446473,USD/year,Human Capital,Employment / training income valuation,Wages | VI — Valuing Impact (ILO + World Bank)
Senegal,SEN,Sub-Saharan Africa,Lower middle income,medium,730.2905457488548,USD/year,Human Capital,Employment / training income valuation,Wages | VI — Valuing Impact (ILO + World Bank)
Senegal,SEN,Sub-Saharan Africa,Lower middle income,high,3640.2270841469385,USD/year,Human Capital,Employment / training income valuation,Wages | VI — Valuing Impact (ILO + World Bank)
Singapore,SGP,East Asia & Pacific,High income,low,24516.819463329535,USD/year,Human Capital,Employment / training income valuation,Wages | VI — Valuing Impact (ILO + World Bank)
Singapore,SGP,East Asia & Pacific,High income,medium,51584.153305158885,USD/year,Human Capital,Employment / training income valuation,Wages | VI — Valuing Impact (ILO + World Bank)
Singapore,SGP,East Asia & Pacific,High income,high,144040.2995257774,USD/year,Human Capital,Employment / training income valuation,Wages | VI — Valuing Impact (ILO + World Bank)
Solomon Islands,SLB,East Asia & Pacific,Lower middle income,low,797.6670177908711,USD/year,Human Capital,Employment / training income valuation,Wages | VI — Valuing Impact (ILO + World Bank)
Solomon Islands,SLB,East Asia & Pacific,Lower middle income,medium,1382.9293311325303,USD/year,Human Capital,Employment / training income valuation,Wages | VI — Valuing Impact (ILO + World Bank)
Solomon Islands,SLB,East Asia & Pacific,Lower middle income,high,4277.518117306205,USD/year,Human Capital,Employment / training income valuation,Wages | VI — Valuing Impact (ILO + World Bank)
Sierra Leone,SLE,Sub-Saharan Africa,Low income,low,165.65193830315357,USD/year,Human Capital,Employment / training income valuation,Wages | VI — Valuing Impact (ILO + World Bank)
Sierra Leone,SLE,Sub-Saharan Africa,Low income,medium,313.13559950209026,USD/year,Human Capital,Employment / training income valuation,Wages | VI — Valuing Impact (ILO + World Bank)
Sierra Leone,SLE,Sub-Saharan Africa,Low income,high,1521.5932074781604,USD/year,Human Capital,Employment / training income valuation,Wages | VI — Valuing Impact (ILO + World Bank)
El Salvador,SLV,Latin America & Caribbean,Upper middle income,low,1389.2148720940581,USD/year,Human Capital,Employment / training income valuation,Wages | VI — Valuing Impact (ILO + World Bank)
El Salvador,SLV,Latin America & Caribbean,Upper middle income,medium,2760.186607325423,USD/year,Human Capital,Employment / training income valuation,Wages | VI — Valuing Impact (ILO + World Bank)
El Salvador,SLV,Latin America & Caribbean,Upper middle income,high,8754.881380406283,USD/year,Human Capital,Employment / training income valuation,Wages | VI — Valuing Impact (ILO + World Bank)
San Marino,SMR,Europe & Central Asia,High income,low,1076896.7657088807,USD/year,Human Capital,Employment / training income valuation,Wages | VI — Valuing Impact (ILO + World Bank)
San Marino,SMR,Europe & Central Asia,High income,medium,1836808.0612338788,USD/year,Human Capital,Employment / training income valuation,Wages | VI — Valuing Impact (ILO + World Bank)
San Marino,SMR,Europe & Central Asia,High income,high,4248886.0498385085,USD/year,Human Capital,Employment / training income valuation,Wages | VI — Valuing Impact (ILO + World Bank)
Somalia,SOM,Sub-Saharan Africa,Low income,low,356.7015621872626,USD/year,Human Capital,Employment / training income valuation,Wages | VI — Valuing Impact (ILO + World Bank)
Somalia,SOM,Sub-Saharan Africa,Low income,medium,891.9414457216725,USD/year,Human Capital,Employment / training income valuation,Wages | VI — Valuing Impact (ILO + World Bank)
Somalia,SOM,Sub-Saharan Africa,Low income,high,4363.686618808216,USD/year,Human Capital,Employment / training income valuation,Wages | VI — Valuing Impact (ILO + World Bank)
Serbia,SRB,Europe & Central Asia,Upper middle income,low,3848.6190647455146,USD/year,Human Capital,Employment / training income valuation,Wages | VI — Valuing Impact (ILO + World Bank)
Serbia,SRB,Europe & Central Asia,Upper middle income,medium,6202.662295379094,USD/year,Human Capital,Employment / training income valuation,Wages | VI — Valuing Impact (ILO + World Bank)
Serbia,SRB,Europe & Central Asia,Upper middle income,high,12653.845283728298,USD/year,Human Capital,Employment / training income valuation,Wages | VI — Valuing Impact (ILO + World Bank)
South Sudan,SSD,Sub-Saharan Africa,Low income,low,12.056399887543176,USD/year,Human Capital,Employment / training income valuation,Wages | VI — Valuing Impact (ILO + World Bank)
South Sudan,SSD,Sub-Saharan Africa,Low income,medium,36.02116746755737,USD/year,Human Capital,Employment / training income valuation,Wages | VI — Valuing Impact (ILO + World Bank)
South Sudan,SSD,Sub-Saharan Africa,Low income,high,202.44225077200733,USD/year,Human Capital,Employment / training income valuation,Wages | VI — Valuing Impact (ILO + World Bank)
São Tomé and Príncipe,STP,Sub-Saharan Africa,Lower middle income,low,1296.9175820864855,USD/year,Human Capital,Employment / training income valuation,Wages | VI — Valuing Impact (ILO + World Bank)
São Tomé and Príncipe,STP,Sub-Saharan Africa,Lower middle income,medium,2858.9716418994276,USD/year,Human Capital,Employment / training income valuation,Wages | VI — Valuing Impact (ILO + World Bank)
São Tomé and Príncipe,STP,Sub-Saharan Africa,Lower middle income,high,14995.218716699097,USD/year,Human Capital,Employment / training income valuation,Wages | VI — Valuing Impact (ILO + World Bank)
Suriname,SUR,Latin America & Caribbean,Upper middle income,low,1462.8393118051417,USD/year,Human Capital,Employment / training income valuation,Wages | VI — Valuing Impact (ILO + World Bank)
Suriname,SUR,Latin America & Caribbean,Upper middle income,medium,4890.8666001836755,USD/year,Human Capital,Employment / training income valuation,Wages | VI — Valuing Impact (ILO + World Bank)
Suriname,SUR,Latin America & Caribbean,Upper middle income,high,24317.694164101413,USD/year,Human Capital,Employment / training income valuation,Wages | VI — Valuing Impact (ILO + World Bank)
Slovak Republic,SVK,Europe & Central Asia,High income,low,16735.24008092245,USD/year,Human Capital,Employment / training income valuation,Wages | VI — Valuing Impact (ILO + World Bank)
Slovak Republic,SVK,Europe & Central Asia,High income,medium,25636.963528221622,USD/year,Human Capital,Employment / training income valuation,Wages | VI — Valuing Impact (ILO + World Bank)
Slovak Republic,SVK,Europe & Central Asia,High income,high,44260.0408081562,USD/year,Human Capital,Employment / training income valuation,Wages | VI — Valuing Impact (ILO + World Bank)
Slovenia,SVN,Europe & Central Asia,High income,low,14193.205914438648,USD/year,Human Capital,Employment / training income valuation,Wages | VI — Valuing Impact (ILO + World Bank)
Slovenia,SVN,Europe & Central Asia,High income,medium,21242.96660791395,USD/year,Human Capital,Employment / training income valuation,Wages | VI — Valuing Impact (ILO + World Bank)
Slovenia,SVN,Europe & Central Asia,High income,high,40916.71738040316,USD/year,Human Capital,Employment / training income valuation,Wages | VI — Valuing Impact (ILO + World Bank)
Sweden,SWE,Europe & Central Asia,High income,low,20750.419111776388,USD/year,Human Capital,Employment / training income valuation,Wages | VI — Valuing Impact (ILO + World Bank)
Sweden,SWE,Europe & Central Asia,High income,medium,32700.479234598224,USD/year,Human Capital,Employment / training income valuation,Wages | VI — Valuing Impact (ILO + World Bank)
Sweden,SWE,Europe & Central Asia,High income,high,70910.58493022996,USD/year,Human Capital,Employment / training income valuation,Wages | VI — Valuing Impact (ILO + World Bank)
Eswatini,SWZ,Sub-Saharan Africa,Lower middle income,low,368.7779655140705,USD/year,Human Capital,Employment / training income valuation,Wages | VI — Valuing Impact (ILO + World Bank)
Eswatini,SWZ,Sub-Saharan Africa,Lower middle income,medium,1077.8711676602531,USD/year,Human Capital,Employment / training income valuation,Wages | VI — Valuing Impact (ILO + World Bank)
Eswatini,SWZ,Sub-Saharan Africa,Lower middle income,high,8505.405895900023,USD/year,Human Capital,Employment / training income valuation,Wages | VI — Valuing Impact (ILO + World Bank)
Sint Maarten (Dutch part),SXM,Latin America & Caribbean,High income,low,14286.475557579635,USD/year,Human Capital,Employment / training income valuation,Wages | VI — Valuing Impact (ILO + World Bank)
Sint Maarten (Dutch part),SXM,Latin America & Caribbean,High income,medium,29618.580193359212,USD/year,Human Capital,Employment / training income valuation,Wages | VI — Valuing Impact (ILO + World Bank)
Sint Maarten (Dutch part),SXM,Latin America & Caribbean,High income,high,123225.11375917138,USD/year,Human Capital,Employment / training income valuation,Wages | VI — Valuing Impact (ILO + World Bank)
Seychelles,SYC,Sub-Saharan Africa,High income,low,9935.831637483738,USD/year,Human Capital,Employment / training income valuation,Wages | VI — Valuing Impact (ILO + World Bank)
Seychelles,SYC,Sub-Saharan Africa,High income,medium,17781.503570740715,USD/year,Human Capital,Employment / training income valuation,Wages | VI — Valuing Impact (ILO + World Bank)
Seychelles,SYC,Sub-Saharan Africa,High income,high,39480.79441317217,USD/year,Human Capital,Employment / training income valuation,Wages | VI — Valuing Impact (ILO + World Bank)
Syrian Arab Republic,SYR,Middle East & North Africa,Low income,low,561.4238907806656,USD/year,Human Capital,Employment / training income valuation,Wages | VI — Valuing Impact (ILO + World Bank)
Syrian Arab Republic,SYR,Middle East & North Africa,Low income,medium,928.6666866309232,USD/year,Human Capital,Employment / training income valuation,Wages | VI — Valuing Impact (ILO + World Bank)
Syrian Arab Republic,SYR,Middle East & North Africa,Low income,high,2528.4607829306883,USD/year,Human Capital,Employment / training income valuation,Wages | VI — Valuing Impact (ILO + World Bank)
Turks and Caicos Islands,TCA,Latin America & Caribbean,High income,low,11027.862439980618,USD/year,Human Capital,Employment / training income valuation,Wages | VI — Valuing Impact (ILO + World Bank)
Turks and Caicos Islands,TCA,Latin America & Caribbean,High income,medium,22862.85562338066,USD/year,Human Capital,Employment / training income valuation,Wages | VI — Valuing Impact (ILO + World Bank)
Turks and Caicos Islands,TCA,Latin America & Caribbean,High income,high,95118.6034799283,USD/year,Human Capital,Employment / training income valuation,Wages | VI — Valuing Impact (ILO + World Bank)
Chad,TCD,Sub-Saharan Africa,Low income,low,265.7828388750116,USD/year,Human Capital,Employment / training income valuation,Wages | VI — Valuing Impact (ILO + World Bank)
Chad,TCD,Sub-Saharan Africa,Low income,medium,542.2808491682971,USD/year,Human Capital,Employment / training income valuation,Wages | VI — Valuing Impact (ILO + World Bank)
Chad,TCD,Sub-Saharan Africa,Low income,high,2687.178640895823,USD/year,Human Capital,Employment / training income valuation,Wages | VI — Valuing Impact (ILO + World Bank)
Togo,TGO,Sub-Saharan Africa,Low income,low,166.67375423881498,USD/year,Human Capital,Employment / training income valuation,Wages | VI — Valuing Impact (ILO + World Bank)
Togo,TGO,Sub-Saharan Africa,Low income,medium,380.5225981269096,USD/year,Human Capital,Employment / training income valuation,Wages | VI — Valuing Impact (ILO + World Bank)
Togo,TGO,Sub-Saharan Africa,Low income,high,2094.435230164339,USD/year,Human Capital,Employment / training income valuation,Wages | VI — Valuing Impact (ILO + World Bank)
Thailand,THA,East Asia & Pacific,Upper middle income,low,1811.0407751671019,USD/year,Human Capital,Employment / training income valuation,Wages | VI — Valuing Impact (ILO + World Bank)
Thailand,THA,East Asia & Pacific,Upper middle income,medium,3331.3948670221625,USD/year,Human Capital,Employment / training income valuation,Wages | VI — Valuing Impact (ILO + World Bank)
Thailand,THA,East Asia & Pacific,Upper middle income,high,9147.21980436594,USD/year,Human Capital,Employment / training income valuation,Wages | VI — Valuing Impact (ILO + World Bank)
Tajikistan,TJK,Europe & Central Asia,Lower middle income,low,383.1392772442007,USD/year,Human Capital,Employment / training income valuation,Wages | VI — Valuing Impact (ILO + World Bank)
Tajikistan,TJK,Europe & Central Asia,Lower middle income,medium,695.036276041223,USD/year,Human Capital,Employment / training income valuation,Wages | VI — Valuing Impact (ILO + World Bank)
Tajikistan,TJK,Europe & Central Asia,Lower middle income,high,1810.317182684552,USD/year,Human Capital,Employment / training income valuation,Wages | VI — Valuing Impact (ILO + World Bank)
Turkmenistan,TKM,Europe & Central Asia,Upper middle income,low,5262.022311084184,USD/year,Human Capital,Employment / training income valuation,Wages | VI — Valuing Impact (ILO + World Bank)
Turkmenistan,TKM,Europe & Central Asia,Upper middle income,medium,10030.52161707302,USD/year,Human Capital,Employment / training income valuation,Wages | VI — Valuing Impact (ILO + World Bank)
Turkmenistan,TKM,Europe & Central Asia,Upper middle income,high,31338.710823554607,USD/year,Human Capital,Employment / training income valuation,Wages | VI — Valuing Impact (ILO + World Bank)
Timor-Leste,TLS,East Asia & Pacific,Lower middle income,low,258.8927972875,USD/year,Human Capital,Employment / training income valuation,Wages | VI — Valuing Impact (ILO + World Bank)
Timor-Leste,TLS,East Asia & Pacific,Lower middle income,medium,402.44352508129543,USD/year,Human Capital,Employment / training income valuation,Wages | VI — Valuing Impact (ILO + World Bank)
Timor-Leste,TLS,East Asia & Pacific,Lower middle income,high,1052.3710123153874,USD/year,Human Capital,Employment / training income valuation,Wages | VI — Valuing Impact (ILO + World Bank)
Tonga,TON,East Asia & Pacific,Upper middle income,low,1382.876473784181,USD/year,Human Capital,Employment / training income valuation,Wages | VI — Valuing Impact (ILO + World Bank)
Tonga,TON,East Asia & Pacific,Upper middle income,medium,2560.882358859594,USD/year,Human Capital,Employment / training income valuation,Wages | VI — Valuing Impact (ILO + World Bank)
Tonga,TON,East Asia & Pacific,Upper middle income,high,7547.168138884274,USD/year,Human Capital,Employment / training income valuation,Wages | VI — Valuing Impact (ILO + World Bank)
Trinidad and Tobago,TTO,Latin America & Caribbean,High income,low,4619.087868999289,USD/year,Human Capital,Employment / training income valuation,Wages | VI — Valuing Impact (ILO + World Bank)
Trinidad and Tobago,TTO,Latin America & Caribbean,High income,medium,9057.378106762495,USD/year,Human Capital,Employment / training income valuation,Wages | VI — Valuing Impact (ILO + World Bank)
Trinidad and Tobago,TTO,Latin America & Caribbean,High income,high,26769.713786245877,USD/year,Human Capital,Employment / training income valuation,Wages | VI — Valuing Impact (ILO + World Bank)
Tunisia,TUN,Middle East & North Africa,Lower middle income,low,1118.8579915936918,USD/year,Human Capital,Employment / training income valuation,Wages | VI — Valuing Impact (ILO + World Bank)
Tunisia,TUN,Middle East & North Africa,Lower middle income,medium,2027.0132863199185,USD/year,Human Capital,Employment / training income valuation,Wages | VI — Valuing Impact (ILO + World Bank)
Tunisia,TUN,Middle East & North Africa,Lower middle income,high,6137.04943660807,USD/year,Human Capital,Employment / training income valuation,Wages | VI — Valuing Impact (ILO + World Bank)
Türkiye,TUR,Europe & Central Asia,Upper middle income,low,2038.578901642043,USD/year,Human Capital,Employment / training income valuation,Wages | VI — Valuing Impact (ILO + World Bank)
Türkiye,TUR,Europe & Central Asia,Upper middle income,medium,3867.506928419681,USD/year,Human Capital,Employment / training income valuation,Wages | VI — Valuing Impact (ILO + World Bank)
Türkiye,TUR,Europe & Central Asia,Upper middle income,high,13955.575999197696,USD/year,Human Capital,Employment / training income valuation,Wages | VI — Valuing Impact (ILO + World Bank)
Tuvalu,TUV,East Asia & Pacific,Upper middle income,low,1797.6069646303172,USD/year,Human Capital,Employment / training income valuation,Wages | VI — Valuing Impact (ILO + World Bank)
Tuvalu,TUV,East Asia & Pacific,Upper middle income,medium,3401.5398661982967,USD/year,Human Capital,Employment / training income valuation,Wages | VI — Valuing Impact (ILO + World Bank)
Tuvalu,TUV,East Asia & Pacific,Upper middle income,high,10340.414056604117,USD/year,Human Capital,Employment / training income valuation,Wages | VI — Valuing Impact (ILO + World Bank)
"Taiwan, China",TWN,East Asia & Pacific,High income,low,334.71319869174994,USD/year,Human Capital,Employment / training income valuation,Wages | VI — Valuing Impact (ILO + World Bank)
"Taiwan, China",TWN,East Asia & Pacific,High income,medium,532.0345986824103,USD/year,Human Capital,Employment / training income valuation,Wages | VI — Valuing Impact (ILO + World Bank)
"Taiwan, China",TWN,East Asia & Pacific,High income,high,1278.6044190024847,USD/year,Human Capital,Employment / training income valuation,Wages | VI — Valuing Impact (ILO + World Bank)
Tanzania,TZA,Sub-Saharan Africa,Lower middle income,low,376.9688759609547,USD/year,Human Capital,Employment / training income valuation,Wages | VI — Valuing Impact (ILO + World Bank)
Tanzania,TZA,Sub-Saharan Africa,Lower middle income,medium,777.7389437188871,USD/year,Human Capital,Employment / training income valuation,Wages | VI — Valuing Impact (ILO + World Bank)
Tanzania,TZA,Sub-Saharan Africa,Lower middle income,high,4206.510632589371,USD/year,Human Capital,Employment / training income valuation,Wages | VI — Valuing Impact (ILO + World Bank)
Uganda,UGA,Sub-Saharan Africa,Low income,low,204.77810667468145,USD/year,Human Capital,Employment / training income valuation,Wages | VI — Valuing Impact (ILO + World Bank)
Uganda,UGA,Sub-Saharan Africa,Low income,medium,446.2636685236764,USD/year,Human Capital,Employment / training income valuation,Wages | VI — Valuing Impact (ILO + World Bank)
Uganda,UGA,Sub-Saharan Africa,Low income,high,2510.130024616539,USD/year,Human Capital,Employment / training income valuation,Wages | VI — Valuing Impact (ILO + World Bank)
Ukraine,UKR,Europe & Central Asia,Lower middle income,low,1476.161428647935,USD/year,Human Capital,Employment / training income valuation,Wages | VI — Valuing Impact (ILO + World Bank)
Ukraine,UKR,Europe & Central Asia,Lower middle income,medium,2361.040845267071,USD/year,Human Capital,Employment / training income valuation,Wages | VI — Valuing Impact (ILO + World Bank)
Ukraine,UKR,Europe & Central Asia,Lower middle income,high,5220.720438005434,USD/year,Human Capital,Employment / training income valuation,Wages | VI — Valuing Impact (ILO + World Bank)
Uruguay,URY,Latin America & Caribbean,High income,low,5907.21130533222,USD/year,Human Capital,Employment / training income valuation,Wages | VI — Valuing Impact (ILO + World Bank)
Uruguay,URY,Latin America & Caribbean,High income,medium,11178.031025172377,USD/year,Human Capital,Employment / training income valuation,Wages | VI — Valuing Impact (ILO + World Bank)
Uruguay,URY,Latin America & Caribbean,High income,high,35098.867679844676,USD/year,Human Capital,Employment / training income valuation,Wages | VI — Valuing Impact (ILO + World Bank)
United States,USA,North America,High income,low,36747.76102776751,USD/year,Human Capital,Employment / training income valuation,Wages | VI — Valuing Impact (ILO + World Bank)
United States,USA,North America,High income,medium,72967.4680107206,USD/year,Human Capital,Employment / training income valuation,Wages | VI — Valuing Impact (ILO + World Bank)
United States,USA,North America,High income,high,225671.09678841938,USD/year,Human Capital,Employment / training income valuation,Wages | VI — Valuing Impact (ILO + World Bank)
Uzbekistan,UZB,Europe & Central Asia,Lower middle income,low,1403.0107513210803,USD/year,Human Capital,Employment / training income valuation,Wages | VI — Valuing Impact (ILO + World Bank)
Uzbekistan,UZB,Europe & Central Asia,Lower middle income,medium,2481.1137497046475,USD/year,Human Capital,Employment / training income valuation,Wages | VI — Valuing Impact (ILO + World Bank)
Uzbekistan,UZB,Europe & Central Asia,Lower middle income,high,6830.835724437481,USD/year,Human Capital,Employment / training income valuation,Wages | VI — Valuing Impact (ILO + World Bank)
St. Vincent and the Grenadines,VCT,Latin America & Caribbean,Upper middle income,low,3771.7507231581667,USD/year,Human Capital,Employment / training income valuation,Wages | VI — Valuing Impact (ILO + World Bank)
St. Vincent and the Grenadines,VCT,Latin America & Caribbean,Upper middle income,medium,8054.626544314403,USD/year,Human Capital,Employment / training income valuation,Wages | VI — Valuing Impact (ILO + World Bank)
St. Vincent and the Grenadines,VCT,Latin America & Caribbean,Upper middle income,high,31008.255945216206,USD/year,Human Capital,Employment / training income valuation,Wages | VI — Valuing Impact (ILO + World Bank)
"Venezuela, RB",VEN,Latin America & Caribbean,Lower middle income,low,1850.6773031506002,USD/year,Human Capital,Employment / training income valuation,Wages | VI — Valuing Impact (ILO + World Bank)
"Venezuela, RB",VEN,Latin America & Caribbean,Lower middle income,medium,3400.3794047507567,USD/year,Human Capital,Employment / training income valuation,Wages | VI — Valuing Impact (ILO + World Bank)
"Venezuela, RB",VEN,Latin America & Caribbean,Lower middle income,high,9389.99937319434,USD/year,Human Capital,Employment / training income valuation,Wages | VI — Valuing Impact (ILO + World Bank)
British Virgin Islands,VGB,Latin America & Caribbean,High income,low,4003673.4504063735,USD/year,Human Capital,Employment / training income valuation,Wages | VI — Valuing Impact (ILO + World Bank)
British Virgin Islands,VGB,Latin America & Caribbean,High income,medium,8300376.302115362,USD/year,Human Capital,Employment / training income valuation,Wages | VI — Valuing Impact (ILO + World Bank)
British Virgin Islands,VGB,Latin America & Caribbean,High income,high,34532877.9230755,USD/year,Human Capital,Employment / training income valuation,Wages | VI — Valuing Impact (ILO + World Bank)
Virgin Islands (U.S.),VIR,Latin America & Caribbean,High income,low,273810.77112569916,USD/year,Human Capital,Employment / training income valuation,Wages | VI — Valuing Impact (ILO + World Bank)
Virgin Islands (U.S.),VIR,Latin America & Caribbean,High income,medium,579256.0701336252,USD/year,Human Capital,Employment / training income valuation,Wages | VI — Valuing Impact (ILO + World Bank)
Virgin Islands (U.S.),VIR,Latin America & Caribbean,High income,high,2344697.662870162,USD/year,Human Capital,Employment / training income valuation,Wages | VI — Valuing Impact (ILO + World Bank)
Vietnam,VNM,East Asia & Pacific,Lower middle income,low,1777.6364043862145,USD/year,Human Capital,Employment / training income valuation,Wages | VI — Valuing Impact (ILO + World Bank)
Vietnam,VNM,East Asia & Pacific,Lower middle income,medium,3178.347143789378,USD/year,Human Capital,Employment / training income valuation,Wages | VI — Valuing Impact (ILO + World Bank)
Vietnam,VNM,East Asia & Pacific,Lower middle income,high,8514.201088705702,USD/year,Human Capital,Employment / training income valuation,Wages | VI — Valuing Impact (ILO + World Bank)
Vanuatu,VUT,East Asia & Pacific,Lower middle income,low,2266.2122437266657,USD/year,Human Capital,Employment / training income valuation,Wages | VI — Valuing Impact (ILO + World Bank)
Vanuatu,VUT,East Asia & Pacific,Lower middle income,medium,3977.483625181537,USD/year,Human Capital,Employment / training income valuation,Wages | VI — Valuing Impact (ILO + World Bank)
Vanuatu,VUT,East Asia & Pacific,Lower middle income,high,10521.874322545382,USD/year,Human Capital,Employment / training income valuation,Wages | VI — Valuing Impact (ILO + World Bank)
Samoa,WSM,East Asia & Pacific,Lower middle income,low,1279.4491658602212,USD/year,Human Capital,Employment / training income valuation,Wages | VI — Valuing Impact (ILO + World Bank)
Samoa,WSM,East Asia & Pacific,Lower middle income,medium,2198.2784846195,USD/year,Human Capital,Employment / training income valuation,Wages | VI — Valuing Impact (ILO + World Bank)
Samoa,WSM,East Asia & Pacific,Lower middle income,high,7183.8478707900385,USD/year,Human Capital,Employment / training income valuation,Wages | VI — Valuing Impact (ILO + World Bank)
Kosovo,XKX,Europe & Central Asia,Upper middle income,low,1178.8264157349317,USD/year,Human Capital,Employment / training income valuation,Wages | VI — Valuing Impact (ILO + World Bank)
Kosovo,XKX,Europe & Central Asia,Upper middle income,medium,2620.724263229919,USD/year,Human Capital,Employment / training income valuation,Wages | VI — Valuing Impact (ILO + World Bank)
Kosovo,XKX,Europe & Central Asia,Upper middle income,high,7762.272245983406,USD/year,Human Capital,Employment / training income valuation,Wages | VI — Valuing Impact (ILO + World Bank)
"Yemen, Rep.",YEM,Middle East & North Africa,Low income,low,17352.119310059417,USD/year,Human Capital,Employment / training income valuation,Wages | VI — Valuing Impact (ILO + World Bank)
"Yemen, Rep.",YEM,Middle East & North Africa,Low income,medium,31067.382352646342,USD/year,Human Capital,Employment / training income valuation,Wages | VI — Valuing Impact (ILO + World Bank)
"Yemen, Rep.",YEM,Middle East & North Africa,Low income,high,95400.69858686309,USD/year,Human Capital,Employment / training income valuation,Wages | VI — Valuing Impact (ILO + World Bank)
South Africa,ZAF,Sub-Saharan Africa,Upper middle income,low,672.2075818144212,USD/year,Human Capital,Employment / training income valuation,Wages | VI — Valuing Impact (ILO + World Bank)
South Africa,ZAF,Sub-Saharan Africa,Upper middle income,medium,1872.1295269224067,USD/year,Human Capital,Employment / training income valuation,Wages | VI — Valuing Impact (ILO + World Bank)
South Africa,ZAF,Sub-Saharan Africa,Upper middle income,high,17864.387660256903,USD/year,Human Capital,Employment / training income valuation,Wages | VI — Valuing Impact (ILO + World Bank)
Zambia,ZMB,Sub-Saharan Africa,Lower middle income,low,114.84515049606225,USD/year,Human Capital,Employment / training income valuation,Wages | VI — Valuing Impact (ILO + World Bank)
Zambia,ZMB,Sub-Saharan Africa,Lower middle income,medium,392.4449054875421,USD/year,Human Capital,Employment / training income valuation,Wages | VI — Valuing Impact (ILO + World Bank)
Zambia,ZMB,Sub-Saharan Africa,Lower middle income,high,3180.8209746174844,USD/year,Human Capital,Employment / training income valuation,Wages | VI — Valuing Impact (ILO + World Bank)
Zimbabwe,ZWE,Sub-Saharan Africa,Lower middle income,low,347.0052175911575,USD/year,Human Capital,Employment / training income valuation,Wages | VI — Valuing Impact (ILO + World Bank)
Zimbabwe,ZWE,Sub-Saharan Africa,Lower middle income,medium,792.6130106726985,USD/year,Human Capital,Employment / training income valuation,Wages | VI — Valuing Impact (ILO + World Bank)
Zimbabwe,ZWE,Sub-Saharan Africa,Lower middle income,high,4720.7879219395945,USD/year,Human Capital,Employment / training income valuation,Wages | VI — Valuing Impact (ILO + World Bank)
