country,country_code,region,income_group,che_per_capita_usd,risk_factor_key,risk_category,risk_factor_label,daly_per_capita,unit,capital,pathway,source
Aruba,ABW,Latin America & Caribbean,High income,0.0,diet_processed_meat,Diet,Diet high in processed meat,0.0,DALY/capita,Human Capital,Health and well-being,"HEALTH | VI — IHME GBD 2019, Valuing Impact"
Aruba,ABW,Latin America & Caribbean,High income,0.0,diet_red_meat,Diet,Diet high in red meat,0.0,DALY/capita,Human Capital,Health and well-being,"HEALTH | VI — IHME GBD 2019, Valuing Impact"
Aruba,ABW,Latin America & Caribbean,High income,0.0,diet_sodium,Diet,Diet high in sodium,0.0,DALY/capita,Human Capital,Health and well-being,"HEALTH | VI — IHME GBD 2019, Valuing Impact"
Aruba,ABW,Latin America & Caribbean,High income,0.0,diet_sugary_beverages,Diet,Diet high in sugar-sweetened beverages,0.0,DALY/capita,Human Capital,Health and well-being,"HEALTH | VI — IHME GBD 2019, Valuing Impact"
Aruba,ABW,Latin America & Caribbean,High income,0.0,diet_trans_fats,Diet,Diet high in trans fats,0.0,DALY/capita,Human Capital,Health and well-being,"HEALTH | VI — IHME GBD 2019, Valuing Impact"
Aruba,ABW,Latin America & Caribbean,High income,0.0,diet_low_vegetables,Diet,Diet low in vegetables,0.0,DALY/capita,Human Capital,Health and well-being,"HEALTH | VI — IHME GBD 2019, Valuing Impact"
Aruba,ABW,Latin America & Caribbean,High income,0.0,diet_low_whole_grains,Diet,Diet low in whole grains,0.0,DALY/capita,Human Capital,Health and well-being,"HEALTH | VI — IHME GBD 2019, Valuing Impact"
Aruba,ABW,Latin America & Caribbean,High income,0.0,diet_risks_total,Diet,Dietary risks — aggregate,0.0,DALY/capita,Human Capital,Health and well-being,"HEALTH | VI — IHME GBD 2019, Valuing Impact"
Afghanistan,AFG,South Asia,Low income,81.32,wash_handwashing_diarrheal,WASH,No handwashing facility — diarrheal disease,0.0028414218932941997,DALY/capita,Human Capital,Health and well-being,"HEALTH | VI — IHME GBD 2019, Valuing Impact"
Afghanistan,AFG,South Asia,Low income,81.32,wash_sanitation_diarrheal,WASH,Unsafe sanitation — diarrheal disease,0.00727569502278751,DALY/capita,Human Capital,Health and well-being,"HEALTH | VI — IHME GBD 2019, Valuing Impact"
Afghanistan,AFG,South Asia,Low income,81.32,wash_water_diarrheal,WASH,Unsafe water source — diarrheal disease,0.010524462566044598,DALY/capita,Human Capital,Health and well-being,"HEALTH | VI — IHME GBD 2019, Valuing Impact"
Afghanistan,AFG,South Asia,Low income,81.32,wash_handwashing_respiratory,WASH,No handwashing — lower respiratory infections,0.00574038942242162,DALY/capita,Human Capital,Health and well-being,"HEALTH | VI — IHME GBD 2019, Valuing Impact"
Afghanistan,AFG,South Asia,Low income,81.32,ohs_secondhand_smoke,OHS,Second-hand smoke — all causes,0.00754340745842915,DALY/capita,Human Capital,Health and well-being,"HEALTH | VI — IHME GBD 2019, Valuing Impact"
Afghanistan,AFG,South Asia,Low income,81.32,ohs_occupational_pm,OHS,Occupational PM/gases/fumes — all causes,0.00038119098770245303,DALY/capita,Human Capital,Health and well-being,"HEALTH | VI — IHME GBD 2019, Valuing Impact"
Afghanistan,AFG,South Asia,Low income,81.32,ohs_occupational_injuries,OHS,Occupational injuries — all causes,0.0049535052949229,DALY/capita,Human Capital,Health and well-being,"HEALTH | VI — IHME GBD 2019, Valuing Impact"
Afghanistan,AFG,South Asia,Low income,81.32,diet_processed_meat,Diet,Diet high in processed meat,0.00033897898072255,DALY/capita,Human Capital,Health and well-being,"HEALTH | VI — IHME GBD 2019, Valuing Impact"
Afghanistan,AFG,South Asia,Low income,81.32,diet_red_meat,Diet,Diet high in red meat,0.0021157523313809303,DALY/capita,Human Capital,Health and well-being,"HEALTH | VI — IHME GBD 2019, Valuing Impact"
Afghanistan,AFG,South Asia,Low income,81.32,diet_sodium,Diet,Diet high in sodium,0.00114228819753075,DALY/capita,Human Capital,Health and well-being,"HEALTH | VI — IHME GBD 2019, Valuing Impact"
Afghanistan,AFG,South Asia,Low income,81.32,diet_sugary_beverages,Diet,Diet high in sugar-sweetened beverages,0.000816802927283132,DALY/capita,Human Capital,Health and well-being,"HEALTH | VI — IHME GBD 2019, Valuing Impact"
Afghanistan,AFG,South Asia,Low income,81.32,diet_trans_fats,Diet,Diet high in trans fats,0.0021760687562972,DALY/capita,Human Capital,Health and well-being,"HEALTH | VI — IHME GBD 2019, Valuing Impact"
Afghanistan,AFG,South Asia,Low income,81.32,diet_low_vegetables,Diet,Diet low in vegetables,0.0043671626380426,DALY/capita,Human Capital,Health and well-being,"HEALTH | VI — IHME GBD 2019, Valuing Impact"
Afghanistan,AFG,South Asia,Low income,81.32,diet_low_whole_grains,Diet,Diet low in whole grains,0.00851025336942286,DALY/capita,Human Capital,Health and well-being,"HEALTH | VI — IHME GBD 2019, Valuing Impact"
Afghanistan,AFG,South Asia,Low income,81.32,diet_risks_total,Diet,Dietary risks — aggregate,0.024437850407606803,DALY/capita,Human Capital,Health and well-being,"HEALTH | VI — IHME GBD 2019, Valuing Impact"
Afghanistan,AFG,South Asia,Low income,81.32,smoking,Lifestyle,Smoking — all causes,0.00931252754980005,DALY/capita,Human Capital,Health and well-being,"HEALTH | VI — IHME GBD 2019, Valuing Impact"
Angola,AGO,Sub-Saharan Africa,Lower middle income,64.16,wash_handwashing_diarrheal,WASH,No handwashing facility — diarrheal disease,0.00965170085329582,DALY/capita,Human Capital,Health and well-being,"HEALTH | VI — IHME GBD 2019, Valuing Impact"
Angola,AGO,Sub-Saharan Africa,Lower middle income,64.16,wash_sanitation_diarrheal,WASH,Unsafe sanitation — diarrheal disease,0.0161247509881676,DALY/capita,Human Capital,Health and well-being,"HEALTH | VI — IHME GBD 2019, Valuing Impact"
Angola,AGO,Sub-Saharan Africa,Lower middle income,64.16,wash_water_diarrheal,WASH,Unsafe water source — diarrheal disease,0.025857662574309402,DALY/capita,Human Capital,Health and well-being,"HEALTH | VI — IHME GBD 2019, Valuing Impact"
Angola,AGO,Sub-Saharan Africa,Lower middle income,64.16,wash_handwashing_respiratory,WASH,No handwashing — lower respiratory infections,0.00535584966662048,DALY/capita,Human Capital,Health and well-being,"HEALTH | VI — IHME GBD 2019, Valuing Impact"
Angola,AGO,Sub-Saharan Africa,Lower middle income,64.16,ohs_secondhand_smoke,OHS,Second-hand smoke — all causes,0.0027046824998704197,DALY/capita,Human Capital,Health and well-being,"HEALTH | VI — IHME GBD 2019, Valuing Impact"
Angola,AGO,Sub-Saharan Africa,Lower middle income,64.16,ohs_occupational_pm,OHS,Occupational PM/gases/fumes — all causes,0.00034530025448572095,DALY/capita,Human Capital,Health and well-being,"HEALTH | VI — IHME GBD 2019, Valuing Impact"
Angola,AGO,Sub-Saharan Africa,Lower middle income,64.16,ohs_occupational_injuries,OHS,Occupational injuries — all causes,0.0041849952688899905,DALY/capita,Human Capital,Health and well-being,"HEALTH | VI — IHME GBD 2019, Valuing Impact"
Angola,AGO,Sub-Saharan Africa,Lower middle income,64.16,diet_processed_meat,Diet,Diet high in processed meat,0.000356621305401018,DALY/capita,Human Capital,Health and well-being,"HEALTH | VI — IHME GBD 2019, Valuing Impact"
Angola,AGO,Sub-Saharan Africa,Lower middle income,64.16,diet_red_meat,Diet,Diet high in red meat,0.00101383317231055,DALY/capita,Human Capital,Health and well-being,"HEALTH | VI — IHME GBD 2019, Valuing Impact"
Angola,AGO,Sub-Saharan Africa,Lower middle income,64.16,diet_sodium,Diet,Diet high in sodium,0.0011505576762190501,DALY/capita,Human Capital,Health and well-being,"HEALTH | VI — IHME GBD 2019, Valuing Impact"
Angola,AGO,Sub-Saharan Africa,Lower middle income,64.16,diet_sugary_beverages,Diet,Diet high in sugar-sweetened beverages,0.00034328693083119803,DALY/capita,Human Capital,Health and well-being,"HEALTH | VI — IHME GBD 2019, Valuing Impact"
Angola,AGO,Sub-Saharan Africa,Lower middle income,64.16,diet_trans_fats,Diet,Diet high in trans fats,0.000397935032752019,DALY/capita,Human Capital,Health and well-being,"HEALTH | VI — IHME GBD 2019, Valuing Impact"
Angola,AGO,Sub-Saharan Africa,Lower middle income,64.16,diet_low_vegetables,Diet,Diet low in vegetables,0.00128260975573893,DALY/capita,Human Capital,Health and well-being,"HEALTH | VI — IHME GBD 2019, Valuing Impact"
Angola,AGO,Sub-Saharan Africa,Lower middle income,64.16,diet_low_whole_grains,Diet,Diet low in whole grains,0.00196847355822382,DALY/capita,Human Capital,Health and well-being,"HEALTH | VI — IHME GBD 2019, Valuing Impact"
Angola,AGO,Sub-Saharan Africa,Lower middle income,64.16,diet_risks_total,Diet,Dietary risks — aggregate,0.00865361851199541,DALY/capita,Human Capital,Health and well-being,"HEALTH | VI — IHME GBD 2019, Valuing Impact"
Angola,AGO,Sub-Saharan Africa,Lower middle income,64.16,smoking,Lifestyle,Smoking — all causes,0.00833744498995209,DALY/capita,Human Capital,Health and well-being,"HEALTH | VI — IHME GBD 2019, Valuing Impact"
Albania,ALB,Europe & Central Asia,Upper middle income,464.74,wash_handwashing_diarrheal,WASH,No handwashing facility — diarrheal disease,5.32037029219781e-05,DALY/capita,Human Capital,Health and well-being,"HEALTH | VI — IHME GBD 2019, Valuing Impact"
Albania,ALB,Europe & Central Asia,Upper middle income,464.74,wash_sanitation_diarrheal,WASH,Unsafe sanitation — diarrheal disease,0.00036101686842293195,DALY/capita,Human Capital,Health and well-being,"HEALTH | VI — IHME GBD 2019, Valuing Impact"
Albania,ALB,Europe & Central Asia,Upper middle income,464.74,wash_water_diarrheal,WASH,Unsafe water source — diarrheal disease,0.00106319554217832,DALY/capita,Human Capital,Health and well-being,"HEALTH | VI — IHME GBD 2019, Valuing Impact"
Albania,ALB,Europe & Central Asia,Upper middle income,464.74,wash_handwashing_respiratory,WASH,No handwashing — lower respiratory infections,7.915232734894e-05,DALY/capita,Human Capital,Health and well-being,"HEALTH | VI — IHME GBD 2019, Valuing Impact"
Albania,ALB,Europe & Central Asia,Upper middle income,464.74,ohs_secondhand_smoke,OHS,Second-hand smoke — all causes,0.0062159456328514705,DALY/capita,Human Capital,Health and well-being,"HEALTH | VI — IHME GBD 2019, Valuing Impact"
Albania,ALB,Europe & Central Asia,Upper middle income,464.74,ohs_occupational_pm,OHS,Occupational PM/gases/fumes — all causes,0.000545807425191751,DALY/capita,Human Capital,Health and well-being,"HEALTH | VI — IHME GBD 2019, Valuing Impact"
Albania,ALB,Europe & Central Asia,Upper middle income,464.74,ohs_occupational_injuries,OHS,Occupational injuries — all causes,0.0032940344611634797,DALY/capita,Human Capital,Health and well-being,"HEALTH | VI — IHME GBD 2019, Valuing Impact"
Albania,ALB,Europe & Central Asia,Upper middle income,464.74,diet_processed_meat,Diet,Diet high in processed meat,0.0037502641585172103,DALY/capita,Human Capital,Health and well-being,"HEALTH | VI — IHME GBD 2019, Valuing Impact"
Albania,ALB,Europe & Central Asia,Upper middle income,464.74,diet_red_meat,Diet,Diet high in red meat,0.00547482360104709,DALY/capita,Human Capital,Health and well-being,"HEALTH | VI — IHME GBD 2019, Valuing Impact"
Albania,ALB,Europe & Central Asia,Upper middle income,464.74,diet_sodium,Diet,Diet high in sodium,0.0151473019110081,DALY/capita,Human Capital,Health and well-being,"HEALTH | VI — IHME GBD 2019, Valuing Impact"
Albania,ALB,Europe & Central Asia,Upper middle income,464.74,diet_sugary_beverages,Diet,Diet high in sugar-sweetened beverages,0.00112586819141484,DALY/capita,Human Capital,Health and well-being,"HEALTH | VI — IHME GBD 2019, Valuing Impact"
Albania,ALB,Europe & Central Asia,Upper middle income,464.74,diet_trans_fats,Diet,Diet high in trans fats,0.00227155691138061,DALY/capita,Human Capital,Health and well-being,"HEALTH | VI — IHME GBD 2019, Valuing Impact"
Albania,ALB,Europe & Central Asia,Upper middle income,464.74,diet_low_vegetables,Diet,Diet low in vegetables,0.00023745752023087,DALY/capita,Human Capital,Health and well-being,"HEALTH | VI — IHME GBD 2019, Valuing Impact"
Albania,ALB,Europe & Central Asia,Upper middle income,464.74,diet_low_whole_grains,Diet,Diet low in whole grains,0.0106189595233257,DALY/capita,Human Capital,Health and well-being,"HEALTH | VI — IHME GBD 2019, Valuing Impact"
Albania,ALB,Europe & Central Asia,Upper middle income,464.74,diet_risks_total,Diet,Dietary risks — aggregate,0.0387546355856791,DALY/capita,Human Capital,Health and well-being,"HEALTH | VI — IHME GBD 2019, Valuing Impact"
Albania,ALB,Europe & Central Asia,Upper middle income,464.74,smoking,Lifestyle,Smoking — all causes,0.0382943190767357,DALY/capita,Human Capital,Health and well-being,"HEALTH | VI — IHME GBD 2019, Valuing Impact"
Andorra,AND,Europe & Central Asia,High income,3505.99,wash_handwashing_diarrheal,WASH,No handwashing facility — diarrheal disease,1.0336678948681499e-05,DALY/capita,Human Capital,Health and well-being,"HEALTH | VI — IHME GBD 2019, Valuing Impact"
Andorra,AND,Europe & Central Asia,High income,3505.99,wash_sanitation_diarrheal,WASH,Unsafe sanitation — diarrheal disease,8.137066626624e-06,DALY/capita,Human Capital,Health and well-being,"HEALTH | VI — IHME GBD 2019, Valuing Impact"
Andorra,AND,Europe & Central Asia,High income,3505.99,wash_water_diarrheal,WASH,Unsafe water source — diarrheal disease,1.47327547464717e-05,DALY/capita,Human Capital,Health and well-being,"HEALTH | VI — IHME GBD 2019, Valuing Impact"
Andorra,AND,Europe & Central Asia,High income,3505.99,wash_handwashing_respiratory,WASH,No handwashing — lower respiratory infections,2.8146418984497102e-05,DALY/capita,Human Capital,Health and well-being,"HEALTH | VI — IHME GBD 2019, Valuing Impact"
Andorra,AND,Europe & Central Asia,High income,3505.99,ohs_secondhand_smoke,OHS,Second-hand smoke — all causes,0.00247845454631159,DALY/capita,Human Capital,Health and well-being,"HEALTH | VI — IHME GBD 2019, Valuing Impact"
Andorra,AND,Europe & Central Asia,High income,3505.99,ohs_occupational_pm,OHS,Occupational PM/gases/fumes — all causes,0.000776266708381906,DALY/capita,Human Capital,Health and well-being,"HEALTH | VI — IHME GBD 2019, Valuing Impact"
Andorra,AND,Europe & Central Asia,High income,3505.99,ohs_occupational_injuries,OHS,Occupational injuries — all causes,0.0012176570506894,DALY/capita,Human Capital,Health and well-being,"HEALTH | VI — IHME GBD 2019, Valuing Impact"
Andorra,AND,Europe & Central Asia,High income,3505.99,diet_processed_meat,Diet,Diet high in processed meat,0.0022268818290189798,DALY/capita,Human Capital,Health and well-being,"HEALTH | VI — IHME GBD 2019, Valuing Impact"
Andorra,AND,Europe & Central Asia,High income,3505.99,diet_red_meat,Diet,Diet high in red meat,0.0035172407271021502,DALY/capita,Human Capital,Health and well-being,"HEALTH | VI — IHME GBD 2019, Valuing Impact"
Andorra,AND,Europe & Central Asia,High income,3505.99,diet_sodium,Diet,Diet high in sodium,0.00129505625330529,DALY/capita,Human Capital,Health and well-being,"HEALTH | VI — IHME GBD 2019, Valuing Impact"
Andorra,AND,Europe & Central Asia,High income,3505.99,diet_sugary_beverages,Diet,Diet high in sugar-sweetened beverages,0.000794937194023414,DALY/capita,Human Capital,Health and well-being,"HEALTH | VI — IHME GBD 2019, Valuing Impact"
Andorra,AND,Europe & Central Asia,High income,3505.99,diet_trans_fats,Diet,Diet high in trans fats,0.000861017280954557,DALY/capita,Human Capital,Health and well-being,"HEALTH | VI — IHME GBD 2019, Valuing Impact"
Andorra,AND,Europe & Central Asia,High income,3505.99,diet_low_vegetables,Diet,Diet low in vegetables,0.000600951243697845,DALY/capita,Human Capital,Health and well-being,"HEALTH | VI — IHME GBD 2019, Valuing Impact"
Andorra,AND,Europe & Central Asia,High income,3505.99,diet_low_whole_grains,Diet,Diet low in whole grains,0.00425978527377329,DALY/capita,Human Capital,Health and well-being,"HEALTH | VI — IHME GBD 2019, Valuing Impact"
Andorra,AND,Europe & Central Asia,High income,3505.99,diet_risks_total,Diet,Dietary risks — aggregate,0.0149759011042835,DALY/capita,Human Capital,Health and well-being,"HEALTH | VI — IHME GBD 2019, Valuing Impact"
Andorra,AND,Europe & Central Asia,High income,3505.99,smoking,Lifestyle,Smoking — all causes,0.0339976800649019,DALY/capita,Human Capital,Health and well-being,"HEALTH | VI — IHME GBD 2019, Valuing Impact"
United Arab Emirates,ARE,Middle East & North Africa,High income,2351.81,wash_handwashing_diarrheal,WASH,No handwashing facility — diarrheal disease,8.990405288702309e-05,DALY/capita,Human Capital,Health and well-being,"HEALTH | VI — IHME GBD 2019, Valuing Impact"
United Arab Emirates,ARE,Middle East & North Africa,High income,2351.81,wash_sanitation_diarrheal,WASH,Unsafe sanitation — diarrheal disease,2.0953333432537898e-05,DALY/capita,Human Capital,Health and well-being,"HEALTH | VI — IHME GBD 2019, Valuing Impact"
United Arab Emirates,ARE,Middle East & North Africa,High income,2351.81,wash_water_diarrheal,WASH,Unsafe water source — diarrheal disease,0.000636672242664582,DALY/capita,Human Capital,Health and well-being,"HEALTH | VI — IHME GBD 2019, Valuing Impact"
United Arab Emirates,ARE,Middle East & North Africa,High income,2351.81,wash_handwashing_respiratory,WASH,No handwashing — lower respiratory infections,7.98862977979017e-05,DALY/capita,Human Capital,Health and well-being,"HEALTH | VI — IHME GBD 2019, Valuing Impact"
United Arab Emirates,ARE,Middle East & North Africa,High income,2351.81,ohs_secondhand_smoke,OHS,Second-hand smoke — all causes,0.0043999647647722205,DALY/capita,Human Capital,Health and well-being,"HEALTH | VI — IHME GBD 2019, Valuing Impact"
United Arab Emirates,ARE,Middle East & North Africa,High income,2351.81,ohs_occupational_pm,OHS,Occupational PM/gases/fumes — all causes,0.000923070303305731,DALY/capita,Human Capital,Health and well-being,"HEALTH | VI — IHME GBD 2019, Valuing Impact"
United Arab Emirates,ARE,Middle East & North Africa,High income,2351.81,ohs_occupational_injuries,OHS,Occupational injuries — all causes,0.0021918618819916098,DALY/capita,Human Capital,Health and well-being,"HEALTH | VI — IHME GBD 2019, Valuing Impact"
United Arab Emirates,ARE,Middle East & North Africa,High income,2351.81,diet_processed_meat,Diet,Diet high in processed meat,0.0007040999552517571,DALY/capita,Human Capital,Health and well-being,"HEALTH | VI — IHME GBD 2019, Valuing Impact"
United Arab Emirates,ARE,Middle East & North Africa,High income,2351.81,diet_red_meat,Diet,Diet high in red meat,0.00282200842629356,DALY/capita,Human Capital,Health and well-being,"HEALTH | VI — IHME GBD 2019, Valuing Impact"
United Arab Emirates,ARE,Middle East & North Africa,High income,2351.81,diet_sodium,Diet,Diet high in sodium,0.00126439740674344,DALY/capita,Human Capital,Health and well-being,"HEALTH | VI — IHME GBD 2019, Valuing Impact"
United Arab Emirates,ARE,Middle East & North Africa,High income,2351.81,diet_sugary_beverages,Diet,Diet high in sugar-sweetened beverages,0.0010225151105492899,DALY/capita,Human Capital,Health and well-being,"HEALTH | VI — IHME GBD 2019, Valuing Impact"
United Arab Emirates,ARE,Middle East & North Africa,High income,2351.81,diet_trans_fats,Diet,Diet high in trans fats,0.00169359902052128,DALY/capita,Human Capital,Health and well-being,"HEALTH | VI — IHME GBD 2019, Valuing Impact"
United Arab Emirates,ARE,Middle East & North Africa,High income,2351.81,diet_low_vegetables,Diet,Diet low in vegetables,0.00127772998352126,DALY/capita,Human Capital,Health and well-being,"HEALTH | VI — IHME GBD 2019, Valuing Impact"
United Arab Emirates,ARE,Middle East & North Africa,High income,2351.81,diet_low_whole_grains,Diet,Diet low in whole grains,0.006422153806526549,DALY/capita,Human Capital,Health and well-being,"HEALTH | VI — IHME GBD 2019, Valuing Impact"
United Arab Emirates,ARE,Middle East & North Africa,High income,2351.81,diet_risks_total,Diet,Dietary risks — aggregate,0.015597130324463401,DALY/capita,Human Capital,Health and well-being,"HEALTH | VI — IHME GBD 2019, Valuing Impact"
United Arab Emirates,ARE,Middle East & North Africa,High income,2351.81,smoking,Lifestyle,Smoking — all causes,0.0190094981148593,DALY/capita,Human Capital,Health and well-being,"HEALTH | VI — IHME GBD 2019, Valuing Impact"
Argentina,ARG,Latin America & Caribbean,Upper middle income,1044.77,wash_handwashing_diarrheal,WASH,No handwashing facility — diarrheal disease,5.21220585664676e-05,DALY/capita,Human Capital,Health and well-being,"HEALTH | VI — IHME GBD 2019, Valuing Impact"
Argentina,ARG,Latin America & Caribbean,Upper middle income,1044.77,wash_sanitation_diarrheal,WASH,Unsafe sanitation — diarrheal disease,0.000134593187371715,DALY/capita,Human Capital,Health and well-being,"HEALTH | VI — IHME GBD 2019, Valuing Impact"
Argentina,ARG,Latin America & Caribbean,Upper middle income,1044.77,wash_water_diarrheal,WASH,Unsafe water source — diarrheal disease,0.00054372030430726,DALY/capita,Human Capital,Health and well-being,"HEALTH | VI — IHME GBD 2019, Valuing Impact"
Argentina,ARG,Latin America & Caribbean,Upper middle income,1044.77,wash_handwashing_respiratory,WASH,No handwashing — lower respiratory infections,0.00033204930389699904,DALY/capita,Human Capital,Health and well-being,"HEALTH | VI — IHME GBD 2019, Valuing Impact"
Argentina,ARG,Latin America & Caribbean,Upper middle income,1044.77,ohs_secondhand_smoke,OHS,Second-hand smoke — all causes,0.00422775843362295,DALY/capita,Human Capital,Health and well-being,"HEALTH | VI — IHME GBD 2019, Valuing Impact"
Argentina,ARG,Latin America & Caribbean,Upper middle income,1044.77,ohs_occupational_pm,OHS,Occupational PM/gases/fumes — all causes,0.0009170680530448431,DALY/capita,Human Capital,Health and well-being,"HEALTH | VI — IHME GBD 2019, Valuing Impact"
Argentina,ARG,Latin America & Caribbean,Upper middle income,1044.77,ohs_occupational_injuries,OHS,Occupational injuries — all causes,0.00444767617353532,DALY/capita,Human Capital,Health and well-being,"HEALTH | VI — IHME GBD 2019, Valuing Impact"
Argentina,ARG,Latin America & Caribbean,Upper middle income,1044.77,diet_processed_meat,Diet,Diet high in processed meat,0.0015177097785054202,DALY/capita,Human Capital,Health and well-being,"HEALTH | VI — IHME GBD 2019, Valuing Impact"
Argentina,ARG,Latin America & Caribbean,Upper middle income,1044.77,diet_red_meat,Diet,Diet high in red meat,0.006112425736169509,DALY/capita,Human Capital,Health and well-being,"HEALTH | VI — IHME GBD 2019, Valuing Impact"
Argentina,ARG,Latin America & Caribbean,Upper middle income,1044.77,diet_sodium,Diet,Diet high in sodium,0.00307011508445165,DALY/capita,Human Capital,Health and well-being,"HEALTH | VI — IHME GBD 2019, Valuing Impact"
Argentina,ARG,Latin America & Caribbean,Upper middle income,1044.77,diet_sugary_beverages,Diet,Diet high in sugar-sweetened beverages,0.00128271399603546,DALY/capita,Human Capital,Health and well-being,"HEALTH | VI — IHME GBD 2019, Valuing Impact"
Argentina,ARG,Latin America & Caribbean,Upper middle income,1044.77,diet_trans_fats,Diet,Diet high in trans fats,0.0009479441737245961,DALY/capita,Human Capital,Health and well-being,"HEALTH | VI — IHME GBD 2019, Valuing Impact"
Argentina,ARG,Latin America & Caribbean,Upper middle income,1044.77,diet_low_vegetables,Diet,Diet low in vegetables,0.0013510761017098301,DALY/capita,Human Capital,Health and well-being,"HEALTH | VI — IHME GBD 2019, Valuing Impact"
Argentina,ARG,Latin America & Caribbean,Upper middle income,1044.77,diet_low_whole_grains,Diet,Diet low in whole grains,0.00506073376961205,DALY/capita,Human Capital,Health and well-being,"HEALTH | VI — IHME GBD 2019, Valuing Impact"
Argentina,ARG,Latin America & Caribbean,Upper middle income,1044.77,diet_risks_total,Diet,Dietary risks — aggregate,0.0215695174433185,DALY/capita,Human Capital,Health and well-being,"HEALTH | VI — IHME GBD 2019, Valuing Impact"
Argentina,ARG,Latin America & Caribbean,Upper middle income,1044.77,smoking,Lifestyle,Smoking — all causes,0.0294203405664659,DALY/capita,Human Capital,Health and well-being,"HEALTH | VI — IHME GBD 2019, Valuing Impact"
Armenia,ARM,Europe & Central Asia,Upper middle income,612.78,wash_handwashing_diarrheal,WASH,No handwashing facility — diarrheal disease,0.00012199260238696401,DALY/capita,Human Capital,Health and well-being,"HEALTH | VI — IHME GBD 2019, Valuing Impact"
Armenia,ARM,Europe & Central Asia,Upper middle income,612.78,wash_sanitation_diarrheal,WASH,Unsafe sanitation — diarrheal disease,0.0007217779030225989,DALY/capita,Human Capital,Health and well-being,"HEALTH | VI — IHME GBD 2019, Valuing Impact"
Armenia,ARM,Europe & Central Asia,Upper middle income,612.78,wash_water_diarrheal,WASH,Unsafe water source — diarrheal disease,0.000431730588937877,DALY/capita,Human Capital,Health and well-being,"HEALTH | VI — IHME GBD 2019, Valuing Impact"
Armenia,ARM,Europe & Central Asia,Upper middle income,612.78,wash_handwashing_respiratory,WASH,No handwashing — lower respiratory infections,0.000219130560753848,DALY/capita,Human Capital,Health and well-being,"HEALTH | VI — IHME GBD 2019, Valuing Impact"
Armenia,ARM,Europe & Central Asia,Upper middle income,612.78,ohs_secondhand_smoke,OHS,Second-hand smoke — all causes,0.0080498140574149,DALY/capita,Human Capital,Health and well-being,"HEALTH | VI — IHME GBD 2019, Valuing Impact"
Armenia,ARM,Europe & Central Asia,Upper middle income,612.78,ohs_occupational_pm,OHS,Occupational PM/gases/fumes — all causes,0.0010026977054023,DALY/capita,Human Capital,Health and well-being,"HEALTH | VI — IHME GBD 2019, Valuing Impact"
Armenia,ARM,Europe & Central Asia,Upper middle income,612.78,ohs_occupational_injuries,OHS,Occupational injuries — all causes,0.00177902291653008,DALY/capita,Human Capital,Health and well-being,"HEALTH | VI — IHME GBD 2019, Valuing Impact"
Armenia,ARM,Europe & Central Asia,Upper middle income,612.78,diet_processed_meat,Diet,Diet high in processed meat,0.00205388290221294,DALY/capita,Human Capital,Health and well-being,"HEALTH | VI — IHME GBD 2019, Valuing Impact"
Armenia,ARM,Europe & Central Asia,Upper middle income,612.78,diet_red_meat,Diet,Diet high in red meat,0.00500288107169441,DALY/capita,Human Capital,Health and well-being,"HEALTH | VI — IHME GBD 2019, Valuing Impact"
Armenia,ARM,Europe & Central Asia,Upper middle income,612.78,diet_sodium,Diet,Diet high in sodium,0.006105931326320361,DALY/capita,Human Capital,Health and well-being,"HEALTH | VI — IHME GBD 2019, Valuing Impact"
Armenia,ARM,Europe & Central Asia,Upper middle income,612.78,diet_sugary_beverages,Diet,Diet high in sugar-sweetened beverages,0.0015126141026862,DALY/capita,Human Capital,Health and well-being,"HEALTH | VI — IHME GBD 2019, Valuing Impact"
Armenia,ARM,Europe & Central Asia,Upper middle income,612.78,diet_trans_fats,Diet,Diet high in trans fats,0.0031487515549744596,DALY/capita,Human Capital,Health and well-being,"HEALTH | VI — IHME GBD 2019, Valuing Impact"
Armenia,ARM,Europe & Central Asia,Upper middle income,612.78,diet_low_vegetables,Diet,Diet low in vegetables,0.000156269193605849,DALY/capita,Human Capital,Health and well-being,"HEALTH | VI — IHME GBD 2019, Valuing Impact"
Armenia,ARM,Europe & Central Asia,Upper middle income,612.78,diet_low_whole_grains,Diet,Diet low in whole grains,0.015892611569441002,DALY/capita,Human Capital,Health and well-being,"HEALTH | VI — IHME GBD 2019, Valuing Impact"
Armenia,ARM,Europe & Central Asia,Upper middle income,612.78,diet_risks_total,Diet,Dietary risks — aggregate,0.0425603579572894,DALY/capita,Human Capital,Health and well-being,"HEALTH | VI — IHME GBD 2019, Valuing Impact"
Armenia,ARM,Europe & Central Asia,Upper middle income,612.78,smoking,Lifestyle,Smoking — all causes,0.0423731223158484,DALY/capita,Human Capital,Health and well-being,"HEALTH | VI — IHME GBD 2019, Valuing Impact"
American Samoa,ASM,East Asia & Pacific,High income,0.0,wash_handwashing_diarrheal,WASH,No handwashing facility — diarrheal disease,0.000136779582204505,DALY/capita,Human Capital,Health and well-being,"HEALTH | VI — IHME GBD 2019, Valuing Impact"
American Samoa,ASM,East Asia & Pacific,High income,0.0,wash_sanitation_diarrheal,WASH,Unsafe sanitation — diarrheal disease,0.000447509679674789,DALY/capita,Human Capital,Health and well-being,"HEALTH | VI — IHME GBD 2019, Valuing Impact"
American Samoa,ASM,East Asia & Pacific,High income,0.0,wash_water_diarrheal,WASH,Unsafe water source — diarrheal disease,0.00224719459579046,DALY/capita,Human Capital,Health and well-being,"HEALTH | VI — IHME GBD 2019, Valuing Impact"
American Samoa,ASM,East Asia & Pacific,High income,0.0,wash_handwashing_respiratory,WASH,No handwashing — lower respiratory infections,0.00016265685737226,DALY/capita,Human Capital,Health and well-being,"HEALTH | VI — IHME GBD 2019, Valuing Impact"
American Samoa,ASM,East Asia & Pacific,High income,0.0,ohs_secondhand_smoke,OHS,Second-hand smoke — all causes,0.00933974167142416,DALY/capita,Human Capital,Health and well-being,"HEALTH | VI — IHME GBD 2019, Valuing Impact"
American Samoa,ASM,East Asia & Pacific,High income,0.0,ohs_occupational_pm,OHS,Occupational PM/gases/fumes — all causes,0.0009136100704594971,DALY/capita,Human Capital,Health and well-being,"HEALTH | VI — IHME GBD 2019, Valuing Impact"
American Samoa,ASM,East Asia & Pacific,High income,0.0,ohs_occupational_injuries,OHS,Occupational injuries — all causes,0.0012425534054087799,DALY/capita,Human Capital,Health and well-being,"HEALTH | VI — IHME GBD 2019, Valuing Impact"
American Samoa,ASM,East Asia & Pacific,High income,0.0,diet_processed_meat,Diet,Diet high in processed meat,0.00116791956861211,DALY/capita,Human Capital,Health and well-being,"HEALTH | VI — IHME GBD 2019, Valuing Impact"
American Samoa,ASM,East Asia & Pacific,High income,0.0,diet_red_meat,Diet,Diet high in red meat,0.005395276959971589,DALY/capita,Human Capital,Health and well-being,"HEALTH | VI — IHME GBD 2019, Valuing Impact"
American Samoa,ASM,East Asia & Pacific,High income,0.0,diet_sodium,Diet,Diet high in sodium,0.00240718743880805,DALY/capita,Human Capital,Health and well-being,"HEALTH | VI — IHME GBD 2019, Valuing Impact"
American Samoa,ASM,East Asia & Pacific,High income,0.0,diet_sugary_beverages,Diet,Diet high in sugar-sweetened beverages,0.0017140950156796899,DALY/capita,Human Capital,Health and well-being,"HEALTH | VI — IHME GBD 2019, Valuing Impact"
American Samoa,ASM,East Asia & Pacific,High income,0.0,diet_trans_fats,Diet,Diet high in trans fats,0.00162017195707951,DALY/capita,Human Capital,Health and well-being,"HEALTH | VI — IHME GBD 2019, Valuing Impact"
American Samoa,ASM,East Asia & Pacific,High income,0.0,diet_low_vegetables,Diet,Diet low in vegetables,0.0040918431787149,DALY/capita,Human Capital,Health and well-being,"HEALTH | VI — IHME GBD 2019, Valuing Impact"
American Samoa,ASM,East Asia & Pacific,High income,0.0,diet_low_whole_grains,Diet,Diet low in whole grains,0.00836751837902971,DALY/capita,Human Capital,Health and well-being,"HEALTH | VI — IHME GBD 2019, Valuing Impact"
American Samoa,ASM,East Asia & Pacific,High income,0.0,diet_risks_total,Diet,Dietary risks — aggregate,0.029764514085648997,DALY/capita,Human Capital,Health and well-being,"HEALTH | VI — IHME GBD 2019, Valuing Impact"
American Samoa,ASM,East Asia & Pacific,High income,0.0,smoking,Lifestyle,Smoking — all causes,0.0320039801896785,DALY/capita,Human Capital,Health and well-being,"HEALTH | VI — IHME GBD 2019, Valuing Impact"
Antigua and Barbuda,ATG,Latin America & Caribbean,High income,923.41,wash_handwashing_diarrheal,WASH,No handwashing facility — diarrheal disease,0.000252010758693466,DALY/capita,Human Capital,Health and well-being,"HEALTH | VI — IHME GBD 2019, Valuing Impact"
Antigua and Barbuda,ATG,Latin America & Caribbean,High income,923.41,wash_sanitation_diarrheal,WASH,Unsafe sanitation — diarrheal disease,0.000426799449947576,DALY/capita,Human Capital,Health and well-being,"HEALTH | VI — IHME GBD 2019, Valuing Impact"
Antigua and Barbuda,ATG,Latin America & Caribbean,High income,923.41,wash_water_diarrheal,WASH,Unsafe water source — diarrheal disease,0.0015859684133153601,DALY/capita,Human Capital,Health and well-being,"HEALTH | VI — IHME GBD 2019, Valuing Impact"
Antigua and Barbuda,ATG,Latin America & Caribbean,High income,923.41,wash_handwashing_respiratory,WASH,No handwashing — lower respiratory infections,0.000488296182874301,DALY/capita,Human Capital,Health and well-being,"HEALTH | VI — IHME GBD 2019, Valuing Impact"
Antigua and Barbuda,ATG,Latin America & Caribbean,High income,923.41,ohs_secondhand_smoke,OHS,Second-hand smoke — all causes,0.00260351934384532,DALY/capita,Human Capital,Health and well-being,"HEALTH | VI — IHME GBD 2019, Valuing Impact"
Antigua and Barbuda,ATG,Latin America & Caribbean,High income,923.41,ohs_occupational_pm,OHS,Occupational PM/gases/fumes — all causes,0.000225507821446681,DALY/capita,Human Capital,Health and well-being,"HEALTH | VI — IHME GBD 2019, Valuing Impact"
Antigua and Barbuda,ATG,Latin America & Caribbean,High income,923.41,ohs_occupational_injuries,OHS,Occupational injuries — all causes,0.00114651480044887,DALY/capita,Human Capital,Health and well-being,"HEALTH | VI — IHME GBD 2019, Valuing Impact"
Antigua and Barbuda,ATG,Latin America & Caribbean,High income,923.41,diet_processed_meat,Diet,Diet high in processed meat,0.0008093156170794679,DALY/capita,Human Capital,Health and well-being,"HEALTH | VI — IHME GBD 2019, Valuing Impact"
Antigua and Barbuda,ATG,Latin America & Caribbean,High income,923.41,diet_red_meat,Diet,Diet high in red meat,0.00246291415213917,DALY/capita,Human Capital,Health and well-being,"HEALTH | VI — IHME GBD 2019, Valuing Impact"
Antigua and Barbuda,ATG,Latin America & Caribbean,High income,923.41,diet_sodium,Diet,Diet high in sodium,0.00243327806147303,DALY/capita,Human Capital,Health and well-being,"HEALTH | VI — IHME GBD 2019, Valuing Impact"
Antigua and Barbuda,ATG,Latin America & Caribbean,High income,923.41,diet_sugary_beverages,Diet,Diet high in sugar-sweetened beverages,0.00124018064820847,DALY/capita,Human Capital,Health and well-being,"HEALTH | VI — IHME GBD 2019, Valuing Impact"
Antigua and Barbuda,ATG,Latin America & Caribbean,High income,923.41,diet_trans_fats,Diet,Diet high in trans fats,0.0008634353987139841,DALY/capita,Human Capital,Health and well-being,"HEALTH | VI — IHME GBD 2019, Valuing Impact"
Antigua and Barbuda,ATG,Latin America & Caribbean,High income,923.41,diet_low_vegetables,Diet,Diet low in vegetables,0.00202880690033261,DALY/capita,Human Capital,Health and well-being,"HEALTH | VI — IHME GBD 2019, Valuing Impact"
Antigua and Barbuda,ATG,Latin America & Caribbean,High income,923.41,diet_low_whole_grains,Diet,Diet low in whole grains,0.00669307670221402,DALY/capita,Human Capital,Health and well-being,"HEALTH | VI — IHME GBD 2019, Valuing Impact"
Antigua and Barbuda,ATG,Latin America & Caribbean,High income,923.41,diet_risks_total,Diet,Dietary risks — aggregate,0.021096499052316,DALY/capita,Human Capital,Health and well-being,"HEALTH | VI — IHME GBD 2019, Valuing Impact"
Antigua and Barbuda,ATG,Latin America & Caribbean,High income,923.41,smoking,Lifestyle,Smoking — all causes,0.011571021831610798,DALY/capita,Human Capital,Health and well-being,"HEALTH | VI — IHME GBD 2019, Valuing Impact"
Australia,AUS,East Asia & Pacific,High income,7055.37,wash_handwashing_diarrheal,WASH,No handwashing facility — diarrheal disease,2.00691819690722e-05,DALY/capita,Human Capital,Health and well-being,"HEALTH | VI — IHME GBD 2019, Valuing Impact"
Australia,AUS,East Asia & Pacific,High income,7055.37,wash_sanitation_diarrheal,WASH,Unsafe sanitation — diarrheal disease,2.37109008746831e-05,DALY/capita,Human Capital,Health and well-being,"HEALTH | VI — IHME GBD 2019, Valuing Impact"
Australia,AUS,East Asia & Pacific,High income,7055.37,wash_water_diarrheal,WASH,Unsafe water source — diarrheal disease,0.000111345775518672,DALY/capita,Human Capital,Health and well-being,"HEALTH | VI — IHME GBD 2019, Valuing Impact"
Australia,AUS,East Asia & Pacific,High income,7055.37,wash_handwashing_respiratory,WASH,No handwashing — lower respiratory infections,3.94487070384523e-05,DALY/capita,Human Capital,Health and well-being,"HEALTH | VI — IHME GBD 2019, Valuing Impact"
Australia,AUS,East Asia & Pacific,High income,7055.37,ohs_secondhand_smoke,OHS,Second-hand smoke — all causes,0.0016789827060539801,DALY/capita,Human Capital,Health and well-being,"HEALTH | VI — IHME GBD 2019, Valuing Impact"
Australia,AUS,East Asia & Pacific,High income,7055.37,ohs_occupational_pm,OHS,Occupational PM/gases/fumes — all causes,0.000724658203893932,DALY/capita,Human Capital,Health and well-being,"HEALTH | VI — IHME GBD 2019, Valuing Impact"
Australia,AUS,East Asia & Pacific,High income,7055.37,ohs_occupational_injuries,OHS,Occupational injuries — all causes,0.00221679352380968,DALY/capita,Human Capital,Health and well-being,"HEALTH | VI — IHME GBD 2019, Valuing Impact"
Australia,AUS,East Asia & Pacific,High income,7055.37,diet_processed_meat,Diet,Diet high in processed meat,0.00200626540545487,DALY/capita,Human Capital,Health and well-being,"HEALTH | VI — IHME GBD 2019, Valuing Impact"
Australia,AUS,East Asia & Pacific,High income,7055.37,diet_red_meat,Diet,Diet high in red meat,0.00444292023908087,DALY/capita,Human Capital,Health and well-being,"HEALTH | VI — IHME GBD 2019, Valuing Impact"
Australia,AUS,East Asia & Pacific,High income,7055.37,diet_sodium,Diet,Diet high in sodium,0.000880554093952003,DALY/capita,Human Capital,Health and well-being,"HEALTH | VI — IHME GBD 2019, Valuing Impact"
Australia,AUS,East Asia & Pacific,High income,7055.37,diet_sugary_beverages,Diet,Diet high in sugar-sweetened beverages,0.0006732996449450821,DALY/capita,Human Capital,Health and well-being,"HEALTH | VI — IHME GBD 2019, Valuing Impact"
Australia,AUS,East Asia & Pacific,High income,7055.37,diet_trans_fats,Diet,Diet high in trans fats,0.00143065432243849,DALY/capita,Human Capital,Health and well-being,"HEALTH | VI — IHME GBD 2019, Valuing Impact"
Australia,AUS,East Asia & Pacific,High income,7055.37,diet_low_vegetables,Diet,Diet low in vegetables,0.000942685862220977,DALY/capita,Human Capital,Health and well-being,"HEALTH | VI — IHME GBD 2019, Valuing Impact"
Australia,AUS,East Asia & Pacific,High income,7055.37,diet_low_whole_grains,Diet,Diet low in whole grains,0.0036276622155723,DALY/capita,Human Capital,Health and well-being,"HEALTH | VI — IHME GBD 2019, Valuing Impact"
Australia,AUS,East Asia & Pacific,High income,7055.37,diet_risks_total,Diet,Dietary risks — aggregate,0.015984807132549,DALY/capita,Human Capital,Health and well-being,"HEALTH | VI — IHME GBD 2019, Valuing Impact"
Australia,AUS,East Asia & Pacific,High income,7055.37,smoking,Lifestyle,Smoking — all causes,0.020878787688617798,DALY/capita,Human Capital,Health and well-being,"HEALTH | VI — IHME GBD 2019, Valuing Impact"
Austria,AUT,Europe & Central Asia,High income,6504.81,wash_handwashing_diarrheal,WASH,No handwashing facility — diarrheal disease,1.32635490140801e-05,DALY/capita,Human Capital,Health and well-being,"HEALTH | VI — IHME GBD 2019, Valuing Impact"
Austria,AUT,Europe & Central Asia,High income,6504.81,wash_sanitation_diarrheal,WASH,Unsafe sanitation — diarrheal disease,4.96663072334191e-05,DALY/capita,Human Capital,Health and well-being,"HEALTH | VI — IHME GBD 2019, Valuing Impact"
Austria,AUT,Europe & Central Asia,High income,6504.81,wash_water_diarrheal,WASH,Unsafe water source — diarrheal disease,2.01447968678804e-05,DALY/capita,Human Capital,Health and well-being,"HEALTH | VI — IHME GBD 2019, Valuing Impact"
Austria,AUT,Europe & Central Asia,High income,6504.81,wash_handwashing_respiratory,WASH,No handwashing — lower respiratory infections,1.67619473199606e-05,DALY/capita,Human Capital,Health and well-being,"HEALTH | VI — IHME GBD 2019, Valuing Impact"
Austria,AUT,Europe & Central Asia,High income,6504.81,ohs_secondhand_smoke,OHS,Second-hand smoke — all causes,0.00316764426560606,DALY/capita,Human Capital,Health and well-being,"HEALTH | VI — IHME GBD 2019, Valuing Impact"
Austria,AUT,Europe & Central Asia,High income,6504.81,ohs_occupational_pm,OHS,Occupational PM/gases/fumes — all causes,0.000744663635324132,DALY/capita,Human Capital,Health and well-being,"HEALTH | VI — IHME GBD 2019, Valuing Impact"
Austria,AUT,Europe & Central Asia,High income,6504.81,ohs_occupational_injuries,OHS,Occupational injuries — all causes,0.00204834195628859,DALY/capita,Human Capital,Health and well-being,"HEALTH | VI — IHME GBD 2019, Valuing Impact"
Austria,AUT,Europe & Central Asia,High income,6504.81,diet_processed_meat,Diet,Diet high in processed meat,0.0027281307283560396,DALY/capita,Human Capital,Health and well-being,"HEALTH | VI — IHME GBD 2019, Valuing Impact"
Austria,AUT,Europe & Central Asia,High income,6504.81,diet_red_meat,Diet,Diet high in red meat,0.004396160185959981,DALY/capita,Human Capital,Health and well-being,"HEALTH | VI — IHME GBD 2019, Valuing Impact"
Austria,AUT,Europe & Central Asia,High income,6504.81,diet_sodium,Diet,Diet high in sodium,0.00380829152603364,DALY/capita,Human Capital,Health and well-being,"HEALTH | VI — IHME GBD 2019, Valuing Impact"
Austria,AUT,Europe & Central Asia,High income,6504.81,diet_sugary_beverages,Diet,Diet high in sugar-sweetened beverages,0.000905147010679829,DALY/capita,Human Capital,Health and well-being,"HEALTH | VI — IHME GBD 2019, Valuing Impact"
Austria,AUT,Europe & Central Asia,High income,6504.81,diet_trans_fats,Diet,Diet high in trans fats,0.0012086767995917501,DALY/capita,Human Capital,Health and well-being,"HEALTH | VI — IHME GBD 2019, Valuing Impact"
Austria,AUT,Europe & Central Asia,High income,6504.81,diet_low_vegetables,Diet,Diet low in vegetables,0.00127726757892904,DALY/capita,Human Capital,Health and well-being,"HEALTH | VI — IHME GBD 2019, Valuing Impact"
Austria,AUT,Europe & Central Asia,High income,6504.81,diet_low_whole_grains,Diet,Diet low in whole grains,0.00515380561278452,DALY/capita,Human Capital,Health and well-being,"HEALTH | VI — IHME GBD 2019, Valuing Impact"
Austria,AUT,Europe & Central Asia,High income,6504.81,diet_risks_total,Diet,Dietary risks — aggregate,0.0223807333399589,DALY/capita,Human Capital,Health and well-being,"HEALTH | VI — IHME GBD 2019, Valuing Impact"
Austria,AUT,Europe & Central Asia,High income,6504.81,smoking,Lifestyle,Smoking — all causes,0.034951907648405396,DALY/capita,Human Capital,Health and well-being,"HEALTH | VI — IHME GBD 2019, Valuing Impact"
Azerbaijan,AZE,Europe & Central Asia,Upper middle income,249.08,wash_handwashing_diarrheal,WASH,No handwashing facility — diarrheal disease,0.00014403035823096802,DALY/capita,Human Capital,Health and well-being,"HEALTH | VI — IHME GBD 2019, Valuing Impact"
Azerbaijan,AZE,Europe & Central Asia,Upper middle income,249.08,wash_sanitation_diarrheal,WASH,Unsafe sanitation — diarrheal disease,0.0011633928739901301,DALY/capita,Human Capital,Health and well-being,"HEALTH | VI — IHME GBD 2019, Valuing Impact"
Azerbaijan,AZE,Europe & Central Asia,Upper middle income,249.08,wash_water_diarrheal,WASH,Unsafe water source — diarrheal disease,0.00136940913280278,DALY/capita,Human Capital,Health and well-being,"HEALTH | VI — IHME GBD 2019, Valuing Impact"
Azerbaijan,AZE,Europe & Central Asia,Upper middle income,249.08,wash_handwashing_respiratory,WASH,No handwashing — lower respiratory infections,0.000520693437343768,DALY/capita,Human Capital,Health and well-being,"HEALTH | VI — IHME GBD 2019, Valuing Impact"
Azerbaijan,AZE,Europe & Central Asia,Upper middle income,249.08,ohs_secondhand_smoke,OHS,Second-hand smoke — all causes,0.00990543575873705,DALY/capita,Human Capital,Health and well-being,"HEALTH | VI — IHME GBD 2019, Valuing Impact"
Azerbaijan,AZE,Europe & Central Asia,Upper middle income,249.08,ohs_occupational_pm,OHS,Occupational PM/gases/fumes — all causes,0.0005582674401487079,DALY/capita,Human Capital,Health and well-being,"HEALTH | VI — IHME GBD 2019, Valuing Impact"
Azerbaijan,AZE,Europe & Central Asia,Upper middle income,249.08,ohs_occupational_injuries,OHS,Occupational injuries — all causes,0.0019138081669078499,DALY/capita,Human Capital,Health and well-being,"HEALTH | VI — IHME GBD 2019, Valuing Impact"
Azerbaijan,AZE,Europe & Central Asia,Upper middle income,249.08,diet_processed_meat,Diet,Diet high in processed meat,0.00294671255937481,DALY/capita,Human Capital,Health and well-being,"HEALTH | VI — IHME GBD 2019, Valuing Impact"
Azerbaijan,AZE,Europe & Central Asia,Upper middle income,249.08,diet_red_meat,Diet,Diet high in red meat,0.0045813374122117,DALY/capita,Human Capital,Health and well-being,"HEALTH | VI — IHME GBD 2019, Valuing Impact"
Azerbaijan,AZE,Europe & Central Asia,Upper middle income,249.08,diet_sodium,Diet,Diet high in sodium,0.00661852312150276,DALY/capita,Human Capital,Health and well-being,"HEALTH | VI — IHME GBD 2019, Valuing Impact"
Azerbaijan,AZE,Europe & Central Asia,Upper middle income,249.08,diet_sugary_beverages,Diet,Diet high in sugar-sweetened beverages,0.00137987030034409,DALY/capita,Human Capital,Health and well-being,"HEALTH | VI — IHME GBD 2019, Valuing Impact"
Azerbaijan,AZE,Europe & Central Asia,Upper middle income,249.08,diet_trans_fats,Diet,Diet high in trans fats,0.00631165223681037,DALY/capita,Human Capital,Health and well-being,"HEALTH | VI — IHME GBD 2019, Valuing Impact"
Azerbaijan,AZE,Europe & Central Asia,Upper middle income,249.08,diet_low_vegetables,Diet,Diet low in vegetables,0.000265800576970908,DALY/capita,Human Capital,Health and well-being,"HEALTH | VI — IHME GBD 2019, Valuing Impact"
Azerbaijan,AZE,Europe & Central Asia,Upper middle income,249.08,diet_low_whole_grains,Diet,Diet low in whole grains,0.0160510529399198,DALY/capita,Human Capital,Health and well-being,"HEALTH | VI — IHME GBD 2019, Valuing Impact"
Azerbaijan,AZE,Europe & Central Asia,Upper middle income,249.08,diet_risks_total,Diet,Dietary risks — aggregate,0.04490226807029651,DALY/capita,Human Capital,Health and well-being,"HEALTH | VI — IHME GBD 2019, Valuing Impact"
Azerbaijan,AZE,Europe & Central Asia,Upper middle income,249.08,smoking,Lifestyle,Smoking — all causes,0.0359068705457106,DALY/capita,Human Capital,Health and well-being,"HEALTH | VI — IHME GBD 2019, Valuing Impact"
Burundi,BDI,Sub-Saharan Africa,Low income,24.27,wash_handwashing_diarrheal,WASH,No handwashing facility — diarrheal disease,0.0187322592319048,DALY/capita,Human Capital,Health and well-being,"HEALTH | VI — IHME GBD 2019, Valuing Impact"
Burundi,BDI,Sub-Saharan Africa,Low income,24.27,wash_sanitation_diarrheal,WASH,Unsafe sanitation — diarrheal disease,0.0365203478783365,DALY/capita,Human Capital,Health and well-being,"HEALTH | VI — IHME GBD 2019, Valuing Impact"
Burundi,BDI,Sub-Saharan Africa,Low income,24.27,wash_water_diarrheal,WASH,Unsafe water source — diarrheal disease,0.0491079028800491,DALY/capita,Human Capital,Health and well-being,"HEALTH | VI — IHME GBD 2019, Valuing Impact"
Burundi,BDI,Sub-Saharan Africa,Low income,24.27,wash_handwashing_respiratory,WASH,No handwashing — lower respiratory infections,0.00680406026515293,DALY/capita,Human Capital,Health and well-being,"HEALTH | VI — IHME GBD 2019, Valuing Impact"
Burundi,BDI,Sub-Saharan Africa,Low income,24.27,ohs_secondhand_smoke,OHS,Second-hand smoke — all causes,0.00143611769741986,DALY/capita,Human Capital,Health and well-being,"HEALTH | VI — IHME GBD 2019, Valuing Impact"
Burundi,BDI,Sub-Saharan Africa,Low income,24.27,ohs_occupational_pm,OHS,Occupational PM/gases/fumes — all causes,0.000783668892530694,DALY/capita,Human Capital,Health and well-being,"HEALTH | VI — IHME GBD 2019, Valuing Impact"
Burundi,BDI,Sub-Saharan Africa,Low income,24.27,ohs_occupational_injuries,OHS,Occupational injuries — all causes,0.005232559551242,DALY/capita,Human Capital,Health and well-being,"HEALTH | VI — IHME GBD 2019, Valuing Impact"
Burundi,BDI,Sub-Saharan Africa,Low income,24.27,diet_processed_meat,Diet,Diet high in processed meat,0.000292710239962131,DALY/capita,Human Capital,Health and well-being,"HEALTH | VI — IHME GBD 2019, Valuing Impact"
Burundi,BDI,Sub-Saharan Africa,Low income,24.27,diet_red_meat,Diet,Diet high in red meat,0.000255830468396758,DALY/capita,Human Capital,Health and well-being,"HEALTH | VI — IHME GBD 2019, Valuing Impact"
Burundi,BDI,Sub-Saharan Africa,Low income,24.27,diet_sodium,Diet,Diet high in sodium,0.00228201948108361,DALY/capita,Human Capital,Health and well-being,"HEALTH | VI — IHME GBD 2019, Valuing Impact"
Burundi,BDI,Sub-Saharan Africa,Low income,24.27,diet_sugary_beverages,Diet,Diet high in sugar-sweetened beverages,0.000226104447274071,DALY/capita,Human Capital,Health and well-being,"HEALTH | VI — IHME GBD 2019, Valuing Impact"
Burundi,BDI,Sub-Saharan Africa,Low income,24.27,diet_trans_fats,Diet,Diet high in trans fats,0.000442768638474083,DALY/capita,Human Capital,Health and well-being,"HEALTH | VI — IHME GBD 2019, Valuing Impact"
Burundi,BDI,Sub-Saharan Africa,Low income,24.27,diet_low_vegetables,Diet,Diet low in vegetables,0.00197337002977738,DALY/capita,Human Capital,Health and well-being,"HEALTH | VI — IHME GBD 2019, Valuing Impact"
Burundi,BDI,Sub-Saharan Africa,Low income,24.27,diet_low_whole_grains,Diet,Diet low in whole grains,0.00233275279674614,DALY/capita,Human Capital,Health and well-being,"HEALTH | VI — IHME GBD 2019, Valuing Impact"
Burundi,BDI,Sub-Saharan Africa,Low income,24.27,diet_risks_total,Diet,Dietary risks — aggregate,0.00899772883104248,DALY/capita,Human Capital,Health and well-being,"HEALTH | VI — IHME GBD 2019, Valuing Impact"
Burundi,BDI,Sub-Saharan Africa,Low income,24.27,smoking,Lifestyle,Smoking — all causes,0.00770003696786689,DALY/capita,Human Capital,Health and well-being,"HEALTH | VI — IHME GBD 2019, Valuing Impact"
Belgium,BEL,Europe & Central Asia,High income,5680.23,wash_handwashing_diarrheal,WASH,No handwashing facility — diarrheal disease,3.02053451457104e-05,DALY/capita,Human Capital,Health and well-being,"HEALTH | VI — IHME GBD 2019, Valuing Impact"
Belgium,BEL,Europe & Central Asia,High income,5680.23,wash_sanitation_diarrheal,WASH,Unsafe sanitation — diarrheal disease,3.5408017893512e-05,DALY/capita,Human Capital,Health and well-being,"HEALTH | VI — IHME GBD 2019, Valuing Impact"
Belgium,BEL,Europe & Central Asia,High income,5680.23,wash_water_diarrheal,WASH,Unsafe water source — diarrheal disease,5.89066519299187e-05,DALY/capita,Human Capital,Health and well-being,"HEALTH | VI — IHME GBD 2019, Valuing Impact"
Belgium,BEL,Europe & Central Asia,High income,5680.23,wash_handwashing_respiratory,WASH,No handwashing — lower respiratory infections,6.16861007394353e-05,DALY/capita,Human Capital,Health and well-being,"HEALTH | VI — IHME GBD 2019, Valuing Impact"
Belgium,BEL,Europe & Central Asia,High income,5680.23,ohs_secondhand_smoke,OHS,Second-hand smoke — all causes,0.0028419805586561604,DALY/capita,Human Capital,Health and well-being,"HEALTH | VI — IHME GBD 2019, Valuing Impact"
Belgium,BEL,Europe & Central Asia,High income,5680.23,ohs_occupational_pm,OHS,Occupational PM/gases/fumes — all causes,0.0010267540969578,DALY/capita,Human Capital,Health and well-being,"HEALTH | VI — IHME GBD 2019, Valuing Impact"
Belgium,BEL,Europe & Central Asia,High income,5680.23,ohs_occupational_injuries,OHS,Occupational injuries — all causes,0.00117990290440001,DALY/capita,Human Capital,Health and well-being,"HEALTH | VI — IHME GBD 2019, Valuing Impact"
Belgium,BEL,Europe & Central Asia,High income,5680.23,diet_processed_meat,Diet,Diet high in processed meat,0.00278099598491066,DALY/capita,Human Capital,Health and well-being,"HEALTH | VI — IHME GBD 2019, Valuing Impact"
Belgium,BEL,Europe & Central Asia,High income,5680.23,diet_red_meat,Diet,Diet high in red meat,0.00431720701494302,DALY/capita,Human Capital,Health and well-being,"HEALTH | VI — IHME GBD 2019, Valuing Impact"
Belgium,BEL,Europe & Central Asia,High income,5680.23,diet_sodium,Diet,Diet high in sodium,0.00264222362943358,DALY/capita,Human Capital,Health and well-being,"HEALTH | VI — IHME GBD 2019, Valuing Impact"
Belgium,BEL,Europe & Central Asia,High income,5680.23,diet_sugary_beverages,Diet,Diet high in sugar-sweetened beverages,0.0009128865686544531,DALY/capita,Human Capital,Health and well-being,"HEALTH | VI — IHME GBD 2019, Valuing Impact"
Belgium,BEL,Europe & Central Asia,High income,5680.23,diet_trans_fats,Diet,Diet high in trans fats,0.00144580916306066,DALY/capita,Human Capital,Health and well-being,"HEALTH | VI — IHME GBD 2019, Valuing Impact"
Belgium,BEL,Europe & Central Asia,High income,5680.23,diet_low_vegetables,Diet,Diet low in vegetables,0.0007017235645891119,DALY/capita,Human Capital,Health and well-being,"HEALTH | VI — IHME GBD 2019, Valuing Impact"
Belgium,BEL,Europe & Central Asia,High income,5680.23,diet_low_whole_grains,Diet,Diet low in whole grains,0.0049198006777526,DALY/capita,Human Capital,Health and well-being,"HEALTH | VI — IHME GBD 2019, Valuing Impact"
Belgium,BEL,Europe & Central Asia,High income,5680.23,diet_risks_total,Diet,Dietary risks — aggregate,0.0199713204399947,DALY/capita,Human Capital,Health and well-being,"HEALTH | VI — IHME GBD 2019, Valuing Impact"
Belgium,BEL,Europe & Central Asia,High income,5680.23,smoking,Lifestyle,Smoking — all causes,0.0403117517295846,DALY/capita,Human Capital,Health and well-being,"HEALTH | VI — IHME GBD 2019, Valuing Impact"
Benin,BEN,Sub-Saharan Africa,Lower middle income,35.13,wash_handwashing_diarrheal,WASH,No handwashing facility — diarrheal disease,0.00920575087649071,DALY/capita,Human Capital,Health and well-being,"HEALTH | VI — IHME GBD 2019, Valuing Impact"
Benin,BEN,Sub-Saharan Africa,Lower middle income,35.13,wash_sanitation_diarrheal,WASH,Unsafe sanitation — diarrheal disease,0.0182158132502023,DALY/capita,Human Capital,Health and well-being,"HEALTH | VI — IHME GBD 2019, Valuing Impact"
Benin,BEN,Sub-Saharan Africa,Lower middle income,35.13,wash_water_diarrheal,WASH,Unsafe water source — diarrheal disease,0.0240696548592116,DALY/capita,Human Capital,Health and well-being,"HEALTH | VI — IHME GBD 2019, Valuing Impact"
Benin,BEN,Sub-Saharan Africa,Lower middle income,35.13,wash_handwashing_respiratory,WASH,No handwashing — lower respiratory infections,0.00992834771413101,DALY/capita,Human Capital,Health and well-being,"HEALTH | VI — IHME GBD 2019, Valuing Impact"
Benin,BEN,Sub-Saharan Africa,Lower middle income,35.13,ohs_secondhand_smoke,OHS,Second-hand smoke — all causes,0.00256482844118219,DALY/capita,Human Capital,Health and well-being,"HEALTH | VI — IHME GBD 2019, Valuing Impact"
Benin,BEN,Sub-Saharan Africa,Lower middle income,35.13,ohs_occupational_pm,OHS,Occupational PM/gases/fumes — all causes,0.0005017316466022961,DALY/capita,Human Capital,Health and well-being,"HEALTH | VI — IHME GBD 2019, Valuing Impact"
Benin,BEN,Sub-Saharan Africa,Lower middle income,35.13,ohs_occupational_injuries,OHS,Occupational injuries — all causes,0.00201454224664036,DALY/capita,Human Capital,Health and well-being,"HEALTH | VI — IHME GBD 2019, Valuing Impact"
Benin,BEN,Sub-Saharan Africa,Lower middle income,35.13,diet_processed_meat,Diet,Diet high in processed meat,0.000491068711919811,DALY/capita,Human Capital,Health and well-being,"HEALTH | VI — IHME GBD 2019, Valuing Impact"
Benin,BEN,Sub-Saharan Africa,Lower middle income,35.13,diet_red_meat,Diet,Diet high in red meat,0.000449956733497564,DALY/capita,Human Capital,Health and well-being,"HEALTH | VI — IHME GBD 2019, Valuing Impact"
Benin,BEN,Sub-Saharan Africa,Lower middle income,35.13,diet_sodium,Diet,Diet high in sodium,0.00159773766550279,DALY/capita,Human Capital,Health and well-being,"HEALTH | VI — IHME GBD 2019, Valuing Impact"
Benin,BEN,Sub-Saharan Africa,Lower middle income,35.13,diet_sugary_beverages,Diet,Diet high in sugar-sweetened beverages,0.000302879461438791,DALY/capita,Human Capital,Health and well-being,"HEALTH | VI — IHME GBD 2019, Valuing Impact"
Benin,BEN,Sub-Saharan Africa,Lower middle income,35.13,diet_trans_fats,Diet,Diet high in trans fats,0.000389127225344897,DALY/capita,Human Capital,Health and well-being,"HEALTH | VI — IHME GBD 2019, Valuing Impact"
Benin,BEN,Sub-Saharan Africa,Lower middle income,35.13,diet_low_vegetables,Diet,Diet low in vegetables,0.00113460196375354,DALY/capita,Human Capital,Health and well-being,"HEALTH | VI — IHME GBD 2019, Valuing Impact"
Benin,BEN,Sub-Saharan Africa,Lower middle income,35.13,diet_low_whole_grains,Diet,Diet low in whole grains,0.00164904063585715,DALY/capita,Human Capital,Health and well-being,"HEALTH | VI — IHME GBD 2019, Valuing Impact"
Benin,BEN,Sub-Saharan Africa,Lower middle income,35.13,diet_risks_total,Diet,Dietary risks — aggregate,0.00828923245153584,DALY/capita,Human Capital,Health and well-being,"HEALTH | VI — IHME GBD 2019, Valuing Impact"
Benin,BEN,Sub-Saharan Africa,Lower middle income,35.13,smoking,Lifestyle,Smoking — all causes,0.00457909740100925,DALY/capita,Human Capital,Health and well-being,"HEALTH | VI — IHME GBD 2019, Valuing Impact"
Burkina Faso,BFA,Sub-Saharan Africa,Low income,56.95,wash_handwashing_diarrheal,WASH,No handwashing facility — diarrheal disease,0.0149948174698839,DALY/capita,Human Capital,Health and well-being,"HEALTH | VI — IHME GBD 2019, Valuing Impact"
Burkina Faso,BFA,Sub-Saharan Africa,Low income,56.95,wash_sanitation_diarrheal,WASH,Unsafe sanitation — diarrheal disease,0.0306224441778049,DALY/capita,Human Capital,Health and well-being,"HEALTH | VI — IHME GBD 2019, Valuing Impact"
Burkina Faso,BFA,Sub-Saharan Africa,Low income,56.95,wash_water_diarrheal,WASH,Unsafe water source — diarrheal disease,0.040445709406014295,DALY/capita,Human Capital,Health and well-being,"HEALTH | VI — IHME GBD 2019, Valuing Impact"
Burkina Faso,BFA,Sub-Saharan Africa,Low income,56.95,wash_handwashing_respiratory,WASH,No handwashing — lower respiratory infections,0.0164284030601479,DALY/capita,Human Capital,Health and well-being,"HEALTH | VI — IHME GBD 2019, Valuing Impact"
Burkina Faso,BFA,Sub-Saharan Africa,Low income,56.95,ohs_secondhand_smoke,OHS,Second-hand smoke — all causes,0.00392479608213154,DALY/capita,Human Capital,Health and well-being,"HEALTH | VI — IHME GBD 2019, Valuing Impact"
Burkina Faso,BFA,Sub-Saharan Africa,Low income,56.95,ohs_occupational_pm,OHS,Occupational PM/gases/fumes — all causes,0.00040279175499248503,DALY/capita,Human Capital,Health and well-being,"HEALTH | VI — IHME GBD 2019, Valuing Impact"
Burkina Faso,BFA,Sub-Saharan Africa,Low income,56.95,ohs_occupational_injuries,OHS,Occupational injuries — all causes,0.00120900941914233,DALY/capita,Human Capital,Health and well-being,"HEALTH | VI — IHME GBD 2019, Valuing Impact"
Burkina Faso,BFA,Sub-Saharan Africa,Low income,56.95,diet_processed_meat,Diet,Diet high in processed meat,0.000532436218820875,DALY/capita,Human Capital,Health and well-being,"HEALTH | VI — IHME GBD 2019, Valuing Impact"
Burkina Faso,BFA,Sub-Saharan Africa,Low income,56.95,diet_red_meat,Diet,Diet high in red meat,0.00104302000188611,DALY/capita,Human Capital,Health and well-being,"HEALTH | VI — IHME GBD 2019, Valuing Impact"
Burkina Faso,BFA,Sub-Saharan Africa,Low income,56.95,diet_sodium,Diet,Diet high in sodium,0.00146933490310556,DALY/capita,Human Capital,Health and well-being,"HEALTH | VI — IHME GBD 2019, Valuing Impact"
Burkina Faso,BFA,Sub-Saharan Africa,Low income,56.95,diet_sugary_beverages,Diet,Diet high in sugar-sweetened beverages,0.000364912267305183,DALY/capita,Human Capital,Health and well-being,"HEALTH | VI — IHME GBD 2019, Valuing Impact"
Burkina Faso,BFA,Sub-Saharan Africa,Low income,56.95,diet_trans_fats,Diet,Diet high in trans fats,0.000473823571943857,DALY/capita,Human Capital,Health and well-being,"HEALTH | VI — IHME GBD 2019, Valuing Impact"
Burkina Faso,BFA,Sub-Saharan Africa,Low income,56.95,diet_low_vegetables,Diet,Diet low in vegetables,0.00179698017400814,DALY/capita,Human Capital,Health and well-being,"HEALTH | VI — IHME GBD 2019, Valuing Impact"
Burkina Faso,BFA,Sub-Saharan Africa,Low income,56.95,diet_low_whole_grains,Diet,Diet low in whole grains,0.00218766013432251,DALY/capita,Human Capital,Health and well-being,"HEALTH | VI — IHME GBD 2019, Valuing Impact"
Burkina Faso,BFA,Sub-Saharan Africa,Low income,56.95,diet_risks_total,Diet,Dietary risks — aggregate,0.0102999832244776,DALY/capita,Human Capital,Health and well-being,"HEALTH | VI — IHME GBD 2019, Valuing Impact"
Burkina Faso,BFA,Sub-Saharan Africa,Low income,56.95,smoking,Lifestyle,Smoking — all causes,0.0046043960728136,DALY/capita,Human Capital,Health and well-being,"HEALTH | VI — IHME GBD 2019, Valuing Impact"
Bangladesh,BGD,South Asia,Lower middle income,57.94,wash_handwashing_diarrheal,WASH,No handwashing facility — diarrheal disease,0.00192913239246421,DALY/capita,Human Capital,Health and well-being,"HEALTH | VI — IHME GBD 2019, Valuing Impact"
Bangladesh,BGD,South Asia,Lower middle income,57.94,wash_sanitation_diarrheal,WASH,Unsafe sanitation — diarrheal disease,0.004110831947941799,DALY/capita,Human Capital,Health and well-being,"HEALTH | VI — IHME GBD 2019, Valuing Impact"
Bangladesh,BGD,South Asia,Lower middle income,57.94,wash_water_diarrheal,WASH,Unsafe water source — diarrheal disease,0.006181251507594821,DALY/capita,Human Capital,Health and well-being,"HEALTH | VI — IHME GBD 2019, Valuing Impact"
Bangladesh,BGD,South Asia,Lower middle income,57.94,wash_handwashing_respiratory,WASH,No handwashing — lower respiratory infections,0.00193681369515665,DALY/capita,Human Capital,Health and well-being,"HEALTH | VI — IHME GBD 2019, Valuing Impact"
Bangladesh,BGD,South Asia,Lower middle income,57.94,ohs_secondhand_smoke,OHS,Second-hand smoke — all causes,0.00469663966158026,DALY/capita,Human Capital,Health and well-being,"HEALTH | VI — IHME GBD 2019, Valuing Impact"
Bangladesh,BGD,South Asia,Lower middle income,57.94,ohs_occupational_pm,OHS,Occupational PM/gases/fumes — all causes,0.0013978686814883,DALY/capita,Human Capital,Health and well-being,"HEALTH | VI — IHME GBD 2019, Valuing Impact"
Bangladesh,BGD,South Asia,Lower middle income,57.94,ohs_occupational_injuries,OHS,Occupational injuries — all causes,0.00458449570072243,DALY/capita,Human Capital,Health and well-being,"HEALTH | VI — IHME GBD 2019, Valuing Impact"
Bangladesh,BGD,South Asia,Lower middle income,57.94,diet_processed_meat,Diet,Diet high in processed meat,0.00104603958928319,DALY/capita,Human Capital,Health and well-being,"HEALTH | VI — IHME GBD 2019, Valuing Impact"
Bangladesh,BGD,South Asia,Lower middle income,57.94,diet_red_meat,Diet,Diet high in red meat,0.000544067736872426,DALY/capita,Human Capital,Health and well-being,"HEALTH | VI — IHME GBD 2019, Valuing Impact"
Bangladesh,BGD,South Asia,Lower middle income,57.94,diet_sodium,Diet,Diet high in sodium,0.00306053541431596,DALY/capita,Human Capital,Health and well-being,"HEALTH | VI — IHME GBD 2019, Valuing Impact"
Bangladesh,BGD,South Asia,Lower middle income,57.94,diet_sugary_beverages,Diet,Diet high in sugar-sweetened beverages,0.000819644657292895,DALY/capita,Human Capital,Health and well-being,"HEALTH | VI — IHME GBD 2019, Valuing Impact"
Bangladesh,BGD,South Asia,Lower middle income,57.94,diet_trans_fats,Diet,Diet high in trans fats,0.0019818125386185698,DALY/capita,Human Capital,Health and well-being,"HEALTH | VI — IHME GBD 2019, Valuing Impact"
Bangladesh,BGD,South Asia,Lower middle income,57.94,diet_low_vegetables,Diet,Diet low in vegetables,0.00366196635944731,DALY/capita,Human Capital,Health and well-being,"HEALTH | VI — IHME GBD 2019, Valuing Impact"
Bangladesh,BGD,South Asia,Lower middle income,57.94,diet_low_whole_grains,Diet,Diet low in whole grains,0.00260103262637748,DALY/capita,Human Capital,Health and well-being,"HEALTH | VI — IHME GBD 2019, Valuing Impact"
Bangladesh,BGD,South Asia,Lower middle income,57.94,diet_risks_total,Diet,Dietary risks — aggregate,0.0220983155139066,DALY/capita,Human Capital,Health and well-being,"HEALTH | VI — IHME GBD 2019, Valuing Impact"
Bangladesh,BGD,South Asia,Lower middle income,57.94,smoking,Lifestyle,Smoking — all causes,0.0180457520221748,DALY/capita,Human Capital,Health and well-being,"HEALTH | VI — IHME GBD 2019, Valuing Impact"
Bulgaria,BGR,Europe & Central Asia,Upper middle income,1040.02,wash_handwashing_diarrheal,WASH,No handwashing facility — diarrheal disease,2.5559124543500703e-05,DALY/capita,Human Capital,Health and well-being,"HEALTH | VI — IHME GBD 2019, Valuing Impact"
Bulgaria,BGR,Europe & Central Asia,Upper middle income,1040.02,wash_sanitation_diarrheal,WASH,Unsafe sanitation — diarrheal disease,4.6600241809576e-05,DALY/capita,Human Capital,Health and well-being,"HEALTH | VI — IHME GBD 2019, Valuing Impact"
Bulgaria,BGR,Europe & Central Asia,Upper middle income,1040.02,wash_water_diarrheal,WASH,Unsafe water source — diarrheal disease,0.000521725293511129,DALY/capita,Human Capital,Health and well-being,"HEALTH | VI — IHME GBD 2019, Valuing Impact"
Bulgaria,BGR,Europe & Central Asia,Upper middle income,1040.02,wash_handwashing_respiratory,WASH,No handwashing — lower respiratory infections,7.013231222484179e-05,DALY/capita,Human Capital,Health and well-being,"HEALTH | VI — IHME GBD 2019, Valuing Impact"
Bulgaria,BGR,Europe & Central Asia,Upper middle income,1040.02,ohs_secondhand_smoke,OHS,Second-hand smoke — all causes,0.0102022465523295,DALY/capita,Human Capital,Health and well-being,"HEALTH | VI — IHME GBD 2019, Valuing Impact"
Bulgaria,BGR,Europe & Central Asia,Upper middle income,1040.02,ohs_occupational_pm,OHS,Occupational PM/gases/fumes — all causes,0.0011165788303451,DALY/capita,Human Capital,Health and well-being,"HEALTH | VI — IHME GBD 2019, Valuing Impact"
Bulgaria,BGR,Europe & Central Asia,Upper middle income,1040.02,ohs_occupational_injuries,OHS,Occupational injuries — all causes,0.00197170183394464,DALY/capita,Human Capital,Health and well-being,"HEALTH | VI — IHME GBD 2019, Valuing Impact"
Bulgaria,BGR,Europe & Central Asia,Upper middle income,1040.02,diet_processed_meat,Diet,Diet high in processed meat,0.0059647359867009,DALY/capita,Human Capital,Health and well-being,"HEALTH | VI — IHME GBD 2019, Valuing Impact"
Bulgaria,BGR,Europe & Central Asia,Upper middle income,1040.02,diet_red_meat,Diet,Diet high in red meat,0.015304792802434299,DALY/capita,Human Capital,Health and well-being,"HEALTH | VI — IHME GBD 2019, Valuing Impact"
Bulgaria,BGR,Europe & Central Asia,Upper middle income,1040.02,diet_sodium,Diet,Diet high in sodium,0.0369344735557516,DALY/capita,Human Capital,Health and well-being,"HEALTH | VI — IHME GBD 2019, Valuing Impact"
Bulgaria,BGR,Europe & Central Asia,Upper middle income,1040.02,diet_sugary_beverages,Diet,Diet high in sugar-sweetened beverages,0.00245713039792194,DALY/capita,Human Capital,Health and well-being,"HEALTH | VI — IHME GBD 2019, Valuing Impact"
Bulgaria,BGR,Europe & Central Asia,Upper middle income,1040.02,diet_trans_fats,Diet,Diet high in trans fats,0.00462292334438747,DALY/capita,Human Capital,Health and well-being,"HEALTH | VI — IHME GBD 2019, Valuing Impact"
Bulgaria,BGR,Europe & Central Asia,Upper middle income,1040.02,diet_low_vegetables,Diet,Diet low in vegetables,0.0009914048420066519,DALY/capita,Human Capital,Health and well-being,"HEALTH | VI — IHME GBD 2019, Valuing Impact"
Bulgaria,BGR,Europe & Central Asia,Upper middle income,1040.02,diet_low_whole_grains,Diet,Diet low in whole grains,0.019478845553208602,DALY/capita,Human Capital,Health and well-being,"HEALTH | VI — IHME GBD 2019, Valuing Impact"
Bulgaria,BGR,Europe & Central Asia,Upper middle income,1040.02,diet_risks_total,Diet,Dietary risks — aggregate,0.0939627103275113,DALY/capita,Human Capital,Health and well-being,"HEALTH | VI — IHME GBD 2019, Valuing Impact"
Bulgaria,BGR,Europe & Central Asia,Upper middle income,1040.02,smoking,Lifestyle,Smoking — all causes,0.0824868773258026,DALY/capita,Human Capital,Health and well-being,"HEALTH | VI — IHME GBD 2019, Valuing Impact"
Bahrain,BHR,Middle East & North Africa,High income,1146.47,wash_handwashing_diarrheal,WASH,No handwashing facility — diarrheal disease,0.00011960875693962701,DALY/capita,Human Capital,Health and well-being,"HEALTH | VI — IHME GBD 2019, Valuing Impact"
Bahrain,BHR,Middle East & North Africa,High income,1146.47,wash_sanitation_diarrheal,WASH,Unsafe sanitation — diarrheal disease,0.00016559491155152797,DALY/capita,Human Capital,Health and well-being,"HEALTH | VI — IHME GBD 2019, Valuing Impact"
Bahrain,BHR,Middle East & North Africa,High income,1146.47,wash_water_diarrheal,WASH,Unsafe water source — diarrheal disease,0.0008624235101961599,DALY/capita,Human Capital,Health and well-being,"HEALTH | VI — IHME GBD 2019, Valuing Impact"
Bahrain,BHR,Middle East & North Africa,High income,1146.47,wash_handwashing_respiratory,WASH,No handwashing — lower respiratory infections,6.884150906354871e-05,DALY/capita,Human Capital,Health and well-being,"HEALTH | VI — IHME GBD 2019, Valuing Impact"
Bahrain,BHR,Middle East & North Africa,High income,1146.47,ohs_secondhand_smoke,OHS,Second-hand smoke — all causes,0.0037230798472355597,DALY/capita,Human Capital,Health and well-being,"HEALTH | VI — IHME GBD 2019, Valuing Impact"
Bahrain,BHR,Middle East & North Africa,High income,1146.47,ohs_occupational_pm,OHS,Occupational PM/gases/fumes — all causes,0.00030413881785506196,DALY/capita,Human Capital,Health and well-being,"HEALTH | VI — IHME GBD 2019, Valuing Impact"
Bahrain,BHR,Middle East & North Africa,High income,1146.47,ohs_occupational_injuries,OHS,Occupational injuries — all causes,0.00283204101183008,DALY/capita,Human Capital,Health and well-being,"HEALTH | VI — IHME GBD 2019, Valuing Impact"
Bahrain,BHR,Middle East & North Africa,High income,1146.47,diet_processed_meat,Diet,Diet high in processed meat,0.0008318488438799809,DALY/capita,Human Capital,Health and well-being,"HEALTH | VI — IHME GBD 2019, Valuing Impact"
Bahrain,BHR,Middle East & North Africa,High income,1146.47,diet_red_meat,Diet,Diet high in red meat,0.00230438778553336,DALY/capita,Human Capital,Health and well-being,"HEALTH | VI — IHME GBD 2019, Valuing Impact"
Bahrain,BHR,Middle East & North Africa,High income,1146.47,diet_sodium,Diet,Diet high in sodium,0.000699591632454707,DALY/capita,Human Capital,Health and well-being,"HEALTH | VI — IHME GBD 2019, Valuing Impact"
Bahrain,BHR,Middle East & North Africa,High income,1146.47,diet_sugary_beverages,Diet,Diet high in sugar-sweetened beverages,0.0012733039299448901,DALY/capita,Human Capital,Health and well-being,"HEALTH | VI — IHME GBD 2019, Valuing Impact"
Bahrain,BHR,Middle East & North Africa,High income,1146.47,diet_trans_fats,Diet,Diet high in trans fats,0.0012903469641397,DALY/capita,Human Capital,Health and well-being,"HEALTH | VI — IHME GBD 2019, Valuing Impact"
Bahrain,BHR,Middle East & North Africa,High income,1146.47,diet_low_vegetables,Diet,Diet low in vegetables,0.000269755613659144,DALY/capita,Human Capital,Health and well-being,"HEALTH | VI — IHME GBD 2019, Valuing Impact"
Bahrain,BHR,Middle East & North Africa,High income,1146.47,diet_low_whole_grains,Diet,Diet low in whole grains,0.00585341070270315,DALY/capita,Human Capital,Health and well-being,"HEALTH | VI — IHME GBD 2019, Valuing Impact"
Bahrain,BHR,Middle East & North Africa,High income,1146.47,diet_risks_total,Diet,Dietary risks — aggregate,0.0144396895573279,DALY/capita,Human Capital,Health and well-being,"HEALTH | VI — IHME GBD 2019, Valuing Impact"
Bahrain,BHR,Middle East & North Africa,High income,1146.47,smoking,Lifestyle,Smoking — all causes,0.0137593120207115,DALY/capita,Human Capital,Health and well-being,"HEALTH | VI — IHME GBD 2019, Valuing Impact"
"Bahamas, The",BHS,Latin America & Caribbean,High income,1961.68,wash_handwashing_diarrheal,WASH,No handwashing facility — diarrheal disease,0.00017813559303941302,DALY/capita,Human Capital,Health and well-being,"HEALTH | VI — IHME GBD 2019, Valuing Impact"
"Bahamas, The",BHS,Latin America & Caribbean,High income,1961.68,wash_sanitation_diarrheal,WASH,Unsafe sanitation — diarrheal disease,0.00021632005910405798,DALY/capita,Human Capital,Health and well-being,"HEALTH | VI — IHME GBD 2019, Valuing Impact"
"Bahamas, The",BHS,Latin America & Caribbean,High income,1961.68,wash_water_diarrheal,WASH,Unsafe water source — diarrheal disease,0.00126252800249681,DALY/capita,Human Capital,Health and well-being,"HEALTH | VI — IHME GBD 2019, Valuing Impact"
"Bahamas, The",BHS,Latin America & Caribbean,High income,1961.68,wash_handwashing_respiratory,WASH,No handwashing — lower respiratory infections,0.000381372933421122,DALY/capita,Human Capital,Health and well-being,"HEALTH | VI — IHME GBD 2019, Valuing Impact"
"Bahamas, The",BHS,Latin America & Caribbean,High income,1961.68,ohs_secondhand_smoke,OHS,Second-hand smoke — all causes,0.0029196206032826304,DALY/capita,Human Capital,Health and well-being,"HEALTH | VI — IHME GBD 2019, Valuing Impact"
"Bahamas, The",BHS,Latin America & Caribbean,High income,1961.68,ohs_occupational_pm,OHS,Occupational PM/gases/fumes — all causes,0.00020845370838236502,DALY/capita,Human Capital,Health and well-being,"HEALTH | VI — IHME GBD 2019, Valuing Impact"
"Bahamas, The",BHS,Latin America & Caribbean,High income,1961.68,ohs_occupational_injuries,OHS,Occupational injuries — all causes,0.000679346412342464,DALY/capita,Human Capital,Health and well-being,"HEALTH | VI — IHME GBD 2019, Valuing Impact"
"Bahamas, The",BHS,Latin America & Caribbean,High income,1961.68,diet_processed_meat,Diet,Diet high in processed meat,0.0007696933063303879,DALY/capita,Human Capital,Health and well-being,"HEALTH | VI — IHME GBD 2019, Valuing Impact"
"Bahamas, The",BHS,Latin America & Caribbean,High income,1961.68,diet_red_meat,Diet,Diet high in red meat,0.00413859292518585,DALY/capita,Human Capital,Health and well-being,"HEALTH | VI — IHME GBD 2019, Valuing Impact"
"Bahamas, The",BHS,Latin America & Caribbean,High income,1961.68,diet_sodium,Diet,Diet high in sodium,0.0028874992784978797,DALY/capita,Human Capital,Health and well-being,"HEALTH | VI — IHME GBD 2019, Valuing Impact"
"Bahamas, The",BHS,Latin America & Caribbean,High income,1961.68,diet_sugary_beverages,Diet,Diet high in sugar-sweetened beverages,0.0010953337523489201,DALY/capita,Human Capital,Health and well-being,"HEALTH | VI — IHME GBD 2019, Valuing Impact"
"Bahamas, The",BHS,Latin America & Caribbean,High income,1961.68,diet_trans_fats,Diet,Diet high in trans fats,0.00108375824041457,DALY/capita,Human Capital,Health and well-being,"HEALTH | VI — IHME GBD 2019, Valuing Impact"
"Bahamas, The",BHS,Latin America & Caribbean,High income,1961.68,diet_low_vegetables,Diet,Diet low in vegetables,0.00156170246511228,DALY/capita,Human Capital,Health and well-being,"HEALTH | VI — IHME GBD 2019, Valuing Impact"
"Bahamas, The",BHS,Latin America & Caribbean,High income,1961.68,diet_low_whole_grains,Diet,Diet low in whole grains,0.00665816507399551,DALY/capita,Human Capital,Health and well-being,"HEALTH | VI — IHME GBD 2019, Valuing Impact"
"Bahamas, The",BHS,Latin America & Caribbean,High income,1961.68,diet_risks_total,Diet,Dietary risks — aggregate,0.0229834222644429,DALY/capita,Human Capital,Health and well-being,"HEALTH | VI — IHME GBD 2019, Valuing Impact"
"Bahamas, The",BHS,Latin America & Caribbean,High income,1961.68,smoking,Lifestyle,Smoking — all causes,0.012336091470717299,DALY/capita,Human Capital,Health and well-being,"HEALTH | VI — IHME GBD 2019, Valuing Impact"
Bosnia and Herzegovina,BIH,Europe & Central Asia,Upper middle income,691.53,wash_handwashing_diarrheal,WASH,No handwashing facility — diarrheal disease,3.50647024305487e-05,DALY/capita,Human Capital,Health and well-being,"HEALTH | VI — IHME GBD 2019, Valuing Impact"
Bosnia and Herzegovina,BIH,Europe & Central Asia,Upper middle income,691.53,wash_sanitation_diarrheal,WASH,Unsafe sanitation — diarrheal disease,0.000176643750958697,DALY/capita,Human Capital,Health and well-being,"HEALTH | VI — IHME GBD 2019, Valuing Impact"
Bosnia and Herzegovina,BIH,Europe & Central Asia,Upper middle income,691.53,wash_water_diarrheal,WASH,Unsafe water source — diarrheal disease,0.0005770854839188091,DALY/capita,Human Capital,Health and well-being,"HEALTH | VI — IHME GBD 2019, Valuing Impact"
Bosnia and Herzegovina,BIH,Europe & Central Asia,Upper middle income,691.53,wash_handwashing_respiratory,WASH,No handwashing — lower respiratory infections,2.82979546590046e-05,DALY/capita,Human Capital,Health and well-being,"HEALTH | VI — IHME GBD 2019, Valuing Impact"
Bosnia and Herzegovina,BIH,Europe & Central Asia,Upper middle income,691.53,ohs_secondhand_smoke,OHS,Second-hand smoke — all causes,0.009162500729754391,DALY/capita,Human Capital,Health and well-being,"HEALTH | VI — IHME GBD 2019, Valuing Impact"
Bosnia and Herzegovina,BIH,Europe & Central Asia,Upper middle income,691.53,ohs_occupational_pm,OHS,Occupational PM/gases/fumes — all causes,0.0006440784309229779,DALY/capita,Human Capital,Health and well-being,"HEALTH | VI — IHME GBD 2019, Valuing Impact"
Bosnia and Herzegovina,BIH,Europe & Central Asia,Upper middle income,691.53,ohs_occupational_injuries,OHS,Occupational injuries — all causes,0.00244286364886971,DALY/capita,Human Capital,Health and well-being,"HEALTH | VI — IHME GBD 2019, Valuing Impact"
Bosnia and Herzegovina,BIH,Europe & Central Asia,Upper middle income,691.53,diet_processed_meat,Diet,Diet high in processed meat,0.00422620819684159,DALY/capita,Human Capital,Health and well-being,"HEALTH | VI — IHME GBD 2019, Valuing Impact"
Bosnia and Herzegovina,BIH,Europe & Central Asia,Upper middle income,691.53,diet_red_meat,Diet,Diet high in red meat,0.00404010286352489,DALY/capita,Human Capital,Health and well-being,"HEALTH | VI — IHME GBD 2019, Valuing Impact"
Bosnia and Herzegovina,BIH,Europe & Central Asia,Upper middle income,691.53,diet_sodium,Diet,Diet high in sodium,0.0178473182038226,DALY/capita,Human Capital,Health and well-being,"HEALTH | VI — IHME GBD 2019, Valuing Impact"
Bosnia and Herzegovina,BIH,Europe & Central Asia,Upper middle income,691.53,diet_sugary_beverages,Diet,Diet high in sugar-sweetened beverages,0.0017535862927388602,DALY/capita,Human Capital,Health and well-being,"HEALTH | VI — IHME GBD 2019, Valuing Impact"
Bosnia and Herzegovina,BIH,Europe & Central Asia,Upper middle income,691.53,diet_trans_fats,Diet,Diet high in trans fats,0.0018168830809476798,DALY/capita,Human Capital,Health and well-being,"HEALTH | VI — IHME GBD 2019, Valuing Impact"
Bosnia and Herzegovina,BIH,Europe & Central Asia,Upper middle income,691.53,diet_low_vegetables,Diet,Diet low in vegetables,0.00106755143648182,DALY/capita,Human Capital,Health and well-being,"HEALTH | VI — IHME GBD 2019, Valuing Impact"
Bosnia and Herzegovina,BIH,Europe & Central Asia,Upper middle income,691.53,diet_low_whole_grains,Diet,Diet low in whole grains,0.010123712895184,DALY/capita,Human Capital,Health and well-being,"HEALTH | VI — IHME GBD 2019, Valuing Impact"
Bosnia and Herzegovina,BIH,Europe & Central Asia,Upper middle income,691.53,diet_risks_total,Diet,Dietary risks — aggregate,0.048224808262552495,DALY/capita,Human Capital,Health and well-being,"HEALTH | VI — IHME GBD 2019, Valuing Impact"
Bosnia and Herzegovina,BIH,Europe & Central Asia,Upper middle income,691.53,smoking,Lifestyle,Smoking — all causes,0.0681176433521376,DALY/capita,Human Capital,Health and well-being,"HEALTH | VI — IHME GBD 2019, Valuing Impact"
Belarus,BLR,Europe & Central Asia,Upper middle income,467.52,wash_handwashing_diarrheal,WASH,No handwashing facility — diarrheal disease,4.3610668009748405e-05,DALY/capita,Human Capital,Health and well-being,"HEALTH | VI — IHME GBD 2019, Valuing Impact"
Belarus,BLR,Europe & Central Asia,Upper middle income,467.52,wash_sanitation_diarrheal,WASH,Unsafe sanitation — diarrheal disease,0.000358072235047821,DALY/capita,Human Capital,Health and well-being,"HEALTH | VI — IHME GBD 2019, Valuing Impact"
Belarus,BLR,Europe & Central Asia,Upper middle income,467.52,wash_water_diarrheal,WASH,Unsafe water source — diarrheal disease,0.000489918015563651,DALY/capita,Human Capital,Health and well-being,"HEALTH | VI — IHME GBD 2019, Valuing Impact"
Belarus,BLR,Europe & Central Asia,Upper middle income,467.52,wash_handwashing_respiratory,WASH,No handwashing — lower respiratory infections,6.140644910735931e-05,DALY/capita,Human Capital,Health and well-being,"HEALTH | VI — IHME GBD 2019, Valuing Impact"
Belarus,BLR,Europe & Central Asia,Upper middle income,467.52,ohs_secondhand_smoke,OHS,Second-hand smoke — all causes,0.00588983828708285,DALY/capita,Human Capital,Health and well-being,"HEALTH | VI — IHME GBD 2019, Valuing Impact"
Belarus,BLR,Europe & Central Asia,Upper middle income,467.52,ohs_occupational_pm,OHS,Occupational PM/gases/fumes — all causes,0.000663249689264262,DALY/capita,Human Capital,Health and well-being,"HEALTH | VI — IHME GBD 2019, Valuing Impact"
Belarus,BLR,Europe & Central Asia,Upper middle income,467.52,ohs_occupational_injuries,OHS,Occupational injuries — all causes,0.0017849609346196,DALY/capita,Human Capital,Health and well-being,"HEALTH | VI — IHME GBD 2019, Valuing Impact"
Belarus,BLR,Europe & Central Asia,Upper middle income,467.52,diet_processed_meat,Diet,Diet high in processed meat,0.0057396647362657,DALY/capita,Human Capital,Health and well-being,"HEALTH | VI — IHME GBD 2019, Valuing Impact"
Belarus,BLR,Europe & Central Asia,Upper middle income,467.52,diet_red_meat,Diet,Diet high in red meat,0.0122774358113354,DALY/capita,Human Capital,Health and well-being,"HEALTH | VI — IHME GBD 2019, Valuing Impact"
Belarus,BLR,Europe & Central Asia,Upper middle income,467.52,diet_sodium,Diet,Diet high in sodium,0.005306264841061149,DALY/capita,Human Capital,Health and well-being,"HEALTH | VI — IHME GBD 2019, Valuing Impact"
Belarus,BLR,Europe & Central Asia,Upper middle income,467.52,diet_sugary_beverages,Diet,Diet high in sugar-sweetened beverages,0.00235695201273374,DALY/capita,Human Capital,Health and well-being,"HEALTH | VI — IHME GBD 2019, Valuing Impact"
Belarus,BLR,Europe & Central Asia,Upper middle income,467.52,diet_trans_fats,Diet,Diet high in trans fats,0.0044382983692392,DALY/capita,Human Capital,Health and well-being,"HEALTH | VI — IHME GBD 2019, Valuing Impact"
Belarus,BLR,Europe & Central Asia,Upper middle income,467.52,diet_low_vegetables,Diet,Diet low in vegetables,0.00148191774416122,DALY/capita,Human Capital,Health and well-being,"HEALTH | VI — IHME GBD 2019, Valuing Impact"
Belarus,BLR,Europe & Central Asia,Upper middle income,467.52,diet_low_whole_grains,Diet,Diet low in whole grains,0.0236883365195358,DALY/capita,Human Capital,Health and well-being,"HEALTH | VI — IHME GBD 2019, Valuing Impact"
Belarus,BLR,Europe & Central Asia,Upper middle income,467.52,diet_risks_total,Diet,Dietary risks — aggregate,0.0710075023165272,DALY/capita,Human Capital,Health and well-being,"HEALTH | VI — IHME GBD 2019, Valuing Impact"
Belarus,BLR,Europe & Central Asia,Upper middle income,467.52,smoking,Lifestyle,Smoking — all causes,0.0593052936266854,DALY/capita,Human Capital,Health and well-being,"HEALTH | VI — IHME GBD 2019, Valuing Impact"
Belize,BLZ,Latin America & Caribbean,Upper middle income,310.2,wash_handwashing_diarrheal,WASH,No handwashing facility — diarrheal disease,0.000416545000103974,DALY/capita,Human Capital,Health and well-being,"HEALTH | VI — IHME GBD 2019, Valuing Impact"
Belize,BLZ,Latin America & Caribbean,Upper middle income,310.2,wash_sanitation_diarrheal,WASH,Unsafe sanitation — diarrheal disease,0.000926614823745095,DALY/capita,Human Capital,Health and well-being,"HEALTH | VI — IHME GBD 2019, Valuing Impact"
Belize,BLZ,Latin America & Caribbean,Upper middle income,310.2,wash_water_diarrheal,WASH,Unsafe water source — diarrheal disease,0.00238269998189483,DALY/capita,Human Capital,Health and well-being,"HEALTH | VI — IHME GBD 2019, Valuing Impact"
Belize,BLZ,Latin America & Caribbean,Upper middle income,310.2,wash_handwashing_respiratory,WASH,No handwashing — lower respiratory infections,0.0007587573868191581,DALY/capita,Human Capital,Health and well-being,"HEALTH | VI — IHME GBD 2019, Valuing Impact"
Belize,BLZ,Latin America & Caribbean,Upper middle income,310.2,ohs_secondhand_smoke,OHS,Second-hand smoke — all causes,0.00233297122337207,DALY/capita,Human Capital,Health and well-being,"HEALTH | VI — IHME GBD 2019, Valuing Impact"
Belize,BLZ,Latin America & Caribbean,Upper middle income,310.2,ohs_occupational_pm,OHS,Occupational PM/gases/fumes — all causes,0.000420108667491446,DALY/capita,Human Capital,Health and well-being,"HEALTH | VI — IHME GBD 2019, Valuing Impact"
Belize,BLZ,Latin America & Caribbean,Upper middle income,310.2,ohs_occupational_injuries,OHS,Occupational injuries — all causes,0.0022994467846895,DALY/capita,Human Capital,Health and well-being,"HEALTH | VI — IHME GBD 2019, Valuing Impact"
Belize,BLZ,Latin America & Caribbean,Upper middle income,310.2,diet_processed_meat,Diet,Diet high in processed meat,0.000593610957909264,DALY/capita,Human Capital,Health and well-being,"HEALTH | VI — IHME GBD 2019, Valuing Impact"
Belize,BLZ,Latin America & Caribbean,Upper middle income,310.2,diet_red_meat,Diet,Diet high in red meat,0.0011585543701582801,DALY/capita,Human Capital,Health and well-being,"HEALTH | VI — IHME GBD 2019, Valuing Impact"
Belize,BLZ,Latin America & Caribbean,Upper middle income,310.2,diet_sodium,Diet,Diet high in sodium,0.00144179728820911,DALY/capita,Human Capital,Health and well-being,"HEALTH | VI — IHME GBD 2019, Valuing Impact"
Belize,BLZ,Latin America & Caribbean,Upper middle income,310.2,diet_sugary_beverages,Diet,Diet high in sugar-sweetened beverages,0.0006103303771264639,DALY/capita,Human Capital,Health and well-being,"HEALTH | VI — IHME GBD 2019, Valuing Impact"
Belize,BLZ,Latin America & Caribbean,Upper middle income,310.2,diet_trans_fats,Diet,Diet high in trans fats,0.000611862847818754,DALY/capita,Human Capital,Health and well-being,"HEALTH | VI — IHME GBD 2019, Valuing Impact"
Belize,BLZ,Latin America & Caribbean,Upper middle income,310.2,diet_low_vegetables,Diet,Diet low in vegetables,0.00155330304709075,DALY/capita,Human Capital,Health and well-being,"HEALTH | VI — IHME GBD 2019, Valuing Impact"
Belize,BLZ,Latin America & Caribbean,Upper middle income,310.2,diet_low_whole_grains,Diet,Diet low in whole grains,0.0031166979279770497,DALY/capita,Human Capital,Health and well-being,"HEALTH | VI — IHME GBD 2019, Valuing Impact"
Belize,BLZ,Latin America & Caribbean,Upper middle income,310.2,diet_risks_total,Diet,Dietary risks — aggregate,0.0101676638875574,DALY/capita,Human Capital,Health and well-being,"HEALTH | VI — IHME GBD 2019, Valuing Impact"
Belize,BLZ,Latin America & Caribbean,Upper middle income,310.2,smoking,Lifestyle,Smoking — all causes,0.00968722664857407,DALY/capita,Human Capital,Health and well-being,"HEALTH | VI — IHME GBD 2019, Valuing Impact"
Bermuda,BMU,North America,High income,0.0,wash_handwashing_diarrheal,WASH,No handwashing facility — diarrheal disease,0.000217027479072874,DALY/capita,Human Capital,Health and well-being,"HEALTH | VI — IHME GBD 2019, Valuing Impact"
Bermuda,BMU,North America,High income,0.0,wash_sanitation_diarrheal,WASH,Unsafe sanitation — diarrheal disease,0.000200937817421683,DALY/capita,Human Capital,Health and well-being,"HEALTH | VI — IHME GBD 2019, Valuing Impact"
Bermuda,BMU,North America,High income,0.0,wash_water_diarrheal,WASH,Unsafe water source — diarrheal disease,0.00152496778528026,DALY/capita,Human Capital,Health and well-being,"HEALTH | VI — IHME GBD 2019, Valuing Impact"
Bermuda,BMU,North America,High income,0.0,wash_handwashing_respiratory,WASH,No handwashing — lower respiratory infections,0.00024050186113990201,DALY/capita,Human Capital,Health and well-being,"HEALTH | VI — IHME GBD 2019, Valuing Impact"
Bermuda,BMU,North America,High income,0.0,ohs_secondhand_smoke,OHS,Second-hand smoke — all causes,0.0028888872588902,DALY/capita,Human Capital,Health and well-being,"HEALTH | VI — IHME GBD 2019, Valuing Impact"
Bermuda,BMU,North America,High income,0.0,ohs_occupational_pm,OHS,Occupational PM/gases/fumes — all causes,0.00047221264367950603,DALY/capita,Human Capital,Health and well-being,"HEALTH | VI — IHME GBD 2019, Valuing Impact"
Bermuda,BMU,North America,High income,0.0,ohs_occupational_injuries,OHS,Occupational injuries — all causes,0.0014043715628478401,DALY/capita,Human Capital,Health and well-being,"HEALTH | VI — IHME GBD 2019, Valuing Impact"
Bermuda,BMU,North America,High income,0.0,diet_processed_meat,Diet,Diet high in processed meat,0.000779428304108865,DALY/capita,Human Capital,Health and well-being,"HEALTH | VI — IHME GBD 2019, Valuing Impact"
Bermuda,BMU,North America,High income,0.0,diet_red_meat,Diet,Diet high in red meat,0.00481466405526389,DALY/capita,Human Capital,Health and well-being,"HEALTH | VI — IHME GBD 2019, Valuing Impact"
Bermuda,BMU,North America,High income,0.0,diet_sodium,Diet,Diet high in sodium,0.00265004471077909,DALY/capita,Human Capital,Health and well-being,"HEALTH | VI — IHME GBD 2019, Valuing Impact"
Bermuda,BMU,North America,High income,0.0,diet_sugary_beverages,Diet,Diet high in sugar-sweetened beverages,0.00144537623067908,DALY/capita,Human Capital,Health and well-being,"HEALTH | VI — IHME GBD 2019, Valuing Impact"
Bermuda,BMU,North America,High income,0.0,diet_trans_fats,Diet,Diet high in trans fats,0.0013165124817205,DALY/capita,Human Capital,Health and well-being,"HEALTH | VI — IHME GBD 2019, Valuing Impact"
Bermuda,BMU,North America,High income,0.0,diet_low_vegetables,Diet,Diet low in vegetables,0.00157412908565886,DALY/capita,Human Capital,Health and well-being,"HEALTH | VI — IHME GBD 2019, Valuing Impact"
Bermuda,BMU,North America,High income,0.0,diet_low_whole_grains,Diet,Diet low in whole grains,0.00724446071896532,DALY/capita,Human Capital,Health and well-being,"HEALTH | VI — IHME GBD 2019, Valuing Impact"
Bermuda,BMU,North America,High income,0.0,diet_risks_total,Diet,Dietary risks — aggregate,0.0258337719190559,DALY/capita,Human Capital,Health and well-being,"HEALTH | VI — IHME GBD 2019, Valuing Impact"
Bermuda,BMU,North America,High income,0.0,smoking,Lifestyle,Smoking — all causes,0.0227468949022896,DALY/capita,Human Capital,Health and well-being,"HEALTH | VI — IHME GBD 2019, Valuing Impact"
Bolivia,BOL,Latin America & Caribbean,Lower middle income,272.96,wash_handwashing_diarrheal,WASH,No handwashing facility — diarrheal disease,0.000628384560322381,DALY/capita,Human Capital,Health and well-being,"HEALTH | VI — IHME GBD 2019, Valuing Impact"
Bolivia,BOL,Latin America & Caribbean,Lower middle income,272.96,wash_sanitation_diarrheal,WASH,Unsafe sanitation — diarrheal disease,0.00161671494376753,DALY/capita,Human Capital,Health and well-being,"HEALTH | VI — IHME GBD 2019, Valuing Impact"
Bolivia,BOL,Latin America & Caribbean,Lower middle income,272.96,wash_water_diarrheal,WASH,Unsafe water source — diarrheal disease,0.0030966983043269895,DALY/capita,Human Capital,Health and well-being,"HEALTH | VI — IHME GBD 2019, Valuing Impact"
Bolivia,BOL,Latin America & Caribbean,Lower middle income,272.96,wash_handwashing_respiratory,WASH,No handwashing — lower respiratory infections,0.00167835258968943,DALY/capita,Human Capital,Health and well-being,"HEALTH | VI — IHME GBD 2019, Valuing Impact"
Bolivia,BOL,Latin America & Caribbean,Lower middle income,272.96,ohs_secondhand_smoke,OHS,Second-hand smoke — all causes,0.00162353426774429,DALY/capita,Human Capital,Health and well-being,"HEALTH | VI — IHME GBD 2019, Valuing Impact"
Bolivia,BOL,Latin America & Caribbean,Lower middle income,272.96,ohs_occupational_pm,OHS,Occupational PM/gases/fumes — all causes,0.000526587317034239,DALY/capita,Human Capital,Health and well-being,"HEALTH | VI — IHME GBD 2019, Valuing Impact"
Bolivia,BOL,Latin America & Caribbean,Lower middle income,272.96,ohs_occupational_injuries,OHS,Occupational injuries — all causes,0.00160230101138478,DALY/capita,Human Capital,Health and well-being,"HEALTH | VI — IHME GBD 2019, Valuing Impact"
Bolivia,BOL,Latin America & Caribbean,Lower middle income,272.96,diet_processed_meat,Diet,Diet high in processed meat,0.000252883768948442,DALY/capita,Human Capital,Health and well-being,"HEALTH | VI — IHME GBD 2019, Valuing Impact"
Bolivia,BOL,Latin America & Caribbean,Lower middle income,272.96,diet_red_meat,Diet,Diet high in red meat,0.00250864344479085,DALY/capita,Human Capital,Health and well-being,"HEALTH | VI — IHME GBD 2019, Valuing Impact"
Bolivia,BOL,Latin America & Caribbean,Lower middle income,272.96,diet_sodium,Diet,Diet high in sodium,0.0026153121678673197,DALY/capita,Human Capital,Health and well-being,"HEALTH | VI — IHME GBD 2019, Valuing Impact"
Bolivia,BOL,Latin America & Caribbean,Lower middle income,272.96,diet_sugary_beverages,Diet,Diet high in sugar-sweetened beverages,0.0005934044466282429,DALY/capita,Human Capital,Health and well-being,"HEALTH | VI — IHME GBD 2019, Valuing Impact"
Bolivia,BOL,Latin America & Caribbean,Lower middle income,272.96,diet_trans_fats,Diet,Diet high in trans fats,0.0010756736851634,DALY/capita,Human Capital,Health and well-being,"HEALTH | VI — IHME GBD 2019, Valuing Impact"
Bolivia,BOL,Latin America & Caribbean,Lower middle income,272.96,diet_low_vegetables,Diet,Diet low in vegetables,0.0018134633149644698,DALY/capita,Human Capital,Health and well-being,"HEALTH | VI — IHME GBD 2019, Valuing Impact"
Bolivia,BOL,Latin America & Caribbean,Lower middle income,272.96,diet_low_whole_grains,Diet,Diet low in whole grains,0.0030659222551582097,DALY/capita,Human Capital,Health and well-being,"HEALTH | VI — IHME GBD 2019, Valuing Impact"
Bolivia,BOL,Latin America & Caribbean,Lower middle income,272.96,diet_risks_total,Diet,Dietary risks — aggregate,0.014240169972236299,DALY/capita,Human Capital,Health and well-being,"HEALTH | VI — IHME GBD 2019, Valuing Impact"
Bolivia,BOL,Latin America & Caribbean,Lower middle income,272.96,smoking,Lifestyle,Smoking — all causes,0.00741497862579158,DALY/capita,Human Capital,Health and well-being,"HEALTH | VI — IHME GBD 2019, Valuing Impact"
Brazil,BRA,Latin America & Caribbean,Upper middle income,761.27,wash_handwashing_diarrheal,WASH,No handwashing facility — diarrheal disease,0.00027010787951965,DALY/capita,Human Capital,Health and well-being,"HEALTH | VI — IHME GBD 2019, Valuing Impact"
Brazil,BRA,Latin America & Caribbean,Upper middle income,761.27,wash_sanitation_diarrheal,WASH,Unsafe sanitation — diarrheal disease,0.000874204274748758,DALY/capita,Human Capital,Health and well-being,"HEALTH | VI — IHME GBD 2019, Valuing Impact"
Brazil,BRA,Latin America & Caribbean,Upper middle income,761.27,wash_water_diarrheal,WASH,Unsafe water source — diarrheal disease,0.00150622664990178,DALY/capita,Human Capital,Health and well-being,"HEALTH | VI — IHME GBD 2019, Valuing Impact"
Brazil,BRA,Latin America & Caribbean,Upper middle income,761.27,wash_handwashing_respiratory,WASH,No handwashing — lower respiratory infections,0.000569782156959343,DALY/capita,Human Capital,Health and well-being,"HEALTH | VI — IHME GBD 2019, Valuing Impact"
Brazil,BRA,Latin America & Caribbean,Upper middle income,761.27,ohs_secondhand_smoke,OHS,Second-hand smoke — all causes,0.00355988290792028,DALY/capita,Human Capital,Health and well-being,"HEALTH | VI — IHME GBD 2019, Valuing Impact"
Brazil,BRA,Latin America & Caribbean,Upper middle income,761.27,ohs_occupational_pm,OHS,Occupational PM/gases/fumes — all causes,0.000844558101314711,DALY/capita,Human Capital,Health and well-being,"HEALTH | VI — IHME GBD 2019, Valuing Impact"
Brazil,BRA,Latin America & Caribbean,Upper middle income,761.27,ohs_occupational_injuries,OHS,Occupational injuries — all causes,0.0026155143784204198,DALY/capita,Human Capital,Health and well-being,"HEALTH | VI — IHME GBD 2019, Valuing Impact"
Brazil,BRA,Latin America & Caribbean,Upper middle income,761.27,diet_processed_meat,Diet,Diet high in processed meat,0.000887377421951937,DALY/capita,Human Capital,Health and well-being,"HEALTH | VI — IHME GBD 2019, Valuing Impact"
Brazil,BRA,Latin America & Caribbean,Upper middle income,761.27,diet_red_meat,Diet,Diet high in red meat,0.00544779652618153,DALY/capita,Human Capital,Health and well-being,"HEALTH | VI — IHME GBD 2019, Valuing Impact"
Brazil,BRA,Latin America & Caribbean,Upper middle income,761.27,diet_sodium,Diet,Diet high in sodium,0.00322673493910989,DALY/capita,Human Capital,Health and well-being,"HEALTH | VI — IHME GBD 2019, Valuing Impact"
Brazil,BRA,Latin America & Caribbean,Upper middle income,761.27,diet_sugary_beverages,Diet,Diet high in sugar-sweetened beverages,0.00107740654753343,DALY/capita,Human Capital,Health and well-being,"HEALTH | VI — IHME GBD 2019, Valuing Impact"
Brazil,BRA,Latin America & Caribbean,Upper middle income,761.27,diet_trans_fats,Diet,Diet high in trans fats,0.0013802472487225298,DALY/capita,Human Capital,Health and well-being,"HEALTH | VI — IHME GBD 2019, Valuing Impact"
Brazil,BRA,Latin America & Caribbean,Upper middle income,761.27,diet_low_vegetables,Diet,Diet low in vegetables,0.00203472296013885,DALY/capita,Human Capital,Health and well-being,"HEALTH | VI — IHME GBD 2019, Valuing Impact"
Brazil,BRA,Latin America & Caribbean,Upper middle income,761.27,diet_low_whole_grains,Diet,Diet low in whole grains,0.00387217323401316,DALY/capita,Human Capital,Health and well-being,"HEALTH | VI — IHME GBD 2019, Valuing Impact"
Brazil,BRA,Latin America & Caribbean,Upper middle income,761.27,diet_risks_total,Diet,Dietary risks — aggregate,0.0179373869310979,DALY/capita,Human Capital,Health and well-being,"HEALTH | VI — IHME GBD 2019, Valuing Impact"
Brazil,BRA,Latin America & Caribbean,Upper middle income,761.27,smoking,Lifestyle,Smoking — all causes,0.0210845247635029,DALY/capita,Human Capital,Health and well-being,"HEALTH | VI — IHME GBD 2019, Valuing Impact"
Barbados,BRB,Latin America & Caribbean,High income,1400.44,wash_handwashing_diarrheal,WASH,No handwashing facility — diarrheal disease,0.000267921822037307,DALY/capita,Human Capital,Health and well-being,"HEALTH | VI — IHME GBD 2019, Valuing Impact"
Barbados,BRB,Latin America & Caribbean,High income,1400.44,wash_sanitation_diarrheal,WASH,Unsafe sanitation — diarrheal disease,0.000457672582363703,DALY/capita,Human Capital,Health and well-being,"HEALTH | VI — IHME GBD 2019, Valuing Impact"
Barbados,BRB,Latin America & Caribbean,High income,1400.44,wash_water_diarrheal,WASH,Unsafe water source — diarrheal disease,0.0014846462439022,DALY/capita,Human Capital,Health and well-being,"HEALTH | VI — IHME GBD 2019, Valuing Impact"
Barbados,BRB,Latin America & Caribbean,High income,1400.44,wash_handwashing_respiratory,WASH,No handwashing — lower respiratory infections,0.000611487982095758,DALY/capita,Human Capital,Health and well-being,"HEALTH | VI — IHME GBD 2019, Valuing Impact"
Barbados,BRB,Latin America & Caribbean,High income,1400.44,ohs_secondhand_smoke,OHS,Second-hand smoke — all causes,0.0026862455539006696,DALY/capita,Human Capital,Health and well-being,"HEALTH | VI — IHME GBD 2019, Valuing Impact"
Barbados,BRB,Latin America & Caribbean,High income,1400.44,ohs_occupational_pm,OHS,Occupational PM/gases/fumes — all causes,0.000319460412437,DALY/capita,Human Capital,Health and well-being,"HEALTH | VI — IHME GBD 2019, Valuing Impact"
Barbados,BRB,Latin America & Caribbean,High income,1400.44,ohs_occupational_injuries,OHS,Occupational injuries — all causes,0.00105208089818581,DALY/capita,Human Capital,Health and well-being,"HEALTH | VI — IHME GBD 2019, Valuing Impact"
Barbados,BRB,Latin America & Caribbean,High income,1400.44,diet_processed_meat,Diet,Diet high in processed meat,0.00129803778468171,DALY/capita,Human Capital,Health and well-being,"HEALTH | VI — IHME GBD 2019, Valuing Impact"
Barbados,BRB,Latin America & Caribbean,High income,1400.44,diet_red_meat,Diet,Diet high in red meat,0.0039108450342362,DALY/capita,Human Capital,Health and well-being,"HEALTH | VI — IHME GBD 2019, Valuing Impact"
Barbados,BRB,Latin America & Caribbean,High income,1400.44,diet_sodium,Diet,Diet high in sodium,0.0020396933639695,DALY/capita,Human Capital,Health and well-being,"HEALTH | VI — IHME GBD 2019, Valuing Impact"
Barbados,BRB,Latin America & Caribbean,High income,1400.44,diet_sugary_beverages,Diet,Diet high in sugar-sweetened beverages,0.0013330631574503498,DALY/capita,Human Capital,Health and well-being,"HEALTH | VI — IHME GBD 2019, Valuing Impact"
Barbados,BRB,Latin America & Caribbean,High income,1400.44,diet_trans_fats,Diet,Diet high in trans fats,0.00104102798279829,DALY/capita,Human Capital,Health and well-being,"HEALTH | VI — IHME GBD 2019, Valuing Impact"
Barbados,BRB,Latin America & Caribbean,High income,1400.44,diet_low_vegetables,Diet,Diet low in vegetables,0.0022429466683040102,DALY/capita,Human Capital,Health and well-being,"HEALTH | VI — IHME GBD 2019, Valuing Impact"
Barbados,BRB,Latin America & Caribbean,High income,1400.44,diet_low_whole_grains,Diet,Diet low in whole grains,0.006894004778063041,DALY/capita,Human Capital,Health and well-being,"HEALTH | VI — IHME GBD 2019, Valuing Impact"
Barbados,BRB,Latin America & Caribbean,High income,1400.44,diet_risks_total,Diet,Dietary risks — aggregate,0.026248876150292,DALY/capita,Human Capital,Health and well-being,"HEALTH | VI — IHME GBD 2019, Valuing Impact"
Barbados,BRB,Latin America & Caribbean,High income,1400.44,smoking,Lifestyle,Smoking — all causes,0.0131272936545491,DALY/capita,Human Capital,Health and well-being,"HEALTH | VI — IHME GBD 2019, Valuing Impact"
Brunei Darussalam,BRN,East Asia & Pacific,High income,693.41,wash_handwashing_diarrheal,WASH,No handwashing facility — diarrheal disease,1.55241757645392e-05,DALY/capita,Human Capital,Health and well-being,"HEALTH | VI — IHME GBD 2019, Valuing Impact"
Brunei Darussalam,BRN,East Asia & Pacific,High income,693.41,wash_sanitation_diarrheal,WASH,Unsafe sanitation — diarrheal disease,1.99717780655682e-05,DALY/capita,Human Capital,Health and well-being,"HEALTH | VI — IHME GBD 2019, Valuing Impact"
Brunei Darussalam,BRN,East Asia & Pacific,High income,693.41,wash_water_diarrheal,WASH,Unsafe water source — diarrheal disease,9.09369118952496e-05,DALY/capita,Human Capital,Health and well-being,"HEALTH | VI — IHME GBD 2019, Valuing Impact"
Brunei Darussalam,BRN,East Asia & Pacific,High income,693.41,wash_handwashing_respiratory,WASH,No handwashing — lower respiratory infections,9.554727325948409e-05,DALY/capita,Human Capital,Health and well-being,"HEALTH | VI — IHME GBD 2019, Valuing Impact"
Brunei Darussalam,BRN,East Asia & Pacific,High income,693.41,ohs_secondhand_smoke,OHS,Second-hand smoke — all causes,0.00298318643614462,DALY/capita,Human Capital,Health and well-being,"HEALTH | VI — IHME GBD 2019, Valuing Impact"
Brunei Darussalam,BRN,East Asia & Pacific,High income,693.41,ohs_occupational_pm,OHS,Occupational PM/gases/fumes — all causes,0.00030493605269708,DALY/capita,Human Capital,Health and well-being,"HEALTH | VI — IHME GBD 2019, Valuing Impact"
Brunei Darussalam,BRN,East Asia & Pacific,High income,693.41,ohs_occupational_injuries,OHS,Occupational injuries — all causes,0.0043716139445635,DALY/capita,Human Capital,Health and well-being,"HEALTH | VI — IHME GBD 2019, Valuing Impact"
Brunei Darussalam,BRN,East Asia & Pacific,High income,693.41,diet_processed_meat,Diet,Diet high in processed meat,0.0019050601519010702,DALY/capita,Human Capital,Health and well-being,"HEALTH | VI — IHME GBD 2019, Valuing Impact"
Brunei Darussalam,BRN,East Asia & Pacific,High income,693.41,diet_red_meat,Diet,Diet high in red meat,0.00223404969471528,DALY/capita,Human Capital,Health and well-being,"HEALTH | VI — IHME GBD 2019, Valuing Impact"
Brunei Darussalam,BRN,East Asia & Pacific,High income,693.41,diet_sodium,Diet,Diet high in sodium,0.00439684688494483,DALY/capita,Human Capital,Health and well-being,"HEALTH | VI — IHME GBD 2019, Valuing Impact"
Brunei Darussalam,BRN,East Asia & Pacific,High income,693.41,diet_sugary_beverages,Diet,Diet high in sugar-sweetened beverages,0.0010391140536494799,DALY/capita,Human Capital,Health and well-being,"HEALTH | VI — IHME GBD 2019, Valuing Impact"
Brunei Darussalam,BRN,East Asia & Pacific,High income,693.41,diet_trans_fats,Diet,Diet high in trans fats,0.0011923398833230399,DALY/capita,Human Capital,Health and well-being,"HEALTH | VI — IHME GBD 2019, Valuing Impact"
Brunei Darussalam,BRN,East Asia & Pacific,High income,693.41,diet_low_vegetables,Diet,Diet low in vegetables,0.0018000398540929299,DALY/capita,Human Capital,Health and well-being,"HEALTH | VI — IHME GBD 2019, Valuing Impact"
Brunei Darussalam,BRN,East Asia & Pacific,High income,693.41,diet_low_whole_grains,Diet,Diet low in whole grains,0.00449309751014477,DALY/capita,Human Capital,Health and well-being,"HEALTH | VI — IHME GBD 2019, Valuing Impact"
Brunei Darussalam,BRN,East Asia & Pacific,High income,693.41,diet_risks_total,Diet,Dietary risks — aggregate,0.0210017561330256,DALY/capita,Human Capital,Health and well-being,"HEALTH | VI — IHME GBD 2019, Valuing Impact"
Brunei Darussalam,BRN,East Asia & Pacific,High income,693.41,smoking,Lifestyle,Smoking — all causes,0.019188538671977402,DALY/capita,Human Capital,Health and well-being,"HEALTH | VI — IHME GBD 2019, Valuing Impact"
Bhutan,BTN,South Asia,Lower middle income,120.43,wash_handwashing_diarrheal,WASH,No handwashing facility — diarrheal disease,0.000630552250829048,DALY/capita,Human Capital,Health and well-being,"HEALTH | VI — IHME GBD 2019, Valuing Impact"
Bhutan,BTN,South Asia,Lower middle income,120.43,wash_sanitation_diarrheal,WASH,Unsafe sanitation — diarrheal disease,0.00317736190147613,DALY/capita,Human Capital,Health and well-being,"HEALTH | VI — IHME GBD 2019, Valuing Impact"
Bhutan,BTN,South Asia,Lower middle income,120.43,wash_water_diarrheal,WASH,Unsafe water source — diarrheal disease,0.00414638662718419,DALY/capita,Human Capital,Health and well-being,"HEALTH | VI — IHME GBD 2019, Valuing Impact"
Bhutan,BTN,South Asia,Lower middle income,120.43,wash_handwashing_respiratory,WASH,No handwashing — lower respiratory infections,0.000540040342712138,DALY/capita,Human Capital,Health and well-being,"HEALTH | VI — IHME GBD 2019, Valuing Impact"
Bhutan,BTN,South Asia,Lower middle income,120.43,ohs_secondhand_smoke,OHS,Second-hand smoke — all causes,0.00262141375851928,DALY/capita,Human Capital,Health and well-being,"HEALTH | VI — IHME GBD 2019, Valuing Impact"
Bhutan,BTN,South Asia,Lower middle income,120.43,ohs_occupational_pm,OHS,Occupational PM/gases/fumes — all causes,0.00225004979364146,DALY/capita,Human Capital,Health and well-being,"HEALTH | VI — IHME GBD 2019, Valuing Impact"
Bhutan,BTN,South Asia,Lower middle income,120.43,ohs_occupational_injuries,OHS,Occupational injuries — all causes,0.0052331056056275395,DALY/capita,Human Capital,Health and well-being,"HEALTH | VI — IHME GBD 2019, Valuing Impact"
Bhutan,BTN,South Asia,Lower middle income,120.43,diet_processed_meat,Diet,Diet high in processed meat,0.00123173595368976,DALY/capita,Human Capital,Health and well-being,"HEALTH | VI — IHME GBD 2019, Valuing Impact"
Bhutan,BTN,South Asia,Lower middle income,120.43,diet_red_meat,Diet,Diet high in red meat,0.0007574017148293269,DALY/capita,Human Capital,Health and well-being,"HEALTH | VI — IHME GBD 2019, Valuing Impact"
Bhutan,BTN,South Asia,Lower middle income,120.43,diet_sodium,Diet,Diet high in sodium,0.00249250330068165,DALY/capita,Human Capital,Health and well-being,"HEALTH | VI — IHME GBD 2019, Valuing Impact"
Bhutan,BTN,South Asia,Lower middle income,120.43,diet_sugary_beverages,Diet,Diet high in sugar-sweetened beverages,0.000686741634370324,DALY/capita,Human Capital,Health and well-being,"HEALTH | VI — IHME GBD 2019, Valuing Impact"
Bhutan,BTN,South Asia,Lower middle income,120.43,diet_trans_fats,Diet,Diet high in trans fats,0.00197019648741398,DALY/capita,Human Capital,Health and well-being,"HEALTH | VI — IHME GBD 2019, Valuing Impact"
Bhutan,BTN,South Asia,Lower middle income,120.43,diet_low_vegetables,Diet,Diet low in vegetables,0.0021508209507197797,DALY/capita,Human Capital,Health and well-being,"HEALTH | VI — IHME GBD 2019, Valuing Impact"
Bhutan,BTN,South Asia,Lower middle income,120.43,diet_low_whole_grains,Diet,Diet low in whole grains,0.00355181489888885,DALY/capita,Human Capital,Health and well-being,"HEALTH | VI — IHME GBD 2019, Valuing Impact"
Bhutan,BTN,South Asia,Lower middle income,120.43,diet_risks_total,Diet,Dietary risks — aggregate,0.0170207533461551,DALY/capita,Human Capital,Health and well-being,"HEALTH | VI — IHME GBD 2019, Valuing Impact"
Bhutan,BTN,South Asia,Lower middle income,120.43,smoking,Lifestyle,Smoking — all causes,0.0108908644892094,DALY/capita,Human Capital,Health and well-being,"HEALTH | VI — IHME GBD 2019, Valuing Impact"
Botswana,BWA,Sub-Saharan Africa,Upper middle income,457.46,wash_handwashing_diarrheal,WASH,No handwashing facility — diarrheal disease,0.0036889565477746904,DALY/capita,Human Capital,Health and well-being,"HEALTH | VI — IHME GBD 2019, Valuing Impact"
Botswana,BWA,Sub-Saharan Africa,Upper middle income,457.46,wash_sanitation_diarrheal,WASH,Unsafe sanitation — diarrheal disease,0.00712528645279252,DALY/capita,Human Capital,Health and well-being,"HEALTH | VI — IHME GBD 2019, Valuing Impact"
Botswana,BWA,Sub-Saharan Africa,Upper middle income,457.46,wash_water_diarrheal,WASH,Unsafe water source — diarrheal disease,0.011095476917020201,DALY/capita,Human Capital,Health and well-being,"HEALTH | VI — IHME GBD 2019, Valuing Impact"
Botswana,BWA,Sub-Saharan Africa,Upper middle income,457.46,wash_handwashing_respiratory,WASH,No handwashing — lower respiratory infections,0.00478490558286413,DALY/capita,Human Capital,Health and well-being,"HEALTH | VI — IHME GBD 2019, Valuing Impact"
Botswana,BWA,Sub-Saharan Africa,Upper middle income,457.46,ohs_secondhand_smoke,OHS,Second-hand smoke — all causes,0.006265123472862,DALY/capita,Human Capital,Health and well-being,"HEALTH | VI — IHME GBD 2019, Valuing Impact"
Botswana,BWA,Sub-Saharan Africa,Upper middle income,457.46,ohs_occupational_pm,OHS,Occupational PM/gases/fumes — all causes,0.000682287349900617,DALY/capita,Human Capital,Health and well-being,"HEALTH | VI — IHME GBD 2019, Valuing Impact"
Botswana,BWA,Sub-Saharan Africa,Upper middle income,457.46,ohs_occupational_injuries,OHS,Occupational injuries — all causes,0.0017017689431634302,DALY/capita,Human Capital,Health and well-being,"HEALTH | VI — IHME GBD 2019, Valuing Impact"
Botswana,BWA,Sub-Saharan Africa,Upper middle income,457.46,diet_processed_meat,Diet,Diet high in processed meat,0.0006477069801876389,DALY/capita,Human Capital,Health and well-being,"HEALTH | VI — IHME GBD 2019, Valuing Impact"
Botswana,BWA,Sub-Saharan Africa,Upper middle income,457.46,diet_red_meat,Diet,Diet high in red meat,0.00285504261783449,DALY/capita,Human Capital,Health and well-being,"HEALTH | VI — IHME GBD 2019, Valuing Impact"
Botswana,BWA,Sub-Saharan Africa,Upper middle income,457.46,diet_sodium,Diet,Diet high in sodium,0.00212943615273067,DALY/capita,Human Capital,Health and well-being,"HEALTH | VI — IHME GBD 2019, Valuing Impact"
Botswana,BWA,Sub-Saharan Africa,Upper middle income,457.46,diet_sugary_beverages,Diet,Diet high in sugar-sweetened beverages,0.000889248311759959,DALY/capita,Human Capital,Health and well-being,"HEALTH | VI — IHME GBD 2019, Valuing Impact"
Botswana,BWA,Sub-Saharan Africa,Upper middle income,457.46,diet_trans_fats,Diet,Diet high in trans fats,0.0006986226480676901,DALY/capita,Human Capital,Health and well-being,"HEALTH | VI — IHME GBD 2019, Valuing Impact"
Botswana,BWA,Sub-Saharan Africa,Upper middle income,457.46,diet_low_vegetables,Diet,Diet low in vegetables,0.0026889400683570396,DALY/capita,Human Capital,Health and well-being,"HEALTH | VI — IHME GBD 2019, Valuing Impact"
Botswana,BWA,Sub-Saharan Africa,Upper middle income,457.46,diet_low_whole_grains,Diet,Diet low in whole grains,0.00383658892636332,DALY/capita,Human Capital,Health and well-being,"HEALTH | VI — IHME GBD 2019, Valuing Impact"
Botswana,BWA,Sub-Saharan Africa,Upper middle income,457.46,diet_risks_total,Diet,Dietary risks — aggregate,0.0200954537851007,DALY/capita,Human Capital,Health and well-being,"HEALTH | VI — IHME GBD 2019, Valuing Impact"
Botswana,BWA,Sub-Saharan Africa,Upper middle income,457.46,smoking,Lifestyle,Smoking — all causes,0.0210692447079009,DALY/capita,Human Capital,Health and well-being,"HEALTH | VI — IHME GBD 2019, Valuing Impact"
Central African Republic,CAF,Sub-Saharan Africa,Low income,42.93,wash_handwashing_diarrheal,WASH,No handwashing facility — diarrheal disease,0.0352383153458853,DALY/capita,Human Capital,Health and well-being,"HEALTH | VI — IHME GBD 2019, Valuing Impact"
Central African Republic,CAF,Sub-Saharan Africa,Low income,42.93,wash_sanitation_diarrheal,WASH,Unsafe sanitation — diarrheal disease,0.073649728942513,DALY/capita,Human Capital,Health and well-being,"HEALTH | VI — IHME GBD 2019, Valuing Impact"
Central African Republic,CAF,Sub-Saharan Africa,Low income,42.93,wash_water_diarrheal,WASH,Unsafe water source — diarrheal disease,0.0982882799784075,DALY/capita,Human Capital,Health and well-being,"HEALTH | VI — IHME GBD 2019, Valuing Impact"
Central African Republic,CAF,Sub-Saharan Africa,Low income,42.93,wash_handwashing_respiratory,WASH,No handwashing — lower respiratory infections,0.0151806938672003,DALY/capita,Human Capital,Health and well-being,"HEALTH | VI — IHME GBD 2019, Valuing Impact"
Central African Republic,CAF,Sub-Saharan Africa,Low income,42.93,ohs_secondhand_smoke,OHS,Second-hand smoke — all causes,0.00380034162655163,DALY/capita,Human Capital,Health and well-being,"HEALTH | VI — IHME GBD 2019, Valuing Impact"
Central African Republic,CAF,Sub-Saharan Africa,Low income,42.93,ohs_occupational_pm,OHS,Occupational PM/gases/fumes — all causes,0.0007456042986000909,DALY/capita,Human Capital,Health and well-being,"HEALTH | VI — IHME GBD 2019, Valuing Impact"
Central African Republic,CAF,Sub-Saharan Africa,Low income,42.93,ohs_occupational_injuries,OHS,Occupational injuries — all causes,0.0070825107512677695,DALY/capita,Human Capital,Health and well-being,"HEALTH | VI — IHME GBD 2019, Valuing Impact"
Central African Republic,CAF,Sub-Saharan Africa,Low income,42.93,diet_processed_meat,Diet,Diet high in processed meat,0.000501042399704756,DALY/capita,Human Capital,Health and well-being,"HEALTH | VI — IHME GBD 2019, Valuing Impact"
Central African Republic,CAF,Sub-Saharan Africa,Low income,42.93,diet_red_meat,Diet,Diet high in red meat,0.00320351804488104,DALY/capita,Human Capital,Health and well-being,"HEALTH | VI — IHME GBD 2019, Valuing Impact"
Central African Republic,CAF,Sub-Saharan Africa,Low income,42.93,diet_sodium,Diet,Diet high in sodium,0.00194859430676683,DALY/capita,Human Capital,Health and well-being,"HEALTH | VI — IHME GBD 2019, Valuing Impact"
Central African Republic,CAF,Sub-Saharan Africa,Low income,42.93,diet_sugary_beverages,Diet,Diet high in sugar-sweetened beverages,0.00038880479743315903,DALY/capita,Human Capital,Health and well-being,"HEALTH | VI — IHME GBD 2019, Valuing Impact"
Central African Republic,CAF,Sub-Saharan Africa,Low income,42.93,diet_trans_fats,Diet,Diet high in trans fats,0.0007078773651774461,DALY/capita,Human Capital,Health and well-being,"HEALTH | VI — IHME GBD 2019, Valuing Impact"
Central African Republic,CAF,Sub-Saharan Africa,Low income,42.93,diet_low_vegetables,Diet,Diet low in vegetables,0.0034070236266124103,DALY/capita,Human Capital,Health and well-being,"HEALTH | VI — IHME GBD 2019, Valuing Impact"
Central African Republic,CAF,Sub-Saharan Africa,Low income,42.93,diet_low_whole_grains,Diet,Diet low in whole grains,0.00331169219598471,DALY/capita,Human Capital,Health and well-being,"HEALTH | VI — IHME GBD 2019, Valuing Impact"
Central African Republic,CAF,Sub-Saharan Africa,Low income,42.93,diet_risks_total,Diet,Dietary risks — aggregate,0.0168624850961208,DALY/capita,Human Capital,Health and well-being,"HEALTH | VI — IHME GBD 2019, Valuing Impact"
Central African Republic,CAF,Sub-Saharan Africa,Low income,42.93,smoking,Lifestyle,Smoking — all causes,0.0134312105721694,DALY/capita,Human Capital,Health and well-being,"HEALTH | VI — IHME GBD 2019, Valuing Impact"
Canada,CAN,North America,High income,6470.07,wash_handwashing_diarrheal,WASH,No handwashing facility — diarrheal disease,2.6670328333981602e-05,DALY/capita,Human Capital,Health and well-being,"HEALTH | VI — IHME GBD 2019, Valuing Impact"
Canada,CAN,North America,High income,6470.07,wash_sanitation_diarrheal,WASH,Unsafe sanitation — diarrheal disease,6.78960096897727e-05,DALY/capita,Human Capital,Health and well-being,"HEALTH | VI — IHME GBD 2019, Valuing Impact"
Canada,CAN,North America,High income,6470.07,wash_water_diarrheal,WASH,Unsafe water source — diarrheal disease,5.7120162988114096e-05,DALY/capita,Human Capital,Health and well-being,"HEALTH | VI — IHME GBD 2019, Valuing Impact"
Canada,CAN,North America,High income,6470.07,wash_handwashing_respiratory,WASH,No handwashing — lower respiratory infections,2.9886663861216197e-05,DALY/capita,Human Capital,Health and well-being,"HEALTH | VI — IHME GBD 2019, Valuing Impact"
Canada,CAN,North America,High income,6470.07,ohs_secondhand_smoke,OHS,Second-hand smoke — all causes,0.00212818760412813,DALY/capita,Human Capital,Health and well-being,"HEALTH | VI — IHME GBD 2019, Valuing Impact"
Canada,CAN,North America,High income,6470.07,ohs_occupational_pm,OHS,Occupational PM/gases/fumes — all causes,0.0008453440165272871,DALY/capita,Human Capital,Health and well-being,"HEALTH | VI — IHME GBD 2019, Valuing Impact"
Canada,CAN,North America,High income,6470.07,ohs_occupational_injuries,OHS,Occupational injuries — all causes,0.00337331901290444,DALY/capita,Human Capital,Health and well-being,"HEALTH | VI — IHME GBD 2019, Valuing Impact"
Canada,CAN,North America,High income,6470.07,diet_processed_meat,Diet,Diet high in processed meat,0.00216635541553572,DALY/capita,Human Capital,Health and well-being,"HEALTH | VI — IHME GBD 2019, Valuing Impact"
Canada,CAN,North America,High income,6470.07,diet_red_meat,Diet,Diet high in red meat,0.00333886525935451,DALY/capita,Human Capital,Health and well-being,"HEALTH | VI — IHME GBD 2019, Valuing Impact"
Canada,CAN,North America,High income,6470.07,diet_sodium,Diet,Diet high in sodium,0.00229029704970456,DALY/capita,Human Capital,Health and well-being,"HEALTH | VI — IHME GBD 2019, Valuing Impact"
Canada,CAN,North America,High income,6470.07,diet_sugary_beverages,Diet,Diet high in sugar-sweetened beverages,0.00086342199933822,DALY/capita,Human Capital,Health and well-being,"HEALTH | VI — IHME GBD 2019, Valuing Impact"
Canada,CAN,North America,High income,6470.07,diet_trans_fats,Diet,Diet high in trans fats,0.0021634769510313298,DALY/capita,Human Capital,Health and well-being,"HEALTH | VI — IHME GBD 2019, Valuing Impact"
Canada,CAN,North America,High income,6470.07,diet_low_vegetables,Diet,Diet low in vegetables,0.00106959134687672,DALY/capita,Human Capital,Health and well-being,"HEALTH | VI — IHME GBD 2019, Valuing Impact"
Canada,CAN,North America,High income,6470.07,diet_low_whole_grains,Diet,Diet low in whole grains,0.00458457538552595,DALY/capita,Human Capital,Health and well-being,"HEALTH | VI — IHME GBD 2019, Valuing Impact"
Canada,CAN,North America,High income,6470.07,diet_risks_total,Diet,Dietary risks — aggregate,0.0184811663512327,DALY/capita,Human Capital,Health and well-being,"HEALTH | VI — IHME GBD 2019, Valuing Impact"
Canada,CAN,North America,High income,6470.07,smoking,Lifestyle,Smoking — all causes,0.0324749983808572,DALY/capita,Human Capital,Health and well-being,"HEALTH | VI — IHME GBD 2019, Valuing Impact"
Switzerland,CHE,Europe & Central Asia,High income,10897.45,wash_handwashing_diarrheal,WASH,No handwashing facility — diarrheal disease,1.63446848743855e-05,DALY/capita,Human Capital,Health and well-being,"HEALTH | VI — IHME GBD 2019, Valuing Impact"
Switzerland,CHE,Europe & Central Asia,High income,10897.45,wash_sanitation_diarrheal,WASH,Unsafe sanitation — diarrheal disease,9.1278121274521e-06,DALY/capita,Human Capital,Health and well-being,"HEALTH | VI — IHME GBD 2019, Valuing Impact"
Switzerland,CHE,Europe & Central Asia,High income,10897.45,wash_water_diarrheal,WASH,Unsafe water source — diarrheal disease,2.06564721457779e-05,DALY/capita,Human Capital,Health and well-being,"HEALTH | VI — IHME GBD 2019, Valuing Impact"
Switzerland,CHE,Europe & Central Asia,High income,10897.45,wash_handwashing_respiratory,WASH,No handwashing — lower respiratory infections,2.27577790429528e-05,DALY/capita,Human Capital,Health and well-being,"HEALTH | VI — IHME GBD 2019, Valuing Impact"
Switzerland,CHE,Europe & Central Asia,High income,10897.45,ohs_secondhand_smoke,OHS,Second-hand smoke — all causes,0.00190129184120741,DALY/capita,Human Capital,Health and well-being,"HEALTH | VI — IHME GBD 2019, Valuing Impact"
Switzerland,CHE,Europe & Central Asia,High income,10897.45,ohs_occupational_pm,OHS,Occupational PM/gases/fumes — all causes,0.000700637656900015,DALY/capita,Human Capital,Health and well-being,"HEALTH | VI — IHME GBD 2019, Valuing Impact"
Switzerland,CHE,Europe & Central Asia,High income,10897.45,ohs_occupational_injuries,OHS,Occupational injuries — all causes,0.00347883919073715,DALY/capita,Human Capital,Health and well-being,"HEALTH | VI — IHME GBD 2019, Valuing Impact"
Switzerland,CHE,Europe & Central Asia,High income,10897.45,diet_processed_meat,Diet,Diet high in processed meat,0.0021554458206543502,DALY/capita,Human Capital,Health and well-being,"HEALTH | VI — IHME GBD 2019, Valuing Impact"
Switzerland,CHE,Europe & Central Asia,High income,10897.45,diet_red_meat,Diet,Diet high in red meat,0.00361806533885279,DALY/capita,Human Capital,Health and well-being,"HEALTH | VI — IHME GBD 2019, Valuing Impact"
Switzerland,CHE,Europe & Central Asia,High income,10897.45,diet_sodium,Diet,Diet high in sodium,0.0016345970645492598,DALY/capita,Human Capital,Health and well-being,"HEALTH | VI — IHME GBD 2019, Valuing Impact"
Switzerland,CHE,Europe & Central Asia,High income,10897.45,diet_sugary_beverages,Diet,Diet high in sugar-sweetened beverages,0.000592066085786317,DALY/capita,Human Capital,Health and well-being,"HEALTH | VI — IHME GBD 2019, Valuing Impact"
Switzerland,CHE,Europe & Central Asia,High income,10897.45,diet_trans_fats,Diet,Diet high in trans fats,0.00126597153192606,DALY/capita,Human Capital,Health and well-being,"HEALTH | VI — IHME GBD 2019, Valuing Impact"
Switzerland,CHE,Europe & Central Asia,High income,10897.45,diet_low_vegetables,Diet,Diet low in vegetables,0.00110138777897019,DALY/capita,Human Capital,Health and well-being,"HEALTH | VI — IHME GBD 2019, Valuing Impact"
Switzerland,CHE,Europe & Central Asia,High income,10897.45,diet_low_whole_grains,Diet,Diet low in whole grains,0.0046023759414429,DALY/capita,Human Capital,Health and well-being,"HEALTH | VI — IHME GBD 2019, Valuing Impact"
Switzerland,CHE,Europe & Central Asia,High income,10897.45,diet_risks_total,Diet,Dietary risks — aggregate,0.017181964189902102,DALY/capita,Human Capital,Health and well-being,"HEALTH | VI — IHME GBD 2019, Valuing Impact"
Switzerland,CHE,Europe & Central Asia,High income,10897.45,smoking,Lifestyle,Smoking — all causes,0.028339297759526597,DALY/capita,Human Capital,Health and well-being,"HEALTH | VI — IHME GBD 2019, Valuing Impact"
Channel Islands,CHI,Europe & Central Asia,High income,0.0,diet_processed_meat,Diet,Diet high in processed meat,0.0,DALY/capita,Human Capital,Health and well-being,"HEALTH | VI — IHME GBD 2019, Valuing Impact"
Channel Islands,CHI,Europe & Central Asia,High income,0.0,diet_red_meat,Diet,Diet high in red meat,0.0,DALY/capita,Human Capital,Health and well-being,"HEALTH | VI — IHME GBD 2019, Valuing Impact"
Channel Islands,CHI,Europe & Central Asia,High income,0.0,diet_sodium,Diet,Diet high in sodium,0.0,DALY/capita,Human Capital,Health and well-being,"HEALTH | VI — IHME GBD 2019, Valuing Impact"
Channel Islands,CHI,Europe & Central Asia,High income,0.0,diet_sugary_beverages,Diet,Diet high in sugar-sweetened beverages,0.0,DALY/capita,Human Capital,Health and well-being,"HEALTH | VI — IHME GBD 2019, Valuing Impact"
Channel Islands,CHI,Europe & Central Asia,High income,0.0,diet_trans_fats,Diet,Diet high in trans fats,0.0,DALY/capita,Human Capital,Health and well-being,"HEALTH | VI — IHME GBD 2019, Valuing Impact"
Channel Islands,CHI,Europe & Central Asia,High income,0.0,diet_low_vegetables,Diet,Diet low in vegetables,0.0,DALY/capita,Human Capital,Health and well-being,"HEALTH | VI — IHME GBD 2019, Valuing Impact"
Channel Islands,CHI,Europe & Central Asia,High income,0.0,diet_low_whole_grains,Diet,Diet low in whole grains,0.0,DALY/capita,Human Capital,Health and well-being,"HEALTH | VI — IHME GBD 2019, Valuing Impact"
Channel Islands,CHI,Europe & Central Asia,High income,0.0,diet_risks_total,Diet,Dietary risks — aggregate,0.0,DALY/capita,Human Capital,Health and well-being,"HEALTH | VI — IHME GBD 2019, Valuing Impact"
Chile,CHL,Latin America & Caribbean,High income,1518.04,wash_handwashing_diarrheal,WASH,No handwashing facility — diarrheal disease,4.33719566044301e-05,DALY/capita,Human Capital,Health and well-being,"HEALTH | VI — IHME GBD 2019, Valuing Impact"
Chile,CHL,Latin America & Caribbean,High income,1518.04,wash_sanitation_diarrheal,WASH,Unsafe sanitation — diarrheal disease,0.000175464934626375,DALY/capita,Human Capital,Health and well-being,"HEALTH | VI — IHME GBD 2019, Valuing Impact"
Chile,CHL,Latin America & Caribbean,High income,1518.04,wash_water_diarrheal,WASH,Unsafe water source — diarrheal disease,0.000326724170500747,DALY/capita,Human Capital,Health and well-being,"HEALTH | VI — IHME GBD 2019, Valuing Impact"
Chile,CHL,Latin America & Caribbean,High income,1518.04,wash_handwashing_respiratory,WASH,No handwashing — lower respiratory infections,7.60259065011371e-05,DALY/capita,Human Capital,Health and well-being,"HEALTH | VI — IHME GBD 2019, Valuing Impact"
Chile,CHL,Latin America & Caribbean,High income,1518.04,ohs_secondhand_smoke,OHS,Second-hand smoke — all causes,0.00309606069315255,DALY/capita,Human Capital,Health and well-being,"HEALTH | VI — IHME GBD 2019, Valuing Impact"
Chile,CHL,Latin America & Caribbean,High income,1518.04,ohs_occupational_pm,OHS,Occupational PM/gases/fumes — all causes,0.0005015685127698521,DALY/capita,Human Capital,Health and well-being,"HEALTH | VI — IHME GBD 2019, Valuing Impact"
Chile,CHL,Latin America & Caribbean,High income,1518.04,ohs_occupational_injuries,OHS,Occupational injuries — all causes,0.0027263366617442104,DALY/capita,Human Capital,Health and well-being,"HEALTH | VI — IHME GBD 2019, Valuing Impact"
Chile,CHL,Latin America & Caribbean,High income,1518.04,diet_processed_meat,Diet,Diet high in processed meat,0.00248008361621012,DALY/capita,Human Capital,Health and well-being,"HEALTH | VI — IHME GBD 2019, Valuing Impact"
Chile,CHL,Latin America & Caribbean,High income,1518.04,diet_red_meat,Diet,Diet high in red meat,0.0034389362926768897,DALY/capita,Human Capital,Health and well-being,"HEALTH | VI — IHME GBD 2019, Valuing Impact"
Chile,CHL,Latin America & Caribbean,High income,1518.04,diet_sodium,Diet,Diet high in sodium,0.0030867582846034495,DALY/capita,Human Capital,Health and well-being,"HEALTH | VI — IHME GBD 2019, Valuing Impact"
Chile,CHL,Latin America & Caribbean,High income,1518.04,diet_sugary_beverages,Diet,Diet high in sugar-sweetened beverages,0.000980678179890553,DALY/capita,Human Capital,Health and well-being,"HEALTH | VI — IHME GBD 2019, Valuing Impact"
Chile,CHL,Latin America & Caribbean,High income,1518.04,diet_trans_fats,Diet,Diet high in trans fats,0.000643206236448671,DALY/capita,Human Capital,Health and well-being,"HEALTH | VI — IHME GBD 2019, Valuing Impact"
Chile,CHL,Latin America & Caribbean,High income,1518.04,diet_low_vegetables,Diet,Diet low in vegetables,0.00065171571571553,DALY/capita,Human Capital,Health and well-being,"HEALTH | VI — IHME GBD 2019, Valuing Impact"
Chile,CHL,Latin America & Caribbean,High income,1518.04,diet_low_whole_grains,Diet,Diet low in whole grains,0.0036750258156982604,DALY/capita,Human Capital,Health and well-being,"HEALTH | VI — IHME GBD 2019, Valuing Impact"
Chile,CHL,Latin America & Caribbean,High income,1518.04,diet_risks_total,Diet,Dietary risks — aggregate,0.0170388555704063,DALY/capita,Human Capital,Health and well-being,"HEALTH | VI — IHME GBD 2019, Valuing Impact"
Chile,CHL,Latin America & Caribbean,High income,1518.04,smoking,Lifestyle,Smoking — all causes,0.0187696093710446,DALY/capita,Human Capital,Health and well-being,"HEALTH | VI — IHME GBD 2019, Valuing Impact"
China,CHN,East Asia & Pacific,Upper middle income,670.51,wash_handwashing_diarrheal,WASH,No handwashing facility — diarrheal disease,6.03572914458828e-05,DALY/capita,Human Capital,Health and well-being,"HEALTH | VI — IHME GBD 2019, Valuing Impact"
China,CHN,East Asia & Pacific,Upper middle income,670.51,wash_sanitation_diarrheal,WASH,Unsafe sanitation — diarrheal disease,0.000314987168477806,DALY/capita,Human Capital,Health and well-being,"HEALTH | VI — IHME GBD 2019, Valuing Impact"
China,CHN,East Asia & Pacific,Upper middle income,670.51,wash_water_diarrheal,WASH,Unsafe water source — diarrheal disease,0.000556083942499407,DALY/capita,Human Capital,Health and well-being,"HEALTH | VI — IHME GBD 2019, Valuing Impact"
China,CHN,East Asia & Pacific,Upper middle income,670.51,wash_handwashing_respiratory,WASH,No handwashing — lower respiratory infections,0.00011427275539383199,DALY/capita,Human Capital,Health and well-being,"HEALTH | VI — IHME GBD 2019, Valuing Impact"
China,CHN,East Asia & Pacific,Upper middle income,670.51,ohs_secondhand_smoke,OHS,Second-hand smoke — all causes,0.0068079787575153795,DALY/capita,Human Capital,Health and well-being,"HEALTH | VI — IHME GBD 2019, Valuing Impact"
China,CHN,East Asia & Pacific,Upper middle income,670.51,ohs_occupational_pm,OHS,Occupational PM/gases/fumes — all causes,0.00285375947697373,DALY/capita,Human Capital,Health and well-being,"HEALTH | VI — IHME GBD 2019, Valuing Impact"
China,CHN,East Asia & Pacific,Upper middle income,670.51,ohs_occupational_injuries,OHS,Occupational injuries — all causes,0.0027885122275287397,DALY/capita,Human Capital,Health and well-being,"HEALTH | VI — IHME GBD 2019, Valuing Impact"
China,CHN,East Asia & Pacific,Upper middle income,670.51,diet_processed_meat,Diet,Diet high in processed meat,0.0005311119213252271,DALY/capita,Human Capital,Health and well-being,"HEALTH | VI — IHME GBD 2019, Valuing Impact"
China,CHN,East Asia & Pacific,Upper middle income,670.51,diet_red_meat,Diet,Diet high in red meat,0.00615144589386025,DALY/capita,Human Capital,Health and well-being,"HEALTH | VI — IHME GBD 2019, Valuing Impact"
China,CHN,East Asia & Pacific,Upper middle income,670.51,diet_sodium,Diet,Diet high in sodium,0.0148378236037611,DALY/capita,Human Capital,Health and well-being,"HEALTH | VI — IHME GBD 2019, Valuing Impact"
China,CHN,East Asia & Pacific,Upper middle income,670.51,diet_sugary_beverages,Diet,Diet high in sugar-sweetened beverages,0.000714444644352634,DALY/capita,Human Capital,Health and well-being,"HEALTH | VI — IHME GBD 2019, Valuing Impact"
China,CHN,East Asia & Pacific,Upper middle income,670.51,diet_trans_fats,Diet,Diet high in trans fats,0.0015133890175912002,DALY/capita,Human Capital,Health and well-being,"HEALTH | VI — IHME GBD 2019, Valuing Impact"
China,CHN,East Asia & Pacific,Upper middle income,670.51,diet_low_vegetables,Diet,Diet low in vegetables,0.000191188477954376,DALY/capita,Human Capital,Health and well-being,"HEALTH | VI — IHME GBD 2019, Valuing Impact"
China,CHN,East Asia & Pacific,Upper middle income,670.51,diet_low_whole_grains,Diet,Diet low in whole grains,0.0060545447507298,DALY/capita,Human Capital,Health and well-being,"HEALTH | VI — IHME GBD 2019, Valuing Impact"
China,CHN,East Asia & Pacific,Upper middle income,670.51,diet_risks_total,Diet,Dietary risks — aggregate,0.0329125124463912,DALY/capita,Human Capital,Health and well-being,"HEALTH | VI — IHME GBD 2019, Valuing Impact"
China,CHN,East Asia & Pacific,Upper middle income,670.51,smoking,Lifestyle,Smoking — all causes,0.0402505097171518,DALY/capita,Human Capital,Health and well-being,"HEALTH | VI — IHME GBD 2019, Valuing Impact"
Côte d’Ivoire,CIV,Sub-Saharan Africa,Lower middle income,81.87,wash_handwashing_diarrheal,WASH,No handwashing facility — diarrheal disease,0.00620691333113835,DALY/capita,Human Capital,Health and well-being,"HEALTH | VI — IHME GBD 2019, Valuing Impact"
Côte d’Ivoire,CIV,Sub-Saharan Africa,Lower middle income,81.87,wash_sanitation_diarrheal,WASH,Unsafe sanitation — diarrheal disease,0.0117857132659009,DALY/capita,Human Capital,Health and well-being,"HEALTH | VI — IHME GBD 2019, Valuing Impact"
Côte d’Ivoire,CIV,Sub-Saharan Africa,Lower middle income,81.87,wash_water_diarrheal,WASH,Unsafe water source — diarrheal disease,0.0169965826030882,DALY/capita,Human Capital,Health and well-being,"HEALTH | VI — IHME GBD 2019, Valuing Impact"
Côte d’Ivoire,CIV,Sub-Saharan Africa,Lower middle income,81.87,wash_handwashing_respiratory,WASH,No handwashing — lower respiratory infections,0.00818905886331542,DALY/capita,Human Capital,Health and well-being,"HEALTH | VI — IHME GBD 2019, Valuing Impact"
Côte d’Ivoire,CIV,Sub-Saharan Africa,Lower middle income,81.87,ohs_secondhand_smoke,OHS,Second-hand smoke — all causes,0.00425777736522627,DALY/capita,Human Capital,Health and well-being,"HEALTH | VI — IHME GBD 2019, Valuing Impact"
Côte d’Ivoire,CIV,Sub-Saharan Africa,Lower middle income,81.87,ohs_occupational_pm,OHS,Occupational PM/gases/fumes — all causes,0.000452979466162912,DALY/capita,Human Capital,Health and well-being,"HEALTH | VI — IHME GBD 2019, Valuing Impact"
Côte d’Ivoire,CIV,Sub-Saharan Africa,Lower middle income,81.87,ohs_occupational_injuries,OHS,Occupational injuries — all causes,0.00183244877623427,DALY/capita,Human Capital,Health and well-being,"HEALTH | VI — IHME GBD 2019, Valuing Impact"
Côte d’Ivoire,CIV,Sub-Saharan Africa,Lower middle income,81.87,diet_processed_meat,Diet,Diet high in processed meat,0.00062449389259087,DALY/capita,Human Capital,Health and well-being,"HEALTH | VI — IHME GBD 2019, Valuing Impact"
Côte d’Ivoire,CIV,Sub-Saharan Africa,Lower middle income,81.87,diet_red_meat,Diet,Diet high in red meat,0.0010146406597220199,DALY/capita,Human Capital,Health and well-being,"HEALTH | VI — IHME GBD 2019, Valuing Impact"
Côte d’Ivoire,CIV,Sub-Saharan Africa,Lower middle income,81.87,diet_sodium,Diet,Diet high in sodium,0.00162171819043552,DALY/capita,Human Capital,Health and well-being,"HEALTH | VI — IHME GBD 2019, Valuing Impact"
Côte d’Ivoire,CIV,Sub-Saharan Africa,Lower middle income,81.87,diet_sugary_beverages,Diet,Diet high in sugar-sweetened beverages,0.000314052113998791,DALY/capita,Human Capital,Health and well-being,"HEALTH | VI — IHME GBD 2019, Valuing Impact"
Côte d’Ivoire,CIV,Sub-Saharan Africa,Lower middle income,81.87,diet_trans_fats,Diet,Diet high in trans fats,0.00045578084911287694,DALY/capita,Human Capital,Health and well-being,"HEALTH | VI — IHME GBD 2019, Valuing Impact"
Côte d’Ivoire,CIV,Sub-Saharan Africa,Lower middle income,81.87,diet_low_vegetables,Diet,Diet low in vegetables,0.0015530131625917701,DALY/capita,Human Capital,Health and well-being,"HEALTH | VI — IHME GBD 2019, Valuing Impact"
Côte d’Ivoire,CIV,Sub-Saharan Africa,Lower middle income,81.87,diet_low_whole_grains,Diet,Diet low in whole grains,0.00226341502426904,DALY/capita,Human Capital,Health and well-being,"HEALTH | VI — IHME GBD 2019, Valuing Impact"
Côte d’Ivoire,CIV,Sub-Saharan Africa,Lower middle income,81.87,diet_risks_total,Diet,Dietary risks — aggregate,0.009661448012311759,DALY/capita,Human Capital,Health and well-being,"HEALTH | VI — IHME GBD 2019, Valuing Impact"
Côte d’Ivoire,CIV,Sub-Saharan Africa,Lower middle income,81.87,smoking,Lifestyle,Smoking — all causes,0.0086218179429444,DALY/capita,Human Capital,Health and well-being,"HEALTH | VI — IHME GBD 2019, Valuing Impact"
Cameroon,CMR,Sub-Saharan Africa,Lower middle income,63.79,wash_handwashing_diarrheal,WASH,No handwashing facility — diarrheal disease,0.015219343644909,DALY/capita,Human Capital,Health and well-being,"HEALTH | VI — IHME GBD 2019, Valuing Impact"
Cameroon,CMR,Sub-Saharan Africa,Lower middle income,63.79,wash_sanitation_diarrheal,WASH,Unsafe sanitation — diarrheal disease,0.028477411900929,DALY/capita,Human Capital,Health and well-being,"HEALTH | VI — IHME GBD 2019, Valuing Impact"
Cameroon,CMR,Sub-Saharan Africa,Lower middle income,63.79,wash_water_diarrheal,WASH,Unsafe water source — diarrheal disease,0.0409171001159874,DALY/capita,Human Capital,Health and well-being,"HEALTH | VI — IHME GBD 2019, Valuing Impact"
Cameroon,CMR,Sub-Saharan Africa,Lower middle income,63.79,wash_handwashing_respiratory,WASH,No handwashing — lower respiratory infections,0.0071761789971218,DALY/capita,Human Capital,Health and well-being,"HEALTH | VI — IHME GBD 2019, Valuing Impact"
Cameroon,CMR,Sub-Saharan Africa,Lower middle income,63.79,ohs_secondhand_smoke,OHS,Second-hand smoke — all causes,0.00219123402847841,DALY/capita,Human Capital,Health and well-being,"HEALTH | VI — IHME GBD 2019, Valuing Impact"
Cameroon,CMR,Sub-Saharan Africa,Lower middle income,63.79,ohs_occupational_pm,OHS,Occupational PM/gases/fumes — all causes,0.000562267320575293,DALY/capita,Human Capital,Health and well-being,"HEALTH | VI — IHME GBD 2019, Valuing Impact"
Cameroon,CMR,Sub-Saharan Africa,Lower middle income,63.79,ohs_occupational_injuries,OHS,Occupational injuries — all causes,0.0014085250988758301,DALY/capita,Human Capital,Health and well-being,"HEALTH | VI — IHME GBD 2019, Valuing Impact"
Cameroon,CMR,Sub-Saharan Africa,Lower middle income,63.79,diet_processed_meat,Diet,Diet high in processed meat,0.000626048598457256,DALY/capita,Human Capital,Health and well-being,"HEALTH | VI — IHME GBD 2019, Valuing Impact"
Cameroon,CMR,Sub-Saharan Africa,Lower middle income,63.79,diet_red_meat,Diet,Diet high in red meat,0.000918943379975149,DALY/capita,Human Capital,Health and well-being,"HEALTH | VI — IHME GBD 2019, Valuing Impact"
Cameroon,CMR,Sub-Saharan Africa,Lower middle income,63.79,diet_sodium,Diet,Diet high in sodium,0.00153060387004605,DALY/capita,Human Capital,Health and well-being,"HEALTH | VI — IHME GBD 2019, Valuing Impact"
Cameroon,CMR,Sub-Saharan Africa,Lower middle income,63.79,diet_sugary_beverages,Diet,Diet high in sugar-sweetened beverages,0.00038597570840031106,DALY/capita,Human Capital,Health and well-being,"HEALTH | VI — IHME GBD 2019, Valuing Impact"
Cameroon,CMR,Sub-Saharan Africa,Lower middle income,63.79,diet_trans_fats,Diet,Diet high in trans fats,0.000423677888608988,DALY/capita,Human Capital,Health and well-being,"HEALTH | VI — IHME GBD 2019, Valuing Impact"
Cameroon,CMR,Sub-Saharan Africa,Lower middle income,63.79,diet_low_vegetables,Diet,Diet low in vegetables,0.0009347752433686619,DALY/capita,Human Capital,Health and well-being,"HEALTH | VI — IHME GBD 2019, Valuing Impact"
Cameroon,CMR,Sub-Saharan Africa,Lower middle income,63.79,diet_low_whole_grains,Diet,Diet low in whole grains,0.00185825329545969,DALY/capita,Human Capital,Health and well-being,"HEALTH | VI — IHME GBD 2019, Valuing Impact"
Cameroon,CMR,Sub-Saharan Africa,Lower middle income,63.79,diet_risks_total,Diet,Dietary risks — aggregate,0.008332975919894979,DALY/capita,Human Capital,Health and well-being,"HEALTH | VI — IHME GBD 2019, Valuing Impact"
Cameroon,CMR,Sub-Saharan Africa,Lower middle income,63.79,smoking,Lifestyle,Smoking — all causes,0.006116953452281711,DALY/capita,Human Capital,Health and well-being,"HEALTH | VI — IHME GBD 2019, Valuing Impact"
"Congo, Dem. Rep.",COD,Sub-Saharan Africa,Low income,22.32,wash_handwashing_diarrheal,WASH,No handwashing facility — diarrheal disease,0.00899866746762166,DALY/capita,Human Capital,Health and well-being,"HEALTH | VI — IHME GBD 2019, Valuing Impact"
"Congo, Dem. Rep.",COD,Sub-Saharan Africa,Low income,22.32,wash_sanitation_diarrheal,WASH,Unsafe sanitation — diarrheal disease,0.016486994719423102,DALY/capita,Human Capital,Health and well-being,"HEALTH | VI — IHME GBD 2019, Valuing Impact"
"Congo, Dem. Rep.",COD,Sub-Saharan Africa,Low income,22.32,wash_water_diarrheal,WASH,Unsafe water source — diarrheal disease,0.023267732749647198,DALY/capita,Human Capital,Health and well-being,"HEALTH | VI — IHME GBD 2019, Valuing Impact"
"Congo, Dem. Rep.",COD,Sub-Saharan Africa,Low income,22.32,wash_handwashing_respiratory,WASH,No handwashing — lower respiratory infections,0.00570245509555394,DALY/capita,Human Capital,Health and well-being,"HEALTH | VI — IHME GBD 2019, Valuing Impact"
"Congo, Dem. Rep.",COD,Sub-Saharan Africa,Low income,22.32,ohs_secondhand_smoke,OHS,Second-hand smoke — all causes,0.0010267827783813099,DALY/capita,Human Capital,Health and well-being,"HEALTH | VI — IHME GBD 2019, Valuing Impact"
"Congo, Dem. Rep.",COD,Sub-Saharan Africa,Low income,22.32,ohs_occupational_pm,OHS,Occupational PM/gases/fumes — all causes,0.000655246798717388,DALY/capita,Human Capital,Health and well-being,"HEALTH | VI — IHME GBD 2019, Valuing Impact"
"Congo, Dem. Rep.",COD,Sub-Saharan Africa,Low income,22.32,ohs_occupational_injuries,OHS,Occupational injuries — all causes,0.006126848315654551,DALY/capita,Human Capital,Health and well-being,"HEALTH | VI — IHME GBD 2019, Valuing Impact"
"Congo, Dem. Rep.",COD,Sub-Saharan Africa,Low income,22.32,diet_processed_meat,Diet,Diet high in processed meat,0.000334709779145634,DALY/capita,Human Capital,Health and well-being,"HEALTH | VI — IHME GBD 2019, Valuing Impact"
"Congo, Dem. Rep.",COD,Sub-Saharan Africa,Low income,22.32,diet_red_meat,Diet,Diet high in red meat,0.000301827281235678,DALY/capita,Human Capital,Health and well-being,"HEALTH | VI — IHME GBD 2019, Valuing Impact"
"Congo, Dem. Rep.",COD,Sub-Saharan Africa,Low income,22.32,diet_sodium,Diet,Diet high in sodium,0.000764785775812678,DALY/capita,Human Capital,Health and well-being,"HEALTH | VI — IHME GBD 2019, Valuing Impact"
"Congo, Dem. Rep.",COD,Sub-Saharan Africa,Low income,22.32,diet_sugary_beverages,Diet,Diet high in sugar-sweetened beverages,0.000265280739006491,DALY/capita,Human Capital,Health and well-being,"HEALTH | VI — IHME GBD 2019, Valuing Impact"
"Congo, Dem. Rep.",COD,Sub-Saharan Africa,Low income,22.32,diet_trans_fats,Diet,Diet high in trans fats,0.000448125654385049,DALY/capita,Human Capital,Health and well-being,"HEALTH | VI — IHME GBD 2019, Valuing Impact"
"Congo, Dem. Rep.",COD,Sub-Saharan Africa,Low income,22.32,diet_low_vegetables,Diet,Diet low in vegetables,0.00205050165392522,DALY/capita,Human Capital,Health and well-being,"HEALTH | VI — IHME GBD 2019, Valuing Impact"
"Congo, Dem. Rep.",COD,Sub-Saharan Africa,Low income,22.32,diet_low_whole_grains,Diet,Diet low in whole grains,0.0019461077458123798,DALY/capita,Human Capital,Health and well-being,"HEALTH | VI — IHME GBD 2019, Valuing Impact"
"Congo, Dem. Rep.",COD,Sub-Saharan Africa,Low income,22.32,diet_risks_total,Diet,Dietary risks — aggregate,0.009449154317463751,DALY/capita,Human Capital,Health and well-being,"HEALTH | VI — IHME GBD 2019, Valuing Impact"
"Congo, Dem. Rep.",COD,Sub-Saharan Africa,Low income,22.32,smoking,Lifestyle,Smoking — all causes,0.00607018652687418,DALY/capita,Human Capital,Health and well-being,"HEALTH | VI — IHME GBD 2019, Valuing Impact"
"Congo, Rep.",COG,Sub-Saharan Africa,Lower middle income,80.51,wash_handwashing_diarrheal,WASH,No handwashing facility — diarrheal disease,0.00697924787762919,DALY/capita,Human Capital,Health and well-being,"HEALTH | VI — IHME GBD 2019, Valuing Impact"
"Congo, Rep.",COG,Sub-Saharan Africa,Lower middle income,80.51,wash_sanitation_diarrheal,WASH,Unsafe sanitation — diarrheal disease,0.013590901651700401,DALY/capita,Human Capital,Health and well-being,"HEALTH | VI — IHME GBD 2019, Valuing Impact"
"Congo, Rep.",COG,Sub-Saharan Africa,Lower middle income,80.51,wash_water_diarrheal,WASH,Unsafe water source — diarrheal disease,0.018993871187368498,DALY/capita,Human Capital,Health and well-being,"HEALTH | VI — IHME GBD 2019, Valuing Impact"
"Congo, Rep.",COG,Sub-Saharan Africa,Lower middle income,80.51,wash_handwashing_respiratory,WASH,No handwashing — lower respiratory infections,0.00309898924897136,DALY/capita,Human Capital,Health and well-being,"HEALTH | VI — IHME GBD 2019, Valuing Impact"
"Congo, Rep.",COG,Sub-Saharan Africa,Lower middle income,80.51,ohs_secondhand_smoke,OHS,Second-hand smoke — all causes,0.00210387008808522,DALY/capita,Human Capital,Health and well-being,"HEALTH | VI — IHME GBD 2019, Valuing Impact"
"Congo, Rep.",COG,Sub-Saharan Africa,Lower middle income,80.51,ohs_occupational_pm,OHS,Occupational PM/gases/fumes — all causes,0.000426629128297426,DALY/capita,Human Capital,Health and well-being,"HEALTH | VI — IHME GBD 2019, Valuing Impact"
"Congo, Rep.",COG,Sub-Saharan Africa,Lower middle income,80.51,ohs_occupational_injuries,OHS,Occupational injuries — all causes,0.0024429929466888503,DALY/capita,Human Capital,Health and well-being,"HEALTH | VI — IHME GBD 2019, Valuing Impact"
"Congo, Rep.",COG,Sub-Saharan Africa,Lower middle income,80.51,diet_processed_meat,Diet,Diet high in processed meat,0.000565796206294226,DALY/capita,Human Capital,Health and well-being,"HEALTH | VI — IHME GBD 2019, Valuing Impact"
"Congo, Rep.",COG,Sub-Saharan Africa,Lower middle income,80.51,diet_red_meat,Diet,Diet high in red meat,0.00151315089746806,DALY/capita,Human Capital,Health and well-being,"HEALTH | VI — IHME GBD 2019, Valuing Impact"
"Congo, Rep.",COG,Sub-Saharan Africa,Lower middle income,80.51,diet_sodium,Diet,Diet high in sodium,0.00179099098178862,DALY/capita,Human Capital,Health and well-being,"HEALTH | VI — IHME GBD 2019, Valuing Impact"
"Congo, Rep.",COG,Sub-Saharan Africa,Lower middle income,80.51,diet_sugary_beverages,Diet,Diet high in sugar-sweetened beverages,0.000528554326553402,DALY/capita,Human Capital,Health and well-being,"HEALTH | VI — IHME GBD 2019, Valuing Impact"
"Congo, Rep.",COG,Sub-Saharan Africa,Lower middle income,80.51,diet_trans_fats,Diet,Diet high in trans fats,0.0006663216375996009,DALY/capita,Human Capital,Health and well-being,"HEALTH | VI — IHME GBD 2019, Valuing Impact"
"Congo, Rep.",COG,Sub-Saharan Africa,Lower middle income,80.51,diet_low_vegetables,Diet,Diet low in vegetables,0.0027447562522051696,DALY/capita,Human Capital,Health and well-being,"HEALTH | VI — IHME GBD 2019, Valuing Impact"
"Congo, Rep.",COG,Sub-Saharan Africa,Lower middle income,80.51,diet_low_whole_grains,Diet,Diet low in whole grains,0.0030526897046017003,DALY/capita,Human Capital,Health and well-being,"HEALTH | VI — IHME GBD 2019, Valuing Impact"
"Congo, Rep.",COG,Sub-Saharan Africa,Lower middle income,80.51,diet_risks_total,Diet,Dietary risks — aggregate,0.0147926479740298,DALY/capita,Human Capital,Health and well-being,"HEALTH | VI — IHME GBD 2019, Valuing Impact"
"Congo, Rep.",COG,Sub-Saharan Africa,Lower middle income,80.51,smoking,Lifestyle,Smoking — all causes,0.00876847970340527,DALY/capita,Human Capital,Health and well-being,"HEALTH | VI — IHME GBD 2019, Valuing Impact"
Colombia,COL,Latin America & Caribbean,Upper middle income,557.54,wash_handwashing_diarrheal,WASH,No handwashing facility — diarrheal disease,0.00018137744518364,DALY/capita,Human Capital,Health and well-being,"HEALTH | VI — IHME GBD 2019, Valuing Impact"
Colombia,COL,Latin America & Caribbean,Upper middle income,557.54,wash_sanitation_diarrheal,WASH,Unsafe sanitation — diarrheal disease,0.000245916689044541,DALY/capita,Human Capital,Health and well-being,"HEALTH | VI — IHME GBD 2019, Valuing Impact"
Colombia,COL,Latin America & Caribbean,Upper middle income,557.54,wash_water_diarrheal,WASH,Unsafe water source — diarrheal disease,0.00109757657649463,DALY/capita,Human Capital,Health and well-being,"HEALTH | VI — IHME GBD 2019, Valuing Impact"
Colombia,COL,Latin America & Caribbean,Upper middle income,557.54,wash_handwashing_respiratory,WASH,No handwashing — lower respiratory infections,0.000289881590398542,DALY/capita,Human Capital,Health and well-being,"HEALTH | VI — IHME GBD 2019, Valuing Impact"
Colombia,COL,Latin America & Caribbean,Upper middle income,557.54,ohs_secondhand_smoke,OHS,Second-hand smoke — all causes,0.00213156813720029,DALY/capita,Human Capital,Health and well-being,"HEALTH | VI — IHME GBD 2019, Valuing Impact"
Colombia,COL,Latin America & Caribbean,Upper middle income,557.54,ohs_occupational_pm,OHS,Occupational PM/gases/fumes — all causes,0.000702999672386101,DALY/capita,Human Capital,Health and well-being,"HEALTH | VI — IHME GBD 2019, Valuing Impact"
Colombia,COL,Latin America & Caribbean,Upper middle income,557.54,ohs_occupational_injuries,OHS,Occupational injuries — all causes,0.00146410534471613,DALY/capita,Human Capital,Health and well-being,"HEALTH | VI — IHME GBD 2019, Valuing Impact"
Colombia,COL,Latin America & Caribbean,Upper middle income,557.54,diet_processed_meat,Diet,Diet high in processed meat,0.000601537736018021,DALY/capita,Human Capital,Health and well-being,"HEALTH | VI — IHME GBD 2019, Valuing Impact"
Colombia,COL,Latin America & Caribbean,Upper middle income,557.54,diet_red_meat,Diet,Diet high in red meat,0.0020055511505637598,DALY/capita,Human Capital,Health and well-being,"HEALTH | VI — IHME GBD 2019, Valuing Impact"
Colombia,COL,Latin America & Caribbean,Upper middle income,557.54,diet_sodium,Diet,Diet high in sodium,0.00430991023654675,DALY/capita,Human Capital,Health and well-being,"HEALTH | VI — IHME GBD 2019, Valuing Impact"
Colombia,COL,Latin America & Caribbean,Upper middle income,557.54,diet_sugary_beverages,Diet,Diet high in sugar-sweetened beverages,0.000668789033193228,DALY/capita,Human Capital,Health and well-being,"HEALTH | VI — IHME GBD 2019, Valuing Impact"
Colombia,COL,Latin America & Caribbean,Upper middle income,557.54,diet_trans_fats,Diet,Diet high in trans fats,0.00102448906079735,DALY/capita,Human Capital,Health and well-being,"HEALTH | VI — IHME GBD 2019, Valuing Impact"
Colombia,COL,Latin America & Caribbean,Upper middle income,557.54,diet_low_vegetables,Diet,Diet low in vegetables,0.0014392138504763,DALY/capita,Human Capital,Health and well-being,"HEALTH | VI — IHME GBD 2019, Valuing Impact"
Colombia,COL,Latin America & Caribbean,Upper middle income,557.54,diet_low_whole_grains,Diet,Diet low in whole grains,0.00325707059325381,DALY/capita,Human Capital,Health and well-being,"HEALTH | VI — IHME GBD 2019, Valuing Impact"
Colombia,COL,Latin America & Caribbean,Upper middle income,557.54,diet_risks_total,Diet,Dietary risks — aggregate,0.0150860024159048,DALY/capita,Human Capital,Health and well-being,"HEALTH | VI — IHME GBD 2019, Valuing Impact"
Colombia,COL,Latin America & Caribbean,Upper middle income,557.54,smoking,Lifestyle,Smoking — all causes,0.00972309940596917,DALY/capita,Human Capital,Health and well-being,"HEALTH | VI — IHME GBD 2019, Valuing Impact"
Comoros,COM,Sub-Saharan Africa,Lower middle income,99.04,wash_handwashing_diarrheal,WASH,No handwashing facility — diarrheal disease,0.00636379946167276,DALY/capita,Human Capital,Health and well-being,"HEALTH | VI — IHME GBD 2019, Valuing Impact"
Comoros,COM,Sub-Saharan Africa,Lower middle income,99.04,wash_sanitation_diarrheal,WASH,Unsafe sanitation — diarrheal disease,0.012855685207010999,DALY/capita,Human Capital,Health and well-being,"HEALTH | VI — IHME GBD 2019, Valuing Impact"
Comoros,COM,Sub-Saharan Africa,Lower middle income,99.04,wash_water_diarrheal,WASH,Unsafe water source — diarrheal disease,0.0168635284663629,DALY/capita,Human Capital,Health and well-being,"HEALTH | VI — IHME GBD 2019, Valuing Impact"
Comoros,COM,Sub-Saharan Africa,Lower middle income,99.04,wash_handwashing_respiratory,WASH,No handwashing — lower respiratory infections,0.00551690350200519,DALY/capita,Human Capital,Health and well-being,"HEALTH | VI — IHME GBD 2019, Valuing Impact"
Comoros,COM,Sub-Saharan Africa,Lower middle income,99.04,ohs_secondhand_smoke,OHS,Second-hand smoke — all causes,0.00348358965248853,DALY/capita,Human Capital,Health and well-being,"HEALTH | VI — IHME GBD 2019, Valuing Impact"
Comoros,COM,Sub-Saharan Africa,Lower middle income,99.04,ohs_occupational_pm,OHS,Occupational PM/gases/fumes — all causes,0.000739942528904837,DALY/capita,Human Capital,Health and well-being,"HEALTH | VI — IHME GBD 2019, Valuing Impact"
Comoros,COM,Sub-Saharan Africa,Lower middle income,99.04,ohs_occupational_injuries,OHS,Occupational injuries — all causes,0.00361972561805486,DALY/capita,Human Capital,Health and well-being,"HEALTH | VI — IHME GBD 2019, Valuing Impact"
Comoros,COM,Sub-Saharan Africa,Lower middle income,99.04,diet_processed_meat,Diet,Diet high in processed meat,0.0005068559917160271,DALY/capita,Human Capital,Health and well-being,"HEALTH | VI — IHME GBD 2019, Valuing Impact"
Comoros,COM,Sub-Saharan Africa,Lower middle income,99.04,diet_red_meat,Diet,Diet high in red meat,0.000753957128942163,DALY/capita,Human Capital,Health and well-being,"HEALTH | VI — IHME GBD 2019, Valuing Impact"
Comoros,COM,Sub-Saharan Africa,Lower middle income,99.04,diet_sodium,Diet,Diet high in sodium,0.0037583061744222404,DALY/capita,Human Capital,Health and well-being,"HEALTH | VI — IHME GBD 2019, Valuing Impact"
Comoros,COM,Sub-Saharan Africa,Lower middle income,99.04,diet_sugary_beverages,Diet,Diet high in sugar-sweetened beverages,0.000322602503849888,DALY/capita,Human Capital,Health and well-being,"HEALTH | VI — IHME GBD 2019, Valuing Impact"
Comoros,COM,Sub-Saharan Africa,Lower middle income,99.04,diet_trans_fats,Diet,Diet high in trans fats,0.000649538823369768,DALY/capita,Human Capital,Health and well-being,"HEALTH | VI — IHME GBD 2019, Valuing Impact"
Comoros,COM,Sub-Saharan Africa,Lower middle income,99.04,diet_low_vegetables,Diet,Diet low in vegetables,0.00290107141644648,DALY/capita,Human Capital,Health and well-being,"HEALTH | VI — IHME GBD 2019, Valuing Impact"
Comoros,COM,Sub-Saharan Africa,Lower middle income,99.04,diet_low_whole_grains,Diet,Diet low in whole grains,0.00310186488524769,DALY/capita,Human Capital,Health and well-being,"HEALTH | VI — IHME GBD 2019, Valuing Impact"
Comoros,COM,Sub-Saharan Africa,Lower middle income,99.04,diet_risks_total,Diet,Dietary risks — aggregate,0.0146688645618941,DALY/capita,Human Capital,Health and well-being,"HEALTH | VI — IHME GBD 2019, Valuing Impact"
Comoros,COM,Sub-Saharan Africa,Lower middle income,99.04,smoking,Lifestyle,Smoking — all causes,0.00980930236808628,DALY/capita,Human Capital,Health and well-being,"HEALTH | VI — IHME GBD 2019, Valuing Impact"
Cabo Verde,CPV,Sub-Saharan Africa,Lower middle income,247.91,wash_handwashing_diarrheal,WASH,No handwashing facility — diarrheal disease,0.00128601370938403,DALY/capita,Human Capital,Health and well-being,"HEALTH | VI — IHME GBD 2019, Valuing Impact"
Cabo Verde,CPV,Sub-Saharan Africa,Lower middle income,247.91,wash_sanitation_diarrheal,WASH,Unsafe sanitation — diarrheal disease,0.00209882887741402,DALY/capita,Human Capital,Health and well-being,"HEALTH | VI — IHME GBD 2019, Valuing Impact"
Cabo Verde,CPV,Sub-Saharan Africa,Lower middle income,247.91,wash_water_diarrheal,WASH,Unsafe water source — diarrheal disease,0.00358794012105999,DALY/capita,Human Capital,Health and well-being,"HEALTH | VI — IHME GBD 2019, Valuing Impact"
Cabo Verde,CPV,Sub-Saharan Africa,Lower middle income,247.91,wash_handwashing_respiratory,WASH,No handwashing — lower respiratory infections,0.00220177120400097,DALY/capita,Human Capital,Health and well-being,"HEALTH | VI — IHME GBD 2019, Valuing Impact"
Cabo Verde,CPV,Sub-Saharan Africa,Lower middle income,247.91,ohs_secondhand_smoke,OHS,Second-hand smoke — all causes,0.0020486472645989,DALY/capita,Human Capital,Health and well-being,"HEALTH | VI — IHME GBD 2019, Valuing Impact"
Cabo Verde,CPV,Sub-Saharan Africa,Lower middle income,247.91,ohs_occupational_pm,OHS,Occupational PM/gases/fumes — all causes,0.000496816364063813,DALY/capita,Human Capital,Health and well-being,"HEALTH | VI — IHME GBD 2019, Valuing Impact"
Cabo Verde,CPV,Sub-Saharan Africa,Lower middle income,247.91,ohs_occupational_injuries,OHS,Occupational injuries — all causes,0.0012766408730230199,DALY/capita,Human Capital,Health and well-being,"HEALTH | VI — IHME GBD 2019, Valuing Impact"
Cabo Verde,CPV,Sub-Saharan Africa,Lower middle income,247.91,diet_processed_meat,Diet,Diet high in processed meat,0.000879025335415198,DALY/capita,Human Capital,Health and well-being,"HEALTH | VI — IHME GBD 2019, Valuing Impact"
Cabo Verde,CPV,Sub-Saharan Africa,Lower middle income,247.91,diet_red_meat,Diet,Diet high in red meat,0.0013670235883117,DALY/capita,Human Capital,Health and well-being,"HEALTH | VI — IHME GBD 2019, Valuing Impact"
Cabo Verde,CPV,Sub-Saharan Africa,Lower middle income,247.91,diet_sodium,Diet,Diet high in sodium,0.00236971029676454,DALY/capita,Human Capital,Health and well-being,"HEALTH | VI — IHME GBD 2019, Valuing Impact"
Cabo Verde,CPV,Sub-Saharan Africa,Lower middle income,247.91,diet_sugary_beverages,Diet,Diet high in sugar-sweetened beverages,0.0009442542543000791,DALY/capita,Human Capital,Health and well-being,"HEALTH | VI — IHME GBD 2019, Valuing Impact"
Cabo Verde,CPV,Sub-Saharan Africa,Lower middle income,247.91,diet_trans_fats,Diet,Diet high in trans fats,0.000818047355090732,DALY/capita,Human Capital,Health and well-being,"HEALTH | VI — IHME GBD 2019, Valuing Impact"
Cabo Verde,CPV,Sub-Saharan Africa,Lower middle income,247.91,diet_low_vegetables,Diet,Diet low in vegetables,0.00122164892605924,DALY/capita,Human Capital,Health and well-being,"HEALTH | VI — IHME GBD 2019, Valuing Impact"
Cabo Verde,CPV,Sub-Saharan Africa,Lower middle income,247.91,diet_low_whole_grains,Diet,Diet low in whole grains,0.00324400149553844,DALY/capita,Human Capital,Health and well-being,"HEALTH | VI — IHME GBD 2019, Valuing Impact"
Cabo Verde,CPV,Sub-Saharan Africa,Lower middle income,247.91,diet_risks_total,Diet,Dietary risks — aggregate,0.015176947741123098,DALY/capita,Human Capital,Health and well-being,"HEALTH | VI — IHME GBD 2019, Valuing Impact"
Cabo Verde,CPV,Sub-Saharan Africa,Lower middle income,247.91,smoking,Lifestyle,Smoking — all causes,0.00786000020675488,DALY/capita,Human Capital,Health and well-being,"HEALTH | VI — IHME GBD 2019, Valuing Impact"
Costa Rica,CRI,Latin America & Caribbean,Upper middle income,948.92,wash_handwashing_diarrheal,WASH,No handwashing facility — diarrheal disease,0.000184163824660905,DALY/capita,Human Capital,Health and well-being,"HEALTH | VI — IHME GBD 2019, Valuing Impact"
Costa Rica,CRI,Latin America & Caribbean,Upper middle income,948.92,wash_sanitation_diarrheal,WASH,Unsafe sanitation — diarrheal disease,6.0269578826549796e-05,DALY/capita,Human Capital,Health and well-being,"HEALTH | VI — IHME GBD 2019, Valuing Impact"
Costa Rica,CRI,Latin America & Caribbean,Upper middle income,948.92,wash_water_diarrheal,WASH,Unsafe water source — diarrheal disease,0.0007374922345359001,DALY/capita,Human Capital,Health and well-being,"HEALTH | VI — IHME GBD 2019, Valuing Impact"
Costa Rica,CRI,Latin America & Caribbean,Upper middle income,948.92,wash_handwashing_respiratory,WASH,No handwashing — lower respiratory infections,0.00021193888572775102,DALY/capita,Human Capital,Health and well-being,"HEALTH | VI — IHME GBD 2019, Valuing Impact"
Costa Rica,CRI,Latin America & Caribbean,Upper middle income,948.92,ohs_secondhand_smoke,OHS,Second-hand smoke — all causes,0.00211385177627953,DALY/capita,Human Capital,Health and well-being,"HEALTH | VI — IHME GBD 2019, Valuing Impact"
Costa Rica,CRI,Latin America & Caribbean,Upper middle income,948.92,ohs_occupational_pm,OHS,Occupational PM/gases/fumes — all causes,0.000533713601762255,DALY/capita,Human Capital,Health and well-being,"HEALTH | VI — IHME GBD 2019, Valuing Impact"
Costa Rica,CRI,Latin America & Caribbean,Upper middle income,948.92,ohs_occupational_injuries,OHS,Occupational injuries — all causes,0.0018282248990553502,DALY/capita,Human Capital,Health and well-being,"HEALTH | VI — IHME GBD 2019, Valuing Impact"
Costa Rica,CRI,Latin America & Caribbean,Upper middle income,948.92,diet_processed_meat,Diet,Diet high in processed meat,0.000615076617717436,DALY/capita,Human Capital,Health and well-being,"HEALTH | VI — IHME GBD 2019, Valuing Impact"
Costa Rica,CRI,Latin America & Caribbean,Upper middle income,948.92,diet_red_meat,Diet,Diet high in red meat,0.00170848544653613,DALY/capita,Human Capital,Health and well-being,"HEALTH | VI — IHME GBD 2019, Valuing Impact"
Costa Rica,CRI,Latin America & Caribbean,Upper middle income,948.92,diet_sodium,Diet,Diet high in sodium,0.00332781020717001,DALY/capita,Human Capital,Health and well-being,"HEALTH | VI — IHME GBD 2019, Valuing Impact"
Costa Rica,CRI,Latin America & Caribbean,Upper middle income,948.92,diet_sugary_beverages,Diet,Diet high in sugar-sweetened beverages,0.000830763281210652,DALY/capita,Human Capital,Health and well-being,"HEALTH | VI — IHME GBD 2019, Valuing Impact"
Costa Rica,CRI,Latin America & Caribbean,Upper middle income,948.92,diet_trans_fats,Diet,Diet high in trans fats,0.00121248355232469,DALY/capita,Human Capital,Health and well-being,"HEALTH | VI — IHME GBD 2019, Valuing Impact"
Costa Rica,CRI,Latin America & Caribbean,Upper middle income,948.92,diet_low_vegetables,Diet,Diet low in vegetables,0.00153724895230016,DALY/capita,Human Capital,Health and well-being,"HEALTH | VI — IHME GBD 2019, Valuing Impact"
Costa Rica,CRI,Latin America & Caribbean,Upper middle income,948.92,diet_low_whole_grains,Diet,Diet low in whole grains,0.0039122405330273,DALY/capita,Human Capital,Health and well-being,"HEALTH | VI — IHME GBD 2019, Valuing Impact"
Costa Rica,CRI,Latin America & Caribbean,Upper middle income,948.92,diet_risks_total,Diet,Dietary risks — aggregate,0.0148981632105918,DALY/capita,Human Capital,Health and well-being,"HEALTH | VI — IHME GBD 2019, Valuing Impact"
Costa Rica,CRI,Latin America & Caribbean,Upper middle income,948.92,smoking,Lifestyle,Smoking — all causes,0.011453143220061399,DALY/capita,Human Capital,Health and well-being,"HEALTH | VI — IHME GBD 2019, Valuing Impact"
Cuba,CUB,Latin America & Caribbean,Upper middle income,0.0,wash_handwashing_diarrheal,WASH,No handwashing facility — diarrheal disease,0.000238442385574898,DALY/capita,Human Capital,Health and well-being,"HEALTH | VI — IHME GBD 2019, Valuing Impact"
Cuba,CUB,Latin America & Caribbean,Upper middle income,0.0,wash_sanitation_diarrheal,WASH,Unsafe sanitation — diarrheal disease,0.000652255905779405,DALY/capita,Human Capital,Health and well-being,"HEALTH | VI — IHME GBD 2019, Valuing Impact"
Cuba,CUB,Latin America & Caribbean,Upper middle income,0.0,wash_water_diarrheal,WASH,Unsafe water source — diarrheal disease,0.0018868998942977002,DALY/capita,Human Capital,Health and well-being,"HEALTH | VI — IHME GBD 2019, Valuing Impact"
Cuba,CUB,Latin America & Caribbean,Upper middle income,0.0,wash_handwashing_respiratory,WASH,No handwashing — lower respiratory infections,0.00055133670726209,DALY/capita,Human Capital,Health and well-being,"HEALTH | VI — IHME GBD 2019, Valuing Impact"
Cuba,CUB,Latin America & Caribbean,Upper middle income,0.0,ohs_secondhand_smoke,OHS,Second-hand smoke — all causes,0.00477275983104902,DALY/capita,Human Capital,Health and well-being,"HEALTH | VI — IHME GBD 2019, Valuing Impact"
Cuba,CUB,Latin America & Caribbean,Upper middle income,0.0,ohs_occupational_pm,OHS,Occupational PM/gases/fumes — all causes,0.00100229484658867,DALY/capita,Human Capital,Health and well-being,"HEALTH | VI — IHME GBD 2019, Valuing Impact"
Cuba,CUB,Latin America & Caribbean,Upper middle income,0.0,ohs_occupational_injuries,OHS,Occupational injuries — all causes,0.0088025490790878,DALY/capita,Human Capital,Health and well-being,"HEALTH | VI — IHME GBD 2019, Valuing Impact"
Cuba,CUB,Latin America & Caribbean,Upper middle income,0.0,diet_processed_meat,Diet,Diet high in processed meat,0.000970447489830008,DALY/capita,Human Capital,Health and well-being,"HEALTH | VI — IHME GBD 2019, Valuing Impact"
Cuba,CUB,Latin America & Caribbean,Upper middle income,0.0,diet_red_meat,Diet,Diet high in red meat,0.0035025375168452303,DALY/capita,Human Capital,Health and well-being,"HEALTH | VI — IHME GBD 2019, Valuing Impact"
Cuba,CUB,Latin America & Caribbean,Upper middle income,0.0,diet_sodium,Diet,Diet high in sodium,0.00283559728874578,DALY/capita,Human Capital,Health and well-being,"HEALTH | VI — IHME GBD 2019, Valuing Impact"
Cuba,CUB,Latin America & Caribbean,Upper middle income,0.0,diet_sugary_beverages,Diet,Diet high in sugar-sweetened beverages,0.00142543048882459,DALY/capita,Human Capital,Health and well-being,"HEALTH | VI — IHME GBD 2019, Valuing Impact"
Cuba,CUB,Latin America & Caribbean,Upper middle income,0.0,diet_trans_fats,Diet,Diet high in trans fats,0.0016619711900686099,DALY/capita,Human Capital,Health and well-being,"HEALTH | VI — IHME GBD 2019, Valuing Impact"
Cuba,CUB,Latin America & Caribbean,Upper middle income,0.0,diet_low_vegetables,Diet,Diet low in vegetables,0.00154656515350863,DALY/capita,Human Capital,Health and well-being,"HEALTH | VI — IHME GBD 2019, Valuing Impact"
Cuba,CUB,Latin America & Caribbean,Upper middle income,0.0,diet_low_whole_grains,Diet,Diet low in whole grains,0.00718184295783163,DALY/capita,Human Capital,Health and well-being,"HEALTH | VI — IHME GBD 2019, Valuing Impact"
Cuba,CUB,Latin America & Caribbean,Upper middle income,0.0,diet_risks_total,Diet,Dietary risks — aggregate,0.0226283706538617,DALY/capita,Human Capital,Health and well-being,"HEALTH | VI — IHME GBD 2019, Valuing Impact"
Cuba,CUB,Latin America & Caribbean,Upper middle income,0.0,smoking,Lifestyle,Smoking — all causes,0.043259859703735,DALY/capita,Human Capital,Health and well-being,"HEALTH | VI — IHME GBD 2019, Valuing Impact"
Curaçao,CUW,Latin America & Caribbean,High income,0.0,diet_processed_meat,Diet,Diet high in processed meat,0.0,DALY/capita,Human Capital,Health and well-being,"HEALTH | VI — IHME GBD 2019, Valuing Impact"
Curaçao,CUW,Latin America & Caribbean,High income,0.0,diet_red_meat,Diet,Diet high in red meat,0.0,DALY/capita,Human Capital,Health and well-being,"HEALTH | VI — IHME GBD 2019, Valuing Impact"
Curaçao,CUW,Latin America & Caribbean,High income,0.0,diet_sodium,Diet,Diet high in sodium,0.0,DALY/capita,Human Capital,Health and well-being,"HEALTH | VI — IHME GBD 2019, Valuing Impact"
Curaçao,CUW,Latin America & Caribbean,High income,0.0,diet_sugary_beverages,Diet,Diet high in sugar-sweetened beverages,0.0,DALY/capita,Human Capital,Health and well-being,"HEALTH | VI — IHME GBD 2019, Valuing Impact"
Curaçao,CUW,Latin America & Caribbean,High income,0.0,diet_trans_fats,Diet,Diet high in trans fats,0.0,DALY/capita,Human Capital,Health and well-being,"HEALTH | VI — IHME GBD 2019, Valuing Impact"
Curaçao,CUW,Latin America & Caribbean,High income,0.0,diet_low_vegetables,Diet,Diet low in vegetables,0.0,DALY/capita,Human Capital,Health and well-being,"HEALTH | VI — IHME GBD 2019, Valuing Impact"
Curaçao,CUW,Latin America & Caribbean,High income,0.0,diet_low_whole_grains,Diet,Diet low in whole grains,0.0,DALY/capita,Human Capital,Health and well-being,"HEALTH | VI — IHME GBD 2019, Valuing Impact"
Curaçao,CUW,Latin America & Caribbean,High income,0.0,diet_risks_total,Diet,Dietary risks — aggregate,0.0,DALY/capita,Human Capital,Health and well-being,"HEALTH | VI — IHME GBD 2019, Valuing Impact"
Cayman Islands,CYM,Latin America & Caribbean,High income,0.0,diet_processed_meat,Diet,Diet high in processed meat,0.0,DALY/capita,Human Capital,Health and well-being,"HEALTH | VI — IHME GBD 2019, Valuing Impact"
Cayman Islands,CYM,Latin America & Caribbean,High income,0.0,diet_red_meat,Diet,Diet high in red meat,0.0,DALY/capita,Human Capital,Health and well-being,"HEALTH | VI — IHME GBD 2019, Valuing Impact"
Cayman Islands,CYM,Latin America & Caribbean,High income,0.0,diet_sodium,Diet,Diet high in sodium,0.0,DALY/capita,Human Capital,Health and well-being,"HEALTH | VI — IHME GBD 2019, Valuing Impact"
Cayman Islands,CYM,Latin America & Caribbean,High income,0.0,diet_sugary_beverages,Diet,Diet high in sugar-sweetened beverages,0.0,DALY/capita,Human Capital,Health and well-being,"HEALTH | VI — IHME GBD 2019, Valuing Impact"
Cayman Islands,CYM,Latin America & Caribbean,High income,0.0,diet_trans_fats,Diet,Diet high in trans fats,0.0,DALY/capita,Human Capital,Health and well-being,"HEALTH | VI — IHME GBD 2019, Valuing Impact"
Cayman Islands,CYM,Latin America & Caribbean,High income,0.0,diet_low_vegetables,Diet,Diet low in vegetables,0.0,DALY/capita,Human Capital,Health and well-being,"HEALTH | VI — IHME GBD 2019, Valuing Impact"
Cayman Islands,CYM,Latin America & Caribbean,High income,0.0,diet_low_whole_grains,Diet,Diet low in whole grains,0.0,DALY/capita,Human Capital,Health and well-being,"HEALTH | VI — IHME GBD 2019, Valuing Impact"
Cayman Islands,CYM,Latin America & Caribbean,High income,0.0,diet_risks_total,Diet,Dietary risks — aggregate,0.0,DALY/capita,Human Capital,Health and well-being,"HEALTH | VI — IHME GBD 2019, Valuing Impact"
Cyprus,CYP,Europe & Central Asia,High income,2989.65,wash_handwashing_diarrheal,WASH,No handwashing facility — diarrheal disease,1.57143640215138e-05,DALY/capita,Human Capital,Health and well-being,"HEALTH | VI — IHME GBD 2019, Valuing Impact"
Cyprus,CYP,Europe & Central Asia,High income,2989.65,wash_sanitation_diarrheal,WASH,Unsafe sanitation — diarrheal disease,1.94142394133136e-05,DALY/capita,Human Capital,Health and well-being,"HEALTH | VI — IHME GBD 2019, Valuing Impact"
Cyprus,CYP,Europe & Central Asia,High income,2989.65,wash_water_diarrheal,WASH,Unsafe water source — diarrheal disease,4.5005976812610806e-05,DALY/capita,Human Capital,Health and well-being,"HEALTH | VI — IHME GBD 2019, Valuing Impact"
Cyprus,CYP,Europe & Central Asia,High income,2989.65,wash_handwashing_respiratory,WASH,No handwashing — lower respiratory infections,1.79562615153506e-05,DALY/capita,Human Capital,Health and well-being,"HEALTH | VI — IHME GBD 2019, Valuing Impact"
Cyprus,CYP,Europe & Central Asia,High income,2989.65,ohs_secondhand_smoke,OHS,Second-hand smoke — all causes,0.00311441191560682,DALY/capita,Human Capital,Health and well-being,"HEALTH | VI — IHME GBD 2019, Valuing Impact"
Cyprus,CYP,Europe & Central Asia,High income,2989.65,ohs_occupational_pm,OHS,Occupational PM/gases/fumes — all causes,0.000595812702345309,DALY/capita,Human Capital,Health and well-being,"HEALTH | VI — IHME GBD 2019, Valuing Impact"
Cyprus,CYP,Europe & Central Asia,High income,2989.65,ohs_occupational_injuries,OHS,Occupational injuries — all causes,0.00153246372866401,DALY/capita,Human Capital,Health and well-being,"HEALTH | VI — IHME GBD 2019, Valuing Impact"
Cyprus,CYP,Europe & Central Asia,High income,2989.65,diet_processed_meat,Diet,Diet high in processed meat,0.00221366643122312,DALY/capita,Human Capital,Health and well-being,"HEALTH | VI — IHME GBD 2019, Valuing Impact"
Cyprus,CYP,Europe & Central Asia,High income,2989.65,diet_red_meat,Diet,Diet high in red meat,0.0030982565635071097,DALY/capita,Human Capital,Health and well-being,"HEALTH | VI — IHME GBD 2019, Valuing Impact"
Cyprus,CYP,Europe & Central Asia,High income,2989.65,diet_sodium,Diet,Diet high in sodium,0.00212779584934257,DALY/capita,Human Capital,Health and well-being,"HEALTH | VI — IHME GBD 2019, Valuing Impact"
Cyprus,CYP,Europe & Central Asia,High income,2989.65,diet_sugary_beverages,Diet,Diet high in sugar-sweetened beverages,0.0008445008950476399,DALY/capita,Human Capital,Health and well-being,"HEALTH | VI — IHME GBD 2019, Valuing Impact"
Cyprus,CYP,Europe & Central Asia,High income,2989.65,diet_trans_fats,Diet,Diet high in trans fats,0.00138261086710003,DALY/capita,Human Capital,Health and well-being,"HEALTH | VI — IHME GBD 2019, Valuing Impact"
Cyprus,CYP,Europe & Central Asia,High income,2989.65,diet_low_vegetables,Diet,Diet low in vegetables,0.0013596238154034298,DALY/capita,Human Capital,Health and well-being,"HEALTH | VI — IHME GBD 2019, Valuing Impact"
Cyprus,CYP,Europe & Central Asia,High income,2989.65,diet_low_whole_grains,Diet,Diet low in whole grains,0.00603331133154308,DALY/capita,Human Capital,Health and well-being,"HEALTH | VI — IHME GBD 2019, Valuing Impact"
Cyprus,CYP,Europe & Central Asia,High income,2989.65,diet_risks_total,Diet,Dietary risks — aggregate,0.0197028082973785,DALY/capita,Human Capital,Health and well-being,"HEALTH | VI — IHME GBD 2019, Valuing Impact"
Cyprus,CYP,Europe & Central Asia,High income,2989.65,smoking,Lifestyle,Smoking — all causes,0.0315040774809009,DALY/capita,Human Capital,Health and well-being,"HEALTH | VI — IHME GBD 2019, Valuing Impact"
Czechia,CZE,Europe & Central Asia,High income,2498.52,wash_handwashing_diarrheal,WASH,No handwashing facility — diarrheal disease,2.7685780841404e-05,DALY/capita,Human Capital,Health and well-being,"HEALTH | VI — IHME GBD 2019, Valuing Impact"
Czechia,CZE,Europe & Central Asia,High income,2498.52,wash_sanitation_diarrheal,WASH,Unsafe sanitation — diarrheal disease,2.87016305151069e-05,DALY/capita,Human Capital,Health and well-being,"HEALTH | VI — IHME GBD 2019, Valuing Impact"
Czechia,CZE,Europe & Central Asia,High income,2498.52,wash_water_diarrheal,WASH,Unsafe water source — diarrheal disease,0.00038842791568711804,DALY/capita,Human Capital,Health and well-being,"HEALTH | VI — IHME GBD 2019, Valuing Impact"
Czechia,CZE,Europe & Central Asia,High income,2498.52,wash_handwashing_respiratory,WASH,No handwashing — lower respiratory infections,4.2606614174247896e-05,DALY/capita,Human Capital,Health and well-being,"HEALTH | VI — IHME GBD 2019, Valuing Impact"
Czechia,CZE,Europe & Central Asia,High income,2498.52,ohs_secondhand_smoke,OHS,Second-hand smoke — all causes,0.0054303210151621,DALY/capita,Human Capital,Health and well-being,"HEALTH | VI — IHME GBD 2019, Valuing Impact"
Czechia,CZE,Europe & Central Asia,High income,2498.52,ohs_occupational_pm,OHS,Occupational PM/gases/fumes — all causes,0.00113146314094912,DALY/capita,Human Capital,Health and well-being,"HEALTH | VI — IHME GBD 2019, Valuing Impact"
Czechia,CZE,Europe & Central Asia,High income,2498.52,ohs_occupational_injuries,OHS,Occupational injuries — all causes,0.00430892473553046,DALY/capita,Human Capital,Health and well-being,"HEALTH | VI — IHME GBD 2019, Valuing Impact"
Czechia,CZE,Europe & Central Asia,High income,2498.52,diet_processed_meat,Diet,Diet high in processed meat,0.00377520630852514,DALY/capita,Human Capital,Health and well-being,"HEALTH | VI — IHME GBD 2019, Valuing Impact"
Czechia,CZE,Europe & Central Asia,High income,2498.52,diet_red_meat,Diet,Diet high in red meat,0.006249998822790581,DALY/capita,Human Capital,Health and well-being,"HEALTH | VI — IHME GBD 2019, Valuing Impact"
Czechia,CZE,Europe & Central Asia,High income,2498.52,diet_sodium,Diet,Diet high in sodium,0.013472592826246,DALY/capita,Human Capital,Health and well-being,"HEALTH | VI — IHME GBD 2019, Valuing Impact"
Czechia,CZE,Europe & Central Asia,High income,2498.52,diet_sugary_beverages,Diet,Diet high in sugar-sweetened beverages,0.00189672636797293,DALY/capita,Human Capital,Health and well-being,"HEALTH | VI — IHME GBD 2019, Valuing Impact"
Czechia,CZE,Europe & Central Asia,High income,2498.52,diet_trans_fats,Diet,Diet high in trans fats,0.00285795719244775,DALY/capita,Human Capital,Health and well-being,"HEALTH | VI — IHME GBD 2019, Valuing Impact"
Czechia,CZE,Europe & Central Asia,High income,2498.52,diet_low_vegetables,Diet,Diet low in vegetables,0.0027738128256515697,DALY/capita,Human Capital,Health and well-being,"HEALTH | VI — IHME GBD 2019, Valuing Impact"
Czechia,CZE,Europe & Central Asia,High income,2498.52,diet_low_whole_grains,Diet,Diet low in whole grains,0.00835468644003746,DALY/capita,Human Capital,Health and well-being,"HEALTH | VI — IHME GBD 2019, Valuing Impact"
Czechia,CZE,Europe & Central Asia,High income,2498.52,diet_risks_total,Diet,Dietary risks — aggregate,0.0451594110245096,DALY/capita,Human Capital,Health and well-being,"HEALTH | VI — IHME GBD 2019, Valuing Impact"
Czechia,CZE,Europe & Central Asia,High income,2498.52,smoking,Lifestyle,Smoking — all causes,0.0496795986925921,DALY/capita,Human Capital,Health and well-being,"HEALTH | VI — IHME GBD 2019, Valuing Impact"
Germany,DEU,Europe & Central Asia,High income,6626.0,wash_handwashing_diarrheal,WASH,No handwashing facility — diarrheal disease,2.4856806085578e-05,DALY/capita,Human Capital,Health and well-being,"HEALTH | VI — IHME GBD 2019, Valuing Impact"
Germany,DEU,Europe & Central Asia,High income,6626.0,wash_sanitation_diarrheal,WASH,Unsafe sanitation — diarrheal disease,1.86670032034829e-05,DALY/capita,Human Capital,Health and well-being,"HEALTH | VI — IHME GBD 2019, Valuing Impact"
Germany,DEU,Europe & Central Asia,High income,6626.0,wash_water_diarrheal,WASH,Unsafe water source — diarrheal disease,3.86603592546908e-05,DALY/capita,Human Capital,Health and well-being,"HEALTH | VI — IHME GBD 2019, Valuing Impact"
Germany,DEU,Europe & Central Asia,High income,6626.0,wash_handwashing_respiratory,WASH,No handwashing — lower respiratory infections,3.66514371312265e-05,DALY/capita,Human Capital,Health and well-being,"HEALTH | VI — IHME GBD 2019, Valuing Impact"
Germany,DEU,Europe & Central Asia,High income,6626.0,ohs_secondhand_smoke,OHS,Second-hand smoke — all causes,0.00267757247160855,DALY/capita,Human Capital,Health and well-being,"HEALTH | VI — IHME GBD 2019, Valuing Impact"
Germany,DEU,Europe & Central Asia,High income,6626.0,ohs_occupational_pm,OHS,Occupational PM/gases/fumes — all causes,0.00108482046102873,DALY/capita,Human Capital,Health and well-being,"HEALTH | VI — IHME GBD 2019, Valuing Impact"
Germany,DEU,Europe & Central Asia,High income,6626.0,ohs_occupational_injuries,OHS,Occupational injuries — all causes,0.0014176525734011902,DALY/capita,Human Capital,Health and well-being,"HEALTH | VI — IHME GBD 2019, Valuing Impact"
Germany,DEU,Europe & Central Asia,High income,6626.0,diet_processed_meat,Diet,Diet high in processed meat,0.004315601911817421,DALY/capita,Human Capital,Health and well-being,"HEALTH | VI — IHME GBD 2019, Valuing Impact"
Germany,DEU,Europe & Central Asia,High income,6626.0,diet_red_meat,Diet,Diet high in red meat,0.0053261757818201,DALY/capita,Human Capital,Health and well-being,"HEALTH | VI — IHME GBD 2019, Valuing Impact"
Germany,DEU,Europe & Central Asia,High income,6626.0,diet_sodium,Diet,Diet high in sodium,0.00307146085608926,DALY/capita,Human Capital,Health and well-being,"HEALTH | VI — IHME GBD 2019, Valuing Impact"
Germany,DEU,Europe & Central Asia,High income,6626.0,diet_sugary_beverages,Diet,Diet high in sugar-sweetened beverages,0.00126868338594202,DALY/capita,Human Capital,Health and well-being,"HEALTH | VI — IHME GBD 2019, Valuing Impact"
Germany,DEU,Europe & Central Asia,High income,6626.0,diet_trans_fats,Diet,Diet high in trans fats,0.00232360253892787,DALY/capita,Human Capital,Health and well-being,"HEALTH | VI — IHME GBD 2019, Valuing Impact"
Germany,DEU,Europe & Central Asia,High income,6626.0,diet_low_vegetables,Diet,Diet low in vegetables,0.00174474869748445,DALY/capita,Human Capital,Health and well-being,"HEALTH | VI — IHME GBD 2019, Valuing Impact"
Germany,DEU,Europe & Central Asia,High income,6626.0,diet_low_whole_grains,Diet,Diet low in whole grains,0.00639774237960732,DALY/capita,Human Capital,Health and well-being,"HEALTH | VI — IHME GBD 2019, Valuing Impact"
Germany,DEU,Europe & Central Asia,High income,6626.0,diet_risks_total,Diet,Dietary risks — aggregate,0.0280203426252869,DALY/capita,Human Capital,Health and well-being,"HEALTH | VI — IHME GBD 2019, Valuing Impact"
Germany,DEU,Europe & Central Asia,High income,6626.0,smoking,Lifestyle,Smoking — all causes,0.0418147772782904,DALY/capita,Human Capital,Health and well-being,"HEALTH | VI — IHME GBD 2019, Valuing Impact"
Djibouti,DJI,Middle East & North Africa,Lower middle income,87.75,wash_handwashing_diarrheal,WASH,No handwashing facility — diarrheal disease,0.00519512574881535,DALY/capita,Human Capital,Health and well-being,"HEALTH | VI — IHME GBD 2019, Valuing Impact"
Djibouti,DJI,Middle East & North Africa,Lower middle income,87.75,wash_sanitation_diarrheal,WASH,Unsafe sanitation — diarrheal disease,0.00979307373362858,DALY/capita,Human Capital,Health and well-being,"HEALTH | VI — IHME GBD 2019, Valuing Impact"
Djibouti,DJI,Middle East & North Africa,Lower middle income,87.75,wash_water_diarrheal,WASH,Unsafe water source — diarrheal disease,0.0138161147179877,DALY/capita,Human Capital,Health and well-being,"HEALTH | VI — IHME GBD 2019, Valuing Impact"
Djibouti,DJI,Middle East & North Africa,Lower middle income,87.75,wash_handwashing_respiratory,WASH,No handwashing — lower respiratory infections,0.005732781794580939,DALY/capita,Human Capital,Health and well-being,"HEALTH | VI — IHME GBD 2019, Valuing Impact"
Djibouti,DJI,Middle East & North Africa,Lower middle income,87.75,ohs_secondhand_smoke,OHS,Second-hand smoke — all causes,0.00406120381620689,DALY/capita,Human Capital,Health and well-being,"HEALTH | VI — IHME GBD 2019, Valuing Impact"
Djibouti,DJI,Middle East & North Africa,Lower middle income,87.75,ohs_occupational_pm,OHS,Occupational PM/gases/fumes — all causes,0.000326259887040738,DALY/capita,Human Capital,Health and well-being,"HEALTH | VI — IHME GBD 2019, Valuing Impact"
Djibouti,DJI,Middle East & North Africa,Lower middle income,87.75,ohs_occupational_injuries,OHS,Occupational injuries — all causes,0.0017838041237149,DALY/capita,Human Capital,Health and well-being,"HEALTH | VI — IHME GBD 2019, Valuing Impact"
Djibouti,DJI,Middle East & North Africa,Lower middle income,87.75,diet_processed_meat,Diet,Diet high in processed meat,0.000434744068307116,DALY/capita,Human Capital,Health and well-being,"HEALTH | VI — IHME GBD 2019, Valuing Impact"
Djibouti,DJI,Middle East & North Africa,Lower middle income,87.75,diet_red_meat,Diet,Diet high in red meat,0.00158129153602905,DALY/capita,Human Capital,Health and well-being,"HEALTH | VI — IHME GBD 2019, Valuing Impact"
Djibouti,DJI,Middle East & North Africa,Lower middle income,87.75,diet_sodium,Diet,Diet high in sodium,0.0026765499808061996,DALY/capita,Human Capital,Health and well-being,"HEALTH | VI — IHME GBD 2019, Valuing Impact"
Djibouti,DJI,Middle East & North Africa,Lower middle income,87.75,diet_sugary_beverages,Diet,Diet high in sugar-sweetened beverages,0.000372678166260623,DALY/capita,Human Capital,Health and well-being,"HEALTH | VI — IHME GBD 2019, Valuing Impact"
Djibouti,DJI,Middle East & North Africa,Lower middle income,87.75,diet_trans_fats,Diet,Diet high in trans fats,0.000547470127328945,DALY/capita,Human Capital,Health and well-being,"HEALTH | VI — IHME GBD 2019, Valuing Impact"
Djibouti,DJI,Middle East & North Africa,Lower middle income,87.75,diet_low_vegetables,Diet,Diet low in vegetables,0.00179199701628828,DALY/capita,Human Capital,Health and well-being,"HEALTH | VI — IHME GBD 2019, Valuing Impact"
Djibouti,DJI,Middle East & North Africa,Lower middle income,87.75,diet_low_whole_grains,Diet,Diet low in whole grains,0.0031229082791612095,DALY/capita,Human Capital,Health and well-being,"HEALTH | VI — IHME GBD 2019, Valuing Impact"
Djibouti,DJI,Middle East & North Africa,Lower middle income,87.75,diet_risks_total,Diet,Dietary risks — aggregate,0.0147692305045976,DALY/capita,Human Capital,Health and well-being,"HEALTH | VI — IHME GBD 2019, Valuing Impact"
Djibouti,DJI,Middle East & North Africa,Lower middle income,87.75,smoking,Lifestyle,Smoking — all causes,0.0135443852724169,DALY/capita,Human Capital,Health and well-being,"HEALTH | VI — IHME GBD 2019, Valuing Impact"
Dominica,DMA,Latin America & Caribbean,Upper middle income,482.43,wash_handwashing_diarrheal,WASH,No handwashing facility — diarrheal disease,0.000317800105727127,DALY/capita,Human Capital,Health and well-being,"HEALTH | VI — IHME GBD 2019, Valuing Impact"
Dominica,DMA,Latin America & Caribbean,Upper middle income,482.43,wash_sanitation_diarrheal,WASH,Unsafe sanitation — diarrheal disease,0.000587211425990242,DALY/capita,Human Capital,Health and well-being,"HEALTH | VI — IHME GBD 2019, Valuing Impact"
Dominica,DMA,Latin America & Caribbean,Upper middle income,482.43,wash_water_diarrheal,WASH,Unsafe water source — diarrheal disease,0.00184580119294801,DALY/capita,Human Capital,Health and well-being,"HEALTH | VI — IHME GBD 2019, Valuing Impact"
Dominica,DMA,Latin America & Caribbean,Upper middle income,482.43,wash_handwashing_respiratory,WASH,No handwashing — lower respiratory infections,0.000733505859571079,DALY/capita,Human Capital,Health and well-being,"HEALTH | VI — IHME GBD 2019, Valuing Impact"
Dominica,DMA,Latin America & Caribbean,Upper middle income,482.43,ohs_secondhand_smoke,OHS,Second-hand smoke — all causes,0.0032090952992591703,DALY/capita,Human Capital,Health and well-being,"HEALTH | VI — IHME GBD 2019, Valuing Impact"
Dominica,DMA,Latin America & Caribbean,Upper middle income,482.43,ohs_occupational_pm,OHS,Occupational PM/gases/fumes — all causes,0.0005693180780905999,DALY/capita,Human Capital,Health and well-being,"HEALTH | VI — IHME GBD 2019, Valuing Impact"
Dominica,DMA,Latin America & Caribbean,Upper middle income,482.43,ohs_occupational_injuries,OHS,Occupational injuries — all causes,0.000863408483851576,DALY/capita,Human Capital,Health and well-being,"HEALTH | VI — IHME GBD 2019, Valuing Impact"
Dominica,DMA,Latin America & Caribbean,Upper middle income,482.43,diet_processed_meat,Diet,Diet high in processed meat,0.00120343034938853,DALY/capita,Human Capital,Health and well-being,"HEALTH | VI — IHME GBD 2019, Valuing Impact"
Dominica,DMA,Latin America & Caribbean,Upper middle income,482.43,diet_red_meat,Diet,Diet high in red meat,0.0033433251220676497,DALY/capita,Human Capital,Health and well-being,"HEALTH | VI — IHME GBD 2019, Valuing Impact"
Dominica,DMA,Latin America & Caribbean,Upper middle income,482.43,diet_sodium,Diet,Diet high in sodium,0.00361498674039742,DALY/capita,Human Capital,Health and well-being,"HEALTH | VI — IHME GBD 2019, Valuing Impact"
Dominica,DMA,Latin America & Caribbean,Upper middle income,482.43,diet_sugary_beverages,Diet,Diet high in sugar-sweetened beverages,0.00128564875317344,DALY/capita,Human Capital,Health and well-being,"HEALTH | VI — IHME GBD 2019, Valuing Impact"
Dominica,DMA,Latin America & Caribbean,Upper middle income,482.43,diet_trans_fats,Diet,Diet high in trans fats,0.00104556732774382,DALY/capita,Human Capital,Health and well-being,"HEALTH | VI — IHME GBD 2019, Valuing Impact"
Dominica,DMA,Latin America & Caribbean,Upper middle income,482.43,diet_low_vegetables,Diet,Diet low in vegetables,0.00180639165618724,DALY/capita,Human Capital,Health and well-being,"HEALTH | VI — IHME GBD 2019, Valuing Impact"
Dominica,DMA,Latin America & Caribbean,Upper middle income,482.43,diet_low_whole_grains,Diet,Diet low in whole grains,0.00903543674744452,DALY/capita,Human Capital,Health and well-being,"HEALTH | VI — IHME GBD 2019, Valuing Impact"
Dominica,DMA,Latin America & Caribbean,Upper middle income,482.43,diet_risks_total,Diet,Dietary risks — aggregate,0.022711422171180502,DALY/capita,Human Capital,Health and well-being,"HEALTH | VI — IHME GBD 2019, Valuing Impact"
Dominica,DMA,Latin America & Caribbean,Upper middle income,482.43,smoking,Lifestyle,Smoking — all causes,0.015505451158983899,DALY/capita,Human Capital,Health and well-being,"HEALTH | VI — IHME GBD 2019, Valuing Impact"
Denmark,DNK,Europe & Central Asia,High income,7382.21,wash_handwashing_diarrheal,WASH,No handwashing facility — diarrheal disease,2.76215892462411e-05,DALY/capita,Human Capital,Health and well-being,"HEALTH | VI — IHME GBD 2019, Valuing Impact"
Denmark,DNK,Europe & Central Asia,High income,7382.21,wash_sanitation_diarrheal,WASH,Unsafe sanitation — diarrheal disease,2.19675050846535e-05,DALY/capita,Human Capital,Health and well-being,"HEALTH | VI — IHME GBD 2019, Valuing Impact"
Denmark,DNK,Europe & Central Asia,High income,7382.21,wash_water_diarrheal,WASH,Unsafe water source — diarrheal disease,4.5061654292527995e-05,DALY/capita,Human Capital,Health and well-being,"HEALTH | VI — IHME GBD 2019, Valuing Impact"
Denmark,DNK,Europe & Central Asia,High income,7382.21,wash_handwashing_respiratory,WASH,No handwashing — lower respiratory infections,4.6288626593063305e-05,DALY/capita,Human Capital,Health and well-being,"HEALTH | VI — IHME GBD 2019, Valuing Impact"
Denmark,DNK,Europe & Central Asia,High income,7382.21,ohs_secondhand_smoke,OHS,Second-hand smoke — all causes,0.00273197944203533,DALY/capita,Human Capital,Health and well-being,"HEALTH | VI — IHME GBD 2019, Valuing Impact"
Denmark,DNK,Europe & Central Asia,High income,7382.21,ohs_occupational_pm,OHS,Occupational PM/gases/fumes — all causes,0.0013950869466439,DALY/capita,Human Capital,Health and well-being,"HEALTH | VI — IHME GBD 2019, Valuing Impact"
Denmark,DNK,Europe & Central Asia,High income,7382.21,ohs_occupational_injuries,OHS,Occupational injuries — all causes,0.00152084157597124,DALY/capita,Human Capital,Health and well-being,"HEALTH | VI — IHME GBD 2019, Valuing Impact"
Denmark,DNK,Europe & Central Asia,High income,7382.21,diet_processed_meat,Diet,Diet high in processed meat,0.00266610165306219,DALY/capita,Human Capital,Health and well-being,"HEALTH | VI — IHME GBD 2019, Valuing Impact"
Denmark,DNK,Europe & Central Asia,High income,7382.21,diet_red_meat,Diet,Diet high in red meat,0.00407153864729848,DALY/capita,Human Capital,Health and well-being,"HEALTH | VI — IHME GBD 2019, Valuing Impact"
Denmark,DNK,Europe & Central Asia,High income,7382.21,diet_sodium,Diet,Diet high in sodium,0.00193361254431058,DALY/capita,Human Capital,Health and well-being,"HEALTH | VI — IHME GBD 2019, Valuing Impact"
Denmark,DNK,Europe & Central Asia,High income,7382.21,diet_sugary_beverages,Diet,Diet high in sugar-sweetened beverages,0.000674964023931835,DALY/capita,Human Capital,Health and well-being,"HEALTH | VI — IHME GBD 2019, Valuing Impact"
Denmark,DNK,Europe & Central Asia,High income,7382.21,diet_trans_fats,Diet,Diet high in trans fats,0.00123752692642732,DALY/capita,Human Capital,Health and well-being,"HEALTH | VI — IHME GBD 2019, Valuing Impact"
Denmark,DNK,Europe & Central Asia,High income,7382.21,diet_low_vegetables,Diet,Diet low in vegetables,0.0009254690945461149,DALY/capita,Human Capital,Health and well-being,"HEALTH | VI — IHME GBD 2019, Valuing Impact"
Denmark,DNK,Europe & Central Asia,High income,7382.21,diet_low_whole_grains,Diet,Diet low in whole grains,0.00507584023110095,DALY/capita,Human Capital,Health and well-being,"HEALTH | VI — IHME GBD 2019, Valuing Impact"
Denmark,DNK,Europe & Central Asia,High income,7382.21,diet_risks_total,Diet,Dietary risks — aggregate,0.018919405484206,DALY/capita,Human Capital,Health and well-being,"HEALTH | VI — IHME GBD 2019, Valuing Impact"
Denmark,DNK,Europe & Central Asia,High income,7382.21,smoking,Lifestyle,Smoking — all causes,0.0476179307349004,DALY/capita,Human Capital,Health and well-being,"HEALTH | VI — IHME GBD 2019, Valuing Impact"
Dominican Republic,DOM,Latin America & Caribbean,Upper middle income,416.9,wash_handwashing_diarrheal,WASH,No handwashing facility — diarrheal disease,0.00108761060897535,DALY/capita,Human Capital,Health and well-being,"HEALTH | VI — IHME GBD 2019, Valuing Impact"
Dominican Republic,DOM,Latin America & Caribbean,Upper middle income,416.9,wash_sanitation_diarrheal,WASH,Unsafe sanitation — diarrheal disease,0.00124867634760162,DALY/capita,Human Capital,Health and well-being,"HEALTH | VI — IHME GBD 2019, Valuing Impact"
Dominican Republic,DOM,Latin America & Caribbean,Upper middle income,416.9,wash_water_diarrheal,WASH,Unsafe water source — diarrheal disease,0.00367329402003167,DALY/capita,Human Capital,Health and well-being,"HEALTH | VI — IHME GBD 2019, Valuing Impact"
Dominican Republic,DOM,Latin America & Caribbean,Upper middle income,416.9,wash_handwashing_respiratory,WASH,No handwashing — lower respiratory infections,0.0009338738267324131,DALY/capita,Human Capital,Health and well-being,"HEALTH | VI — IHME GBD 2019, Valuing Impact"
Dominican Republic,DOM,Latin America & Caribbean,Upper middle income,416.9,ohs_secondhand_smoke,OHS,Second-hand smoke — all causes,0.00275780963953195,DALY/capita,Human Capital,Health and well-being,"HEALTH | VI — IHME GBD 2019, Valuing Impact"
Dominican Republic,DOM,Latin America & Caribbean,Upper middle income,416.9,ohs_occupational_pm,OHS,Occupational PM/gases/fumes — all causes,0.000335046543785502,DALY/capita,Human Capital,Health and well-being,"HEALTH | VI — IHME GBD 2019, Valuing Impact"
Dominican Republic,DOM,Latin America & Caribbean,Upper middle income,416.9,ohs_occupational_injuries,OHS,Occupational injuries — all causes,0.00350488537938806,DALY/capita,Human Capital,Health and well-being,"HEALTH | VI — IHME GBD 2019, Valuing Impact"
Dominican Republic,DOM,Latin America & Caribbean,Upper middle income,416.9,diet_processed_meat,Diet,Diet high in processed meat,0.000694489266152368,DALY/capita,Human Capital,Health and well-being,"HEALTH | VI — IHME GBD 2019, Valuing Impact"
Dominican Republic,DOM,Latin America & Caribbean,Upper middle income,416.9,diet_red_meat,Diet,Diet high in red meat,0.0027067274414965,DALY/capita,Human Capital,Health and well-being,"HEALTH | VI — IHME GBD 2019, Valuing Impact"
Dominican Republic,DOM,Latin America & Caribbean,Upper middle income,416.9,diet_sodium,Diet,Diet high in sodium,0.0026446654747477698,DALY/capita,Human Capital,Health and well-being,"HEALTH | VI — IHME GBD 2019, Valuing Impact"
Dominican Republic,DOM,Latin America & Caribbean,Upper middle income,416.9,diet_sugary_beverages,Diet,Diet high in sugar-sweetened beverages,0.000941773714883841,DALY/capita,Human Capital,Health and well-being,"HEALTH | VI — IHME GBD 2019, Valuing Impact"
Dominican Republic,DOM,Latin America & Caribbean,Upper middle income,416.9,diet_trans_fats,Diet,Diet high in trans fats,0.0014463332720034898,DALY/capita,Human Capital,Health and well-being,"HEALTH | VI — IHME GBD 2019, Valuing Impact"
Dominican Republic,DOM,Latin America & Caribbean,Upper middle income,416.9,diet_low_vegetables,Diet,Diet low in vegetables,0.0029966575257660997,DALY/capita,Human Capital,Health and well-being,"HEALTH | VI — IHME GBD 2019, Valuing Impact"
Dominican Republic,DOM,Latin America & Caribbean,Upper middle income,416.9,diet_low_whole_grains,Diet,Diet low in whole grains,0.0063493112505336605,DALY/capita,Human Capital,Health and well-being,"HEALTH | VI — IHME GBD 2019, Valuing Impact"
Dominican Republic,DOM,Latin America & Caribbean,Upper middle income,416.9,diet_risks_total,Diet,Dietary risks — aggregate,0.021166767488066496,DALY/capita,Human Capital,Health and well-being,"HEALTH | VI — IHME GBD 2019, Valuing Impact"
Dominican Republic,DOM,Latin America & Caribbean,Upper middle income,416.9,smoking,Lifestyle,Smoking — all causes,0.018969746248748198,DALY/capita,Human Capital,Health and well-being,"HEALTH | VI — IHME GBD 2019, Valuing Impact"
Algeria,DZA,Middle East & North Africa,Lower middle income,204.57,wash_handwashing_diarrheal,WASH,No handwashing facility — diarrheal disease,0.000179450425996173,DALY/capita,Human Capital,Health and well-being,"HEALTH | VI — IHME GBD 2019, Valuing Impact"
Algeria,DZA,Middle East & North Africa,Lower middle income,204.57,wash_sanitation_diarrheal,WASH,Unsafe sanitation — diarrheal disease,0.00037617060826319,DALY/capita,Human Capital,Health and well-being,"HEALTH | VI — IHME GBD 2019, Valuing Impact"
Algeria,DZA,Middle East & North Africa,Lower middle income,204.57,wash_water_diarrheal,WASH,Unsafe water source — diarrheal disease,0.00121139654175851,DALY/capita,Human Capital,Health and well-being,"HEALTH | VI — IHME GBD 2019, Valuing Impact"
Algeria,DZA,Middle East & North Africa,Lower middle income,204.57,wash_handwashing_respiratory,WASH,No handwashing — lower respiratory infections,0.000208321407963847,DALY/capita,Human Capital,Health and well-being,"HEALTH | VI — IHME GBD 2019, Valuing Impact"
Algeria,DZA,Middle East & North Africa,Lower middle income,204.57,ohs_secondhand_smoke,OHS,Second-hand smoke — all causes,0.00534815574206591,DALY/capita,Human Capital,Health and well-being,"HEALTH | VI — IHME GBD 2019, Valuing Impact"
Algeria,DZA,Middle East & North Africa,Lower middle income,204.57,ohs_occupational_pm,OHS,Occupational PM/gases/fumes — all causes,0.000323838535344188,DALY/capita,Human Capital,Health and well-being,"HEALTH | VI — IHME GBD 2019, Valuing Impact"
Algeria,DZA,Middle East & North Africa,Lower middle income,204.57,ohs_occupational_injuries,OHS,Occupational injuries — all causes,0.00267886893561636,DALY/capita,Human Capital,Health and well-being,"HEALTH | VI — IHME GBD 2019, Valuing Impact"
Algeria,DZA,Middle East & North Africa,Lower middle income,204.57,diet_processed_meat,Diet,Diet high in processed meat,0.00047299746509891697,DALY/capita,Human Capital,Health and well-being,"HEALTH | VI — IHME GBD 2019, Valuing Impact"
Algeria,DZA,Middle East & North Africa,Lower middle income,204.57,diet_red_meat,Diet,Diet high in red meat,0.0017637303484015201,DALY/capita,Human Capital,Health and well-being,"HEALTH | VI — IHME GBD 2019, Valuing Impact"
Algeria,DZA,Middle East & North Africa,Lower middle income,204.57,diet_sodium,Diet,Diet high in sodium,0.00109693555150182,DALY/capita,Human Capital,Health and well-being,"HEALTH | VI — IHME GBD 2019, Valuing Impact"
Algeria,DZA,Middle East & North Africa,Lower middle income,204.57,diet_sugary_beverages,Diet,Diet high in sugar-sweetened beverages,0.000756852778618359,DALY/capita,Human Capital,Health and well-being,"HEALTH | VI — IHME GBD 2019, Valuing Impact"
Algeria,DZA,Middle East & North Africa,Lower middle income,204.57,diet_trans_fats,Diet,Diet high in trans fats,0.00170652239480845,DALY/capita,Human Capital,Health and well-being,"HEALTH | VI — IHME GBD 2019, Valuing Impact"
Algeria,DZA,Middle East & North Africa,Lower middle income,204.57,diet_low_vegetables,Diet,Diet low in vegetables,0.00144678714598996,DALY/capita,Human Capital,Health and well-being,"HEALTH | VI — IHME GBD 2019, Valuing Impact"
Algeria,DZA,Middle East & North Africa,Lower middle income,204.57,diet_low_whole_grains,Diet,Diet low in whole grains,0.00828145334193996,DALY/capita,Human Capital,Health and well-being,"HEALTH | VI — IHME GBD 2019, Valuing Impact"
Algeria,DZA,Middle East & North Africa,Lower middle income,204.57,diet_risks_total,Diet,Dietary risks — aggregate,0.0200113699022614,DALY/capita,Human Capital,Health and well-being,"HEALTH | VI — IHME GBD 2019, Valuing Impact"
Algeria,DZA,Middle East & North Africa,Lower middle income,204.57,smoking,Lifestyle,Smoking — all causes,0.014495817758411099,DALY/capita,Human Capital,Health and well-being,"HEALTH | VI — IHME GBD 2019, Valuing Impact"
Ecuador,ECU,Latin America & Caribbean,Upper middle income,494.31,wash_handwashing_diarrheal,WASH,No handwashing facility — diarrheal disease,0.000278762574740409,DALY/capita,Human Capital,Health and well-being,"HEALTH | VI — IHME GBD 2019, Valuing Impact"
Ecuador,ECU,Latin America & Caribbean,Upper middle income,494.31,wash_sanitation_diarrheal,WASH,Unsafe sanitation — diarrheal disease,0.0005177691398535579,DALY/capita,Human Capital,Health and well-being,"HEALTH | VI — IHME GBD 2019, Valuing Impact"
Ecuador,ECU,Latin America & Caribbean,Upper middle income,494.31,wash_water_diarrheal,WASH,Unsafe water source — diarrheal disease,0.00147743366585206,DALY/capita,Human Capital,Health and well-being,"HEALTH | VI — IHME GBD 2019, Valuing Impact"
Ecuador,ECU,Latin America & Caribbean,Upper middle income,494.31,wash_handwashing_respiratory,WASH,No handwashing — lower respiratory infections,0.000588639168785874,DALY/capita,Human Capital,Health and well-being,"HEALTH | VI — IHME GBD 2019, Valuing Impact"
Ecuador,ECU,Latin America & Caribbean,Upper middle income,494.31,ohs_secondhand_smoke,OHS,Second-hand smoke — all causes,0.0013116903183558,DALY/capita,Human Capital,Health and well-being,"HEALTH | VI — IHME GBD 2019, Valuing Impact"
Ecuador,ECU,Latin America & Caribbean,Upper middle income,494.31,ohs_occupational_pm,OHS,Occupational PM/gases/fumes — all causes,0.00033031825219301405,DALY/capita,Human Capital,Health and well-being,"HEALTH | VI — IHME GBD 2019, Valuing Impact"
Ecuador,ECU,Latin America & Caribbean,Upper middle income,494.31,ohs_occupational_injuries,OHS,Occupational injuries — all causes,0.00289745898825991,DALY/capita,Human Capital,Health and well-being,"HEALTH | VI — IHME GBD 2019, Valuing Impact"
Ecuador,ECU,Latin America & Caribbean,Upper middle income,494.31,diet_processed_meat,Diet,Diet high in processed meat,0.000506375382778308,DALY/capita,Human Capital,Health and well-being,"HEALTH | VI — IHME GBD 2019, Valuing Impact"
Ecuador,ECU,Latin America & Caribbean,Upper middle income,494.31,diet_red_meat,Diet,Diet high in red meat,0.0021764361782756897,DALY/capita,Human Capital,Health and well-being,"HEALTH | VI — IHME GBD 2019, Valuing Impact"
Ecuador,ECU,Latin America & Caribbean,Upper middle income,494.31,diet_sodium,Diet,Diet high in sodium,0.0023643384937652103,DALY/capita,Human Capital,Health and well-being,"HEALTH | VI — IHME GBD 2019, Valuing Impact"
Ecuador,ECU,Latin America & Caribbean,Upper middle income,494.31,diet_sugary_beverages,Diet,Diet high in sugar-sweetened beverages,0.000844977864728381,DALY/capita,Human Capital,Health and well-being,"HEALTH | VI — IHME GBD 2019, Valuing Impact"
Ecuador,ECU,Latin America & Caribbean,Upper middle income,494.31,diet_trans_fats,Diet,Diet high in trans fats,0.00120798916029122,DALY/capita,Human Capital,Health and well-being,"HEALTH | VI — IHME GBD 2019, Valuing Impact"
Ecuador,ECU,Latin America & Caribbean,Upper middle income,494.31,diet_low_vegetables,Diet,Diet low in vegetables,0.00152819859711763,DALY/capita,Human Capital,Health and well-being,"HEALTH | VI — IHME GBD 2019, Valuing Impact"
Ecuador,ECU,Latin America & Caribbean,Upper middle income,494.31,diet_low_whole_grains,Diet,Diet low in whole grains,0.00310407094576646,DALY/capita,Human Capital,Health and well-being,"HEALTH | VI — IHME GBD 2019, Valuing Impact"
Ecuador,ECU,Latin America & Caribbean,Upper middle income,494.31,diet_risks_total,Diet,Dietary risks — aggregate,0.0138660304517738,DALY/capita,Human Capital,Health and well-being,"HEALTH | VI — IHME GBD 2019, Valuing Impact"
Ecuador,ECU,Latin America & Caribbean,Upper middle income,494.31,smoking,Lifestyle,Smoking — all causes,0.00694032111951529,DALY/capita,Human Capital,Health and well-being,"HEALTH | VI — IHME GBD 2019, Valuing Impact"
"Egypt, Arab Rep.",EGY,Middle East & North Africa,Lower middle income,179.68,wash_handwashing_diarrheal,WASH,No handwashing facility — diarrheal disease,0.000537781338252721,DALY/capita,Human Capital,Health and well-being,"HEALTH | VI — IHME GBD 2019, Valuing Impact"
"Egypt, Arab Rep.",EGY,Middle East & North Africa,Lower middle income,179.68,wash_sanitation_diarrheal,WASH,Unsafe sanitation — diarrheal disease,0.00248213063487195,DALY/capita,Human Capital,Health and well-being,"HEALTH | VI — IHME GBD 2019, Valuing Impact"
"Egypt, Arab Rep.",EGY,Middle East & North Africa,Lower middle income,179.68,wash_water_diarrheal,WASH,Unsafe water source — diarrheal disease,0.0034499602042697597,DALY/capita,Human Capital,Health and well-being,"HEALTH | VI — IHME GBD 2019, Valuing Impact"
"Egypt, Arab Rep.",EGY,Middle East & North Africa,Lower middle income,179.68,wash_handwashing_respiratory,WASH,No handwashing — lower respiratory infections,0.00039654705153750904,DALY/capita,Human Capital,Health and well-being,"HEALTH | VI — IHME GBD 2019, Valuing Impact"
"Egypt, Arab Rep.",EGY,Middle East & North Africa,Lower middle income,179.68,ohs_secondhand_smoke,OHS,Second-hand smoke — all causes,0.00690149565918048,DALY/capita,Human Capital,Health and well-being,"HEALTH | VI — IHME GBD 2019, Valuing Impact"
"Egypt, Arab Rep.",EGY,Middle East & North Africa,Lower middle income,179.68,ohs_occupational_pm,OHS,Occupational PM/gases/fumes — all causes,0.000564762402447076,DALY/capita,Human Capital,Health and well-being,"HEALTH | VI — IHME GBD 2019, Valuing Impact"
"Egypt, Arab Rep.",EGY,Middle East & North Africa,Lower middle income,179.68,ohs_occupational_injuries,OHS,Occupational injuries — all causes,0.0008658808271936211,DALY/capita,Human Capital,Health and well-being,"HEALTH | VI — IHME GBD 2019, Valuing Impact"
"Egypt, Arab Rep.",EGY,Middle East & North Africa,Lower middle income,179.68,diet_processed_meat,Diet,Diet high in processed meat,0.0008861135077524049,DALY/capita,Human Capital,Health and well-being,"HEALTH | VI — IHME GBD 2019, Valuing Impact"
"Egypt, Arab Rep.",EGY,Middle East & North Africa,Lower middle income,179.68,diet_red_meat,Diet,Diet high in red meat,0.00279383173896461,DALY/capita,Human Capital,Health and well-being,"HEALTH | VI — IHME GBD 2019, Valuing Impact"
"Egypt, Arab Rep.",EGY,Middle East & North Africa,Lower middle income,179.68,diet_sodium,Diet,Diet high in sodium,0.00164300176221106,DALY/capita,Human Capital,Health and well-being,"HEALTH | VI — IHME GBD 2019, Valuing Impact"
"Egypt, Arab Rep.",EGY,Middle East & North Africa,Lower middle income,179.68,diet_sugary_beverages,Diet,Diet high in sugar-sweetened beverages,0.0008312744662631591,DALY/capita,Human Capital,Health and well-being,"HEALTH | VI — IHME GBD 2019, Valuing Impact"
"Egypt, Arab Rep.",EGY,Middle East & North Africa,Lower middle income,179.68,diet_trans_fats,Diet,Diet high in trans fats,0.0062666309323160495,DALY/capita,Human Capital,Health and well-being,"HEALTH | VI — IHME GBD 2019, Valuing Impact"
"Egypt, Arab Rep.",EGY,Middle East & North Africa,Lower middle income,179.68,diet_low_vegetables,Diet,Diet low in vegetables,0.000118222814453143,DALY/capita,Human Capital,Health and well-being,"HEALTH | VI — IHME GBD 2019, Valuing Impact"
"Egypt, Arab Rep.",EGY,Middle East & North Africa,Lower middle income,179.68,diet_low_whole_grains,Diet,Diet low in whole grains,0.00922326441225968,DALY/capita,Human Capital,Health and well-being,"HEALTH | VI — IHME GBD 2019, Valuing Impact"
"Egypt, Arab Rep.",EGY,Middle East & North Africa,Lower middle income,179.68,diet_risks_total,Diet,Dietary risks — aggregate,0.024608891551361197,DALY/capita,Human Capital,Health and well-being,"HEALTH | VI — IHME GBD 2019, Valuing Impact"
"Egypt, Arab Rep.",EGY,Middle East & North Africa,Lower middle income,179.68,smoking,Lifestyle,Smoking — all causes,0.0231271150168147,DALY/capita,Human Capital,Health and well-being,"HEALTH | VI — IHME GBD 2019, Valuing Impact"
Eritrea,ERI,Sub-Saharan Africa,Low income,25.36,wash_handwashing_diarrheal,WASH,No handwashing facility — diarrheal disease,0.0135090667243299,DALY/capita,Human Capital,Health and well-being,"HEALTH | VI — IHME GBD 2019, Valuing Impact"
Eritrea,ERI,Sub-Saharan Africa,Low income,25.36,wash_sanitation_diarrheal,WASH,Unsafe sanitation — diarrheal disease,0.026315963952051002,DALY/capita,Human Capital,Health and well-being,"HEALTH | VI — IHME GBD 2019, Valuing Impact"
Eritrea,ERI,Sub-Saharan Africa,Low income,25.36,wash_water_diarrheal,WASH,Unsafe water source — diarrheal disease,0.035195219472988905,DALY/capita,Human Capital,Health and well-being,"HEALTH | VI — IHME GBD 2019, Valuing Impact"
Eritrea,ERI,Sub-Saharan Africa,Low income,25.36,wash_handwashing_respiratory,WASH,No handwashing — lower respiratory infections,0.00751338563184222,DALY/capita,Human Capital,Health and well-being,"HEALTH | VI — IHME GBD 2019, Valuing Impact"
Eritrea,ERI,Sub-Saharan Africa,Low income,25.36,ohs_secondhand_smoke,OHS,Second-hand smoke — all causes,0.00244583380378006,DALY/capita,Human Capital,Health and well-being,"HEALTH | VI — IHME GBD 2019, Valuing Impact"
Eritrea,ERI,Sub-Saharan Africa,Low income,25.36,ohs_occupational_pm,OHS,Occupational PM/gases/fumes — all causes,0.0006094816361593901,DALY/capita,Human Capital,Health and well-being,"HEALTH | VI — IHME GBD 2019, Valuing Impact"
Eritrea,ERI,Sub-Saharan Africa,Low income,25.36,ohs_occupational_injuries,OHS,Occupational injuries — all causes,0.00370654897331605,DALY/capita,Human Capital,Health and well-being,"HEALTH | VI — IHME GBD 2019, Valuing Impact"
Eritrea,ERI,Sub-Saharan Africa,Low income,25.36,diet_processed_meat,Diet,Diet high in processed meat,0.000392729836141454,DALY/capita,Human Capital,Health and well-being,"HEALTH | VI — IHME GBD 2019, Valuing Impact"
Eritrea,ERI,Sub-Saharan Africa,Low income,25.36,diet_red_meat,Diet,Diet high in red meat,0.0008753245197198849,DALY/capita,Human Capital,Health and well-being,"HEALTH | VI — IHME GBD 2019, Valuing Impact"
Eritrea,ERI,Sub-Saharan Africa,Low income,25.36,diet_sodium,Diet,Diet high in sodium,0.0026862629140378402,DALY/capita,Human Capital,Health and well-being,"HEALTH | VI — IHME GBD 2019, Valuing Impact"
Eritrea,ERI,Sub-Saharan Africa,Low income,25.36,diet_sugary_beverages,Diet,Diet high in sugar-sweetened beverages,0.000252802551135599,DALY/capita,Human Capital,Health and well-being,"HEALTH | VI — IHME GBD 2019, Valuing Impact"
Eritrea,ERI,Sub-Saharan Africa,Low income,25.36,diet_trans_fats,Diet,Diet high in trans fats,0.000489253849270512,DALY/capita,Human Capital,Health and well-being,"HEALTH | VI — IHME GBD 2019, Valuing Impact"
Eritrea,ERI,Sub-Saharan Africa,Low income,25.36,diet_low_vegetables,Diet,Diet low in vegetables,0.00230855286644846,DALY/capita,Human Capital,Health and well-being,"HEALTH | VI — IHME GBD 2019, Valuing Impact"
Eritrea,ERI,Sub-Saharan Africa,Low income,25.36,diet_low_whole_grains,Diet,Diet low in whole grains,0.0022589691703353,DALY/capita,Human Capital,Health and well-being,"HEALTH | VI — IHME GBD 2019, Valuing Impact"
Eritrea,ERI,Sub-Saharan Africa,Low income,25.36,diet_risks_total,Diet,Dietary risks — aggregate,0.012207272613625501,DALY/capita,Human Capital,Health and well-being,"HEALTH | VI — IHME GBD 2019, Valuing Impact"
Eritrea,ERI,Sub-Saharan Africa,Low income,25.36,smoking,Lifestyle,Smoking — all causes,0.00844616953928771,DALY/capita,Human Capital,Health and well-being,"HEALTH | VI — IHME GBD 2019, Valuing Impact"
Spain,ESP,Europe & Central Asia,High income,3234.29,wash_handwashing_diarrheal,WASH,No handwashing facility — diarrheal disease,1.66842541573908e-05,DALY/capita,Human Capital,Health and well-being,"HEALTH | VI — IHME GBD 2019, Valuing Impact"
Spain,ESP,Europe & Central Asia,High income,3234.29,wash_sanitation_diarrheal,WASH,Unsafe sanitation — diarrheal disease,1.0463170402905998e-05,DALY/capita,Human Capital,Health and well-being,"HEALTH | VI — IHME GBD 2019, Valuing Impact"
Spain,ESP,Europe & Central Asia,High income,3234.29,wash_water_diarrheal,WASH,Unsafe water source — diarrheal disease,4.30355031466316e-05,DALY/capita,Human Capital,Health and well-being,"HEALTH | VI — IHME GBD 2019, Valuing Impact"
Spain,ESP,Europe & Central Asia,High income,3234.29,wash_handwashing_respiratory,WASH,No handwashing — lower respiratory infections,3.52854498401746e-05,DALY/capita,Human Capital,Health and well-being,"HEALTH | VI — IHME GBD 2019, Valuing Impact"
Spain,ESP,Europe & Central Asia,High income,3234.29,ohs_secondhand_smoke,OHS,Second-hand smoke — all causes,0.0029573015021149398,DALY/capita,Human Capital,Health and well-being,"HEALTH | VI — IHME GBD 2019, Valuing Impact"
Spain,ESP,Europe & Central Asia,High income,3234.29,ohs_occupational_pm,OHS,Occupational PM/gases/fumes — all causes,0.0009570849845180951,DALY/capita,Human Capital,Health and well-being,"HEALTH | VI — IHME GBD 2019, Valuing Impact"
Spain,ESP,Europe & Central Asia,High income,3234.29,ohs_occupational_injuries,OHS,Occupational injuries — all causes,0.00134760905797672,DALY/capita,Human Capital,Health and well-being,"HEALTH | VI — IHME GBD 2019, Valuing Impact"
Spain,ESP,Europe & Central Asia,High income,3234.29,diet_processed_meat,Diet,Diet high in processed meat,0.00300520709479905,DALY/capita,Human Capital,Health and well-being,"HEALTH | VI — IHME GBD 2019, Valuing Impact"
Spain,ESP,Europe & Central Asia,High income,3234.29,diet_red_meat,Diet,Diet high in red meat,0.00399043366364801,DALY/capita,Human Capital,Health and well-being,"HEALTH | VI — IHME GBD 2019, Valuing Impact"
Spain,ESP,Europe & Central Asia,High income,3234.29,diet_sodium,Diet,Diet high in sodium,0.0012909306525679802,DALY/capita,Human Capital,Health and well-being,"HEALTH | VI — IHME GBD 2019, Valuing Impact"
Spain,ESP,Europe & Central Asia,High income,3234.29,diet_sugary_beverages,Diet,Diet high in sugar-sweetened beverages,0.000990190425414242,DALY/capita,Human Capital,Health and well-being,"HEALTH | VI — IHME GBD 2019, Valuing Impact"
Spain,ESP,Europe & Central Asia,High income,3234.29,diet_trans_fats,Diet,Diet high in trans fats,0.00064779811630222,DALY/capita,Human Capital,Health and well-being,"HEALTH | VI — IHME GBD 2019, Valuing Impact"
Spain,ESP,Europe & Central Asia,High income,3234.29,diet_low_vegetables,Diet,Diet low in vegetables,0.000672647104946805,DALY/capita,Human Capital,Health and well-being,"HEALTH | VI — IHME GBD 2019, Valuing Impact"
Spain,ESP,Europe & Central Asia,High income,3234.29,diet_low_whole_grains,Diet,Diet low in whole grains,0.00470370302270641,DALY/capita,Human Capital,Health and well-being,"HEALTH | VI — IHME GBD 2019, Valuing Impact"
Spain,ESP,Europe & Central Asia,High income,3234.29,diet_risks_total,Diet,Dietary risks — aggregate,0.0174607289252594,DALY/capita,Human Capital,Health and well-being,"HEALTH | VI — IHME GBD 2019, Valuing Impact"
Spain,ESP,Europe & Central Asia,High income,3234.29,smoking,Lifestyle,Smoking — all causes,0.035544359354741,DALY/capita,Human Capital,Health and well-being,"HEALTH | VI — IHME GBD 2019, Valuing Impact"
Estonia,EST,Europe & Central Asia,High income,2094.5,wash_handwashing_diarrheal,WASH,No handwashing facility — diarrheal disease,5.1406272390792805e-05,DALY/capita,Human Capital,Health and well-being,"HEALTH | VI — IHME GBD 2019, Valuing Impact"
Estonia,EST,Europe & Central Asia,High income,2094.5,wash_sanitation_diarrheal,WASH,Unsafe sanitation — diarrheal disease,0.00022491840946481598,DALY/capita,Human Capital,Health and well-being,"HEALTH | VI — IHME GBD 2019, Valuing Impact"
Estonia,EST,Europe & Central Asia,High income,2094.5,wash_water_diarrheal,WASH,Unsafe water source — diarrheal disease,0.000555911106388576,DALY/capita,Human Capital,Health and well-being,"HEALTH | VI — IHME GBD 2019, Valuing Impact"
Estonia,EST,Europe & Central Asia,High income,2094.5,wash_handwashing_respiratory,WASH,No handwashing — lower respiratory infections,6.76646793212866e-05,DALY/capita,Human Capital,Health and well-being,"HEALTH | VI — IHME GBD 2019, Valuing Impact"
Estonia,EST,Europe & Central Asia,High income,2094.5,ohs_secondhand_smoke,OHS,Second-hand smoke — all causes,0.00346037782019552,DALY/capita,Human Capital,Health and well-being,"HEALTH | VI — IHME GBD 2019, Valuing Impact"
Estonia,EST,Europe & Central Asia,High income,2094.5,ohs_occupational_pm,OHS,Occupational PM/gases/fumes — all causes,0.000527538023298258,DALY/capita,Human Capital,Health and well-being,"HEALTH | VI — IHME GBD 2019, Valuing Impact"
Estonia,EST,Europe & Central Asia,High income,2094.5,ohs_occupational_injuries,OHS,Occupational injuries — all causes,0.00152388922624247,DALY/capita,Human Capital,Health and well-being,"HEALTH | VI — IHME GBD 2019, Valuing Impact"
Estonia,EST,Europe & Central Asia,High income,2094.5,diet_processed_meat,Diet,Diet high in processed meat,0.005258310079664771,DALY/capita,Human Capital,Health and well-being,"HEALTH | VI — IHME GBD 2019, Valuing Impact"
Estonia,EST,Europe & Central Asia,High income,2094.5,diet_red_meat,Diet,Diet high in red meat,0.00419016164723097,DALY/capita,Human Capital,Health and well-being,"HEALTH | VI — IHME GBD 2019, Valuing Impact"
Estonia,EST,Europe & Central Asia,High income,2094.5,diet_sodium,Diet,Diet high in sodium,0.0026001368200516497,DALY/capita,Human Capital,Health and well-being,"HEALTH | VI — IHME GBD 2019, Valuing Impact"
Estonia,EST,Europe & Central Asia,High income,2094.5,diet_sugary_beverages,Diet,Diet high in sugar-sweetened beverages,0.000985796366536681,DALY/capita,Human Capital,Health and well-being,"HEALTH | VI — IHME GBD 2019, Valuing Impact"
Estonia,EST,Europe & Central Asia,High income,2094.5,diet_trans_fats,Diet,Diet high in trans fats,0.0036673359289776802,DALY/capita,Human Capital,Health and well-being,"HEALTH | VI — IHME GBD 2019, Valuing Impact"
Estonia,EST,Europe & Central Asia,High income,2094.5,diet_low_vegetables,Diet,Diet low in vegetables,0.00203658388728353,DALY/capita,Human Capital,Health and well-being,"HEALTH | VI — IHME GBD 2019, Valuing Impact"
Estonia,EST,Europe & Central Asia,High income,2094.5,diet_low_whole_grains,Diet,Diet low in whole grains,0.00935826833649789,DALY/capita,Human Capital,Health and well-being,"HEALTH | VI — IHME GBD 2019, Valuing Impact"
Estonia,EST,Europe & Central Asia,High income,2094.5,diet_risks_total,Diet,Dietary risks — aggregate,0.0358938482947285,DALY/capita,Human Capital,Health and well-being,"HEALTH | VI — IHME GBD 2019, Valuing Impact"
Estonia,EST,Europe & Central Asia,High income,2094.5,smoking,Lifestyle,Smoking — all causes,0.0424244221505111,DALY/capita,Human Capital,Health and well-being,"HEALTH | VI — IHME GBD 2019, Valuing Impact"
Ethiopia,ETH,Sub-Saharan Africa,Low income,26.48,wash_handwashing_diarrheal,WASH,No handwashing facility — diarrheal disease,0.0102211900261886,DALY/capita,Human Capital,Health and well-being,"HEALTH | VI — IHME GBD 2019, Valuing Impact"
Ethiopia,ETH,Sub-Saharan Africa,Low income,26.48,wash_sanitation_diarrheal,WASH,Unsafe sanitation — diarrheal disease,0.0203775495159478,DALY/capita,Human Capital,Health and well-being,"HEALTH | VI — IHME GBD 2019, Valuing Impact"
Ethiopia,ETH,Sub-Saharan Africa,Low income,26.48,wash_water_diarrheal,WASH,Unsafe water source — diarrheal disease,0.0261168168523114,DALY/capita,Human Capital,Health and well-being,"HEALTH | VI — IHME GBD 2019, Valuing Impact"
Ethiopia,ETH,Sub-Saharan Africa,Low income,26.48,wash_handwashing_respiratory,WASH,No handwashing — lower respiratory infections,0.0052720500056347396,DALY/capita,Human Capital,Health and well-being,"HEALTH | VI — IHME GBD 2019, Valuing Impact"
Ethiopia,ETH,Sub-Saharan Africa,Low income,26.48,ohs_secondhand_smoke,OHS,Second-hand smoke — all causes,0.000700597288808759,DALY/capita,Human Capital,Health and well-being,"HEALTH | VI — IHME GBD 2019, Valuing Impact"
Ethiopia,ETH,Sub-Saharan Africa,Low income,26.48,ohs_occupational_pm,OHS,Occupational PM/gases/fumes — all causes,0.00040749374109373795,DALY/capita,Human Capital,Health and well-being,"HEALTH | VI — IHME GBD 2019, Valuing Impact"
Ethiopia,ETH,Sub-Saharan Africa,Low income,26.48,ohs_occupational_injuries,OHS,Occupational injuries — all causes,0.00458724103676367,DALY/capita,Human Capital,Health and well-being,"HEALTH | VI — IHME GBD 2019, Valuing Impact"
Ethiopia,ETH,Sub-Saharan Africa,Low income,26.48,diet_processed_meat,Diet,Diet high in processed meat,0.00022243943683690698,DALY/capita,Human Capital,Health and well-being,"HEALTH | VI — IHME GBD 2019, Valuing Impact"
Ethiopia,ETH,Sub-Saharan Africa,Low income,26.48,diet_red_meat,Diet,Diet high in red meat,0.00046879974698263405,DALY/capita,Human Capital,Health and well-being,"HEALTH | VI — IHME GBD 2019, Valuing Impact"
Ethiopia,ETH,Sub-Saharan Africa,Low income,26.48,diet_sodium,Diet,Diet high in sodium,0.00166206260987921,DALY/capita,Human Capital,Health and well-being,"HEALTH | VI — IHME GBD 2019, Valuing Impact"
Ethiopia,ETH,Sub-Saharan Africa,Low income,26.48,diet_sugary_beverages,Diet,Diet high in sugar-sweetened beverages,0.000270734402847299,DALY/capita,Human Capital,Health and well-being,"HEALTH | VI — IHME GBD 2019, Valuing Impact"
Ethiopia,ETH,Sub-Saharan Africa,Low income,26.48,diet_trans_fats,Diet,Diet high in trans fats,0.000300944799826839,DALY/capita,Human Capital,Health and well-being,"HEALTH | VI — IHME GBD 2019, Valuing Impact"
Ethiopia,ETH,Sub-Saharan Africa,Low income,26.48,diet_low_vegetables,Diet,Diet low in vegetables,0.0012025890505846,DALY/capita,Human Capital,Health and well-being,"HEALTH | VI — IHME GBD 2019, Valuing Impact"
Ethiopia,ETH,Sub-Saharan Africa,Low income,26.48,diet_low_whole_grains,Diet,Diet low in whole grains,0.00158510113611939,DALY/capita,Human Capital,Health and well-being,"HEALTH | VI — IHME GBD 2019, Valuing Impact"
Ethiopia,ETH,Sub-Saharan Africa,Low income,26.48,diet_risks_total,Diet,Dietary risks — aggregate,0.0076322990570953,DALY/capita,Human Capital,Health and well-being,"HEALTH | VI — IHME GBD 2019, Valuing Impact"
Ethiopia,ETH,Sub-Saharan Africa,Low income,26.48,smoking,Lifestyle,Smoking — all causes,0.00222625175037642,DALY/capita,Human Capital,Health and well-being,"HEALTH | VI — IHME GBD 2019, Valuing Impact"
Finland,FIN,Europe & Central Asia,High income,5487.88,wash_handwashing_diarrheal,WASH,No handwashing facility — diarrheal disease,1.13963731182738e-05,DALY/capita,Human Capital,Health and well-being,"HEALTH | VI — IHME GBD 2019, Valuing Impact"
Finland,FIN,Europe & Central Asia,High income,5487.88,wash_sanitation_diarrheal,WASH,Unsafe sanitation — diarrheal disease,1.2689876431192799e-05,DALY/capita,Human Capital,Health and well-being,"HEALTH | VI — IHME GBD 2019, Valuing Impact"
Finland,FIN,Europe & Central Asia,High income,5487.88,wash_water_diarrheal,WASH,Unsafe water source — diarrheal disease,1.87426527655283e-05,DALY/capita,Human Capital,Health and well-being,"HEALTH | VI — IHME GBD 2019, Valuing Impact"
Finland,FIN,Europe & Central Asia,High income,5487.88,wash_handwashing_respiratory,WASH,No handwashing — lower respiratory infections,1.7017945710738998e-05,DALY/capita,Human Capital,Health and well-being,"HEALTH | VI — IHME GBD 2019, Valuing Impact"
Finland,FIN,Europe & Central Asia,High income,5487.88,ohs_secondhand_smoke,OHS,Second-hand smoke — all causes,0.0018474688143540101,DALY/capita,Human Capital,Health and well-being,"HEALTH | VI — IHME GBD 2019, Valuing Impact"
Finland,FIN,Europe & Central Asia,High income,5487.88,ohs_occupational_pm,OHS,Occupational PM/gases/fumes — all causes,0.00071334032365254,DALY/capita,Human Capital,Health and well-being,"HEALTH | VI — IHME GBD 2019, Valuing Impact"
Finland,FIN,Europe & Central Asia,High income,5487.88,ohs_occupational_injuries,OHS,Occupational injuries — all causes,0.00121766207090174,DALY/capita,Human Capital,Health and well-being,"HEALTH | VI — IHME GBD 2019, Valuing Impact"
Finland,FIN,Europe & Central Asia,High income,5487.88,diet_processed_meat,Diet,Diet high in processed meat,0.0031794200866794103,DALY/capita,Human Capital,Health and well-being,"HEALTH | VI — IHME GBD 2019, Valuing Impact"
Finland,FIN,Europe & Central Asia,High income,5487.88,diet_red_meat,Diet,Diet high in red meat,0.00460996056950653,DALY/capita,Human Capital,Health and well-being,"HEALTH | VI — IHME GBD 2019, Valuing Impact"
Finland,FIN,Europe & Central Asia,High income,5487.88,diet_sodium,Diet,Diet high in sodium,0.00300488840186618,DALY/capita,Human Capital,Health and well-being,"HEALTH | VI — IHME GBD 2019, Valuing Impact"
Finland,FIN,Europe & Central Asia,High income,5487.88,diet_sugary_beverages,Diet,Diet high in sugar-sweetened beverages,0.000997358720557303,DALY/capita,Human Capital,Health and well-being,"HEALTH | VI — IHME GBD 2019, Valuing Impact"
Finland,FIN,Europe & Central Asia,High income,5487.88,diet_trans_fats,Diet,Diet high in trans fats,0.00206798186634039,DALY/capita,Human Capital,Health and well-being,"HEALTH | VI — IHME GBD 2019, Valuing Impact"
Finland,FIN,Europe & Central Asia,High income,5487.88,diet_low_vegetables,Diet,Diet low in vegetables,0.0021732971480968497,DALY/capita,Human Capital,Health and well-being,"HEALTH | VI — IHME GBD 2019, Valuing Impact"
Finland,FIN,Europe & Central Asia,High income,5487.88,diet_low_whole_grains,Diet,Diet low in whole grains,0.00717052992088628,DALY/capita,Human Capital,Health and well-being,"HEALTH | VI — IHME GBD 2019, Valuing Impact"
Finland,FIN,Europe & Central Asia,High income,5487.88,diet_risks_total,Diet,Dietary risks — aggregate,0.0292799309231011,DALY/capita,Human Capital,Health and well-being,"HEALTH | VI — IHME GBD 2019, Valuing Impact"
Finland,FIN,Europe & Central Asia,High income,5487.88,smoking,Lifestyle,Smoking — all causes,0.029916381776441698,DALY/capita,Human Capital,Health and well-being,"HEALTH | VI — IHME GBD 2019, Valuing Impact"
Fiji,FJI,East Asia & Pacific,Upper middle income,250.03,wash_handwashing_diarrheal,WASH,No handwashing facility — diarrheal disease,0.000319418707513081,DALY/capita,Human Capital,Health and well-being,"HEALTH | VI — IHME GBD 2019, Valuing Impact"
Fiji,FJI,East Asia & Pacific,Upper middle income,250.03,wash_sanitation_diarrheal,WASH,Unsafe sanitation — diarrheal disease,0.0017980318613158598,DALY/capita,Human Capital,Health and well-being,"HEALTH | VI — IHME GBD 2019, Valuing Impact"
Fiji,FJI,East Asia & Pacific,Upper middle income,250.03,wash_water_diarrheal,WASH,Unsafe water source — diarrheal disease,0.00425999566159445,DALY/capita,Human Capital,Health and well-being,"HEALTH | VI — IHME GBD 2019, Valuing Impact"
Fiji,FJI,East Asia & Pacific,Upper middle income,250.03,wash_handwashing_respiratory,WASH,No handwashing — lower respiratory infections,0.000299043783835695,DALY/capita,Human Capital,Health and well-being,"HEALTH | VI — IHME GBD 2019, Valuing Impact"
Fiji,FJI,East Asia & Pacific,Upper middle income,250.03,ohs_secondhand_smoke,OHS,Second-hand smoke — all causes,0.0119617943854602,DALY/capita,Human Capital,Health and well-being,"HEALTH | VI — IHME GBD 2019, Valuing Impact"
Fiji,FJI,East Asia & Pacific,Upper middle income,250.03,ohs_occupational_pm,OHS,Occupational PM/gases/fumes — all causes,0.00046961170745881705,DALY/capita,Human Capital,Health and well-being,"HEALTH | VI — IHME GBD 2019, Valuing Impact"
Fiji,FJI,East Asia & Pacific,Upper middle income,250.03,ohs_occupational_injuries,OHS,Occupational injuries — all causes,0.0017173106807834698,DALY/capita,Human Capital,Health and well-being,"HEALTH | VI — IHME GBD 2019, Valuing Impact"
Fiji,FJI,East Asia & Pacific,Upper middle income,250.03,diet_processed_meat,Diet,Diet high in processed meat,0.00188840470308009,DALY/capita,Human Capital,Health and well-being,"HEALTH | VI — IHME GBD 2019, Valuing Impact"
Fiji,FJI,East Asia & Pacific,Upper middle income,250.03,diet_red_meat,Diet,Diet high in red meat,0.00897401678210203,DALY/capita,Human Capital,Health and well-being,"HEALTH | VI — IHME GBD 2019, Valuing Impact"
Fiji,FJI,East Asia & Pacific,Upper middle income,250.03,diet_sodium,Diet,Diet high in sodium,0.007268709104734299,DALY/capita,Human Capital,Health and well-being,"HEALTH | VI — IHME GBD 2019, Valuing Impact"
Fiji,FJI,East Asia & Pacific,Upper middle income,250.03,diet_sugary_beverages,Diet,Diet high in sugar-sweetened beverages,0.00251422257325934,DALY/capita,Human Capital,Health and well-being,"HEALTH | VI — IHME GBD 2019, Valuing Impact"
Fiji,FJI,East Asia & Pacific,Upper middle income,250.03,diet_trans_fats,Diet,Diet high in trans fats,0.00265983213011942,DALY/capita,Human Capital,Health and well-being,"HEALTH | VI — IHME GBD 2019, Valuing Impact"
Fiji,FJI,East Asia & Pacific,Upper middle income,250.03,diet_low_vegetables,Diet,Diet low in vegetables,0.00545813156610827,DALY/capita,Human Capital,Health and well-being,"HEALTH | VI — IHME GBD 2019, Valuing Impact"
Fiji,FJI,East Asia & Pacific,Upper middle income,250.03,diet_low_whole_grains,Diet,Diet low in whole grains,0.013668244465761599,DALY/capita,Human Capital,Health and well-being,"HEALTH | VI — IHME GBD 2019, Valuing Impact"
Fiji,FJI,East Asia & Pacific,Upper middle income,250.03,diet_risks_total,Diet,Dietary risks — aggregate,0.0518890636559695,DALY/capita,Human Capital,Health and well-being,"HEALTH | VI — IHME GBD 2019, Valuing Impact"
Fiji,FJI,East Asia & Pacific,Upper middle income,250.03,smoking,Lifestyle,Smoking — all causes,0.0329722767959241,DALY/capita,Human Capital,Health and well-being,"HEALTH | VI — IHME GBD 2019, Valuing Impact"
France,FRA,Europe & Central Asia,High income,5380.88,wash_handwashing_diarrheal,WASH,No handwashing facility — diarrheal disease,1.4216091843660099e-05,DALY/capita,Human Capital,Health and well-being,"HEALTH | VI — IHME GBD 2019, Valuing Impact"
France,FRA,Europe & Central Asia,High income,5380.88,wash_sanitation_diarrheal,WASH,Unsafe sanitation — diarrheal disease,1.92391859571661e-05,DALY/capita,Human Capital,Health and well-being,"HEALTH | VI — IHME GBD 2019, Valuing Impact"
France,FRA,Europe & Central Asia,High income,5380.88,wash_water_diarrheal,WASH,Unsafe water source — diarrheal disease,4.6972159937846695e-05,DALY/capita,Human Capital,Health and well-being,"HEALTH | VI — IHME GBD 2019, Valuing Impact"
France,FRA,Europe & Central Asia,High income,5380.88,wash_handwashing_respiratory,WASH,No handwashing — lower respiratory infections,3.6215123028965e-05,DALY/capita,Human Capital,Health and well-being,"HEALTH | VI — IHME GBD 2019, Valuing Impact"
France,FRA,Europe & Central Asia,High income,5380.88,ohs_secondhand_smoke,OHS,Second-hand smoke — all causes,0.00148463080031993,DALY/capita,Human Capital,Health and well-being,"HEALTH | VI — IHME GBD 2019, Valuing Impact"
France,FRA,Europe & Central Asia,High income,5380.88,ohs_occupational_pm,OHS,Occupational PM/gases/fumes — all causes,0.000370115364256955,DALY/capita,Human Capital,Health and well-being,"HEALTH | VI — IHME GBD 2019, Valuing Impact"
France,FRA,Europe & Central Asia,High income,5380.88,ohs_occupational_injuries,OHS,Occupational injuries — all causes,0.0026871029359318904,DALY/capita,Human Capital,Health and well-being,"HEALTH | VI — IHME GBD 2019, Valuing Impact"
France,FRA,Europe & Central Asia,High income,5380.88,diet_processed_meat,Diet,Diet high in processed meat,0.00202574466545616,DALY/capita,Human Capital,Health and well-being,"HEALTH | VI — IHME GBD 2019, Valuing Impact"
France,FRA,Europe & Central Asia,High income,5380.88,diet_red_meat,Diet,Diet high in red meat,0.00375333008604364,DALY/capita,Human Capital,Health and well-being,"HEALTH | VI — IHME GBD 2019, Valuing Impact"
France,FRA,Europe & Central Asia,High income,5380.88,diet_sodium,Diet,Diet high in sodium,0.0014433107317566298,DALY/capita,Human Capital,Health and well-being,"HEALTH | VI — IHME GBD 2019, Valuing Impact"
France,FRA,Europe & Central Asia,High income,5380.88,diet_sugary_beverages,Diet,Diet high in sugar-sweetened beverages,0.00046326183217898503,DALY/capita,Human Capital,Health and well-being,"HEALTH | VI — IHME GBD 2019, Valuing Impact"
France,FRA,Europe & Central Asia,High income,5380.88,diet_trans_fats,Diet,Diet high in trans fats,0.0009255475367345881,DALY/capita,Human Capital,Health and well-being,"HEALTH | VI — IHME GBD 2019, Valuing Impact"
France,FRA,Europe & Central Asia,High income,5380.88,diet_low_vegetables,Diet,Diet low in vegetables,0.00108039040994267,DALY/capita,Human Capital,Health and well-being,"HEALTH | VI — IHME GBD 2019, Valuing Impact"
France,FRA,Europe & Central Asia,High income,5380.88,diet_low_whole_grains,Diet,Diet low in whole grains,0.00437998679180052,DALY/capita,Human Capital,Health and well-being,"HEALTH | VI — IHME GBD 2019, Valuing Impact"
France,FRA,Europe & Central Asia,High income,5380.88,diet_risks_total,Diet,Dietary risks — aggregate,0.016389077354923,DALY/capita,Human Capital,Health and well-being,"HEALTH | VI — IHME GBD 2019, Valuing Impact"
France,FRA,Europe & Central Asia,High income,5380.88,smoking,Lifestyle,Smoking — all causes,0.029890481848981798,DALY/capita,Human Capital,Health and well-being,"HEALTH | VI — IHME GBD 2019, Valuing Impact"
Faroe Islands,FRO,Europe & Central Asia,High income,0.0,diet_processed_meat,Diet,Diet high in processed meat,0.0,DALY/capita,Human Capital,Health and well-being,"HEALTH | VI — IHME GBD 2019, Valuing Impact"
Faroe Islands,FRO,Europe & Central Asia,High income,0.0,diet_red_meat,Diet,Diet high in red meat,0.0,DALY/capita,Human Capital,Health and well-being,"HEALTH | VI — IHME GBD 2019, Valuing Impact"
Faroe Islands,FRO,Europe & Central Asia,High income,0.0,diet_sodium,Diet,Diet high in sodium,0.0,DALY/capita,Human Capital,Health and well-being,"HEALTH | VI — IHME GBD 2019, Valuing Impact"
Faroe Islands,FRO,Europe & Central Asia,High income,0.0,diet_sugary_beverages,Diet,Diet high in sugar-sweetened beverages,0.0,DALY/capita,Human Capital,Health and well-being,"HEALTH | VI — IHME GBD 2019, Valuing Impact"
Faroe Islands,FRO,Europe & Central Asia,High income,0.0,diet_trans_fats,Diet,Diet high in trans fats,0.0,DALY/capita,Human Capital,Health and well-being,"HEALTH | VI — IHME GBD 2019, Valuing Impact"
Faroe Islands,FRO,Europe & Central Asia,High income,0.0,diet_low_vegetables,Diet,Diet low in vegetables,0.0,DALY/capita,Human Capital,Health and well-being,"HEALTH | VI — IHME GBD 2019, Valuing Impact"
Faroe Islands,FRO,Europe & Central Asia,High income,0.0,diet_low_whole_grains,Diet,Diet low in whole grains,0.0,DALY/capita,Human Capital,Health and well-being,"HEALTH | VI — IHME GBD 2019, Valuing Impact"
Faroe Islands,FRO,Europe & Central Asia,High income,0.0,diet_risks_total,Diet,Dietary risks — aggregate,0.0,DALY/capita,Human Capital,Health and well-being,"HEALTH | VI — IHME GBD 2019, Valuing Impact"
"Micronesia, Fed. Sts.",FSM,East Asia & Pacific,Lower middle income,393.35,wash_handwashing_diarrheal,WASH,No handwashing facility — diarrheal disease,0.000294180766395169,DALY/capita,Human Capital,Health and well-being,"HEALTH | VI — IHME GBD 2019, Valuing Impact"
"Micronesia, Fed. Sts.",FSM,East Asia & Pacific,Lower middle income,393.35,wash_sanitation_diarrheal,WASH,Unsafe sanitation — diarrheal disease,0.0014956308017939099,DALY/capita,Human Capital,Health and well-being,"HEALTH | VI — IHME GBD 2019, Valuing Impact"
"Micronesia, Fed. Sts.",FSM,East Asia & Pacific,Lower middle income,393.35,wash_water_diarrheal,WASH,Unsafe water source — diarrheal disease,0.00344480154896227,DALY/capita,Human Capital,Health and well-being,"HEALTH | VI — IHME GBD 2019, Valuing Impact"
"Micronesia, Fed. Sts.",FSM,East Asia & Pacific,Lower middle income,393.35,wash_handwashing_respiratory,WASH,No handwashing — lower respiratory infections,0.000570041591047001,DALY/capita,Human Capital,Health and well-being,"HEALTH | VI — IHME GBD 2019, Valuing Impact"
"Micronesia, Fed. Sts.",FSM,East Asia & Pacific,Lower middle income,393.35,ohs_secondhand_smoke,OHS,Second-hand smoke — all causes,0.012514289535763801,DALY/capita,Human Capital,Health and well-being,"HEALTH | VI — IHME GBD 2019, Valuing Impact"
"Micronesia, Fed. Sts.",FSM,East Asia & Pacific,Lower middle income,393.35,ohs_occupational_pm,OHS,Occupational PM/gases/fumes — all causes,0.00116869203502438,DALY/capita,Human Capital,Health and well-being,"HEALTH | VI — IHME GBD 2019, Valuing Impact"
"Micronesia, Fed. Sts.",FSM,East Asia & Pacific,Lower middle income,393.35,ohs_occupational_injuries,OHS,Occupational injuries — all causes,0.00211479199677375,DALY/capita,Human Capital,Health and well-being,"HEALTH | VI — IHME GBD 2019, Valuing Impact"
"Micronesia, Fed. Sts.",FSM,East Asia & Pacific,Lower middle income,393.35,diet_processed_meat,Diet,Diet high in processed meat,0.00126263854745683,DALY/capita,Human Capital,Health and well-being,"HEALTH | VI — IHME GBD 2019, Valuing Impact"
"Micronesia, Fed. Sts.",FSM,East Asia & Pacific,Lower middle income,393.35,diet_red_meat,Diet,Diet high in red meat,0.006623272682261831,DALY/capita,Human Capital,Health and well-being,"HEALTH | VI — IHME GBD 2019, Valuing Impact"
"Micronesia, Fed. Sts.",FSM,East Asia & Pacific,Lower middle income,393.35,diet_sodium,Diet,Diet high in sodium,0.00767795868760448,DALY/capita,Human Capital,Health and well-being,"HEALTH | VI — IHME GBD 2019, Valuing Impact"
"Micronesia, Fed. Sts.",FSM,East Asia & Pacific,Lower middle income,393.35,diet_sugary_beverages,Diet,Diet high in sugar-sweetened beverages,0.0015990341715988298,DALY/capita,Human Capital,Health and well-being,"HEALTH | VI — IHME GBD 2019, Valuing Impact"
"Micronesia, Fed. Sts.",FSM,East Asia & Pacific,Lower middle income,393.35,diet_trans_fats,Diet,Diet high in trans fats,0.00295005710107699,DALY/capita,Human Capital,Health and well-being,"HEALTH | VI — IHME GBD 2019, Valuing Impact"
"Micronesia, Fed. Sts.",FSM,East Asia & Pacific,Lower middle income,393.35,diet_low_vegetables,Diet,Diet low in vegetables,0.008560773090793389,DALY/capita,Human Capital,Health and well-being,"HEALTH | VI — IHME GBD 2019, Valuing Impact"
"Micronesia, Fed. Sts.",FSM,East Asia & Pacific,Lower middle income,393.35,diet_low_whole_grains,Diet,Diet low in whole grains,0.013867471381406999,DALY/capita,Human Capital,Health and well-being,"HEALTH | VI — IHME GBD 2019, Valuing Impact"
"Micronesia, Fed. Sts.",FSM,East Asia & Pacific,Lower middle income,393.35,diet_risks_total,Diet,Dietary risks — aggregate,0.051975861977425805,DALY/capita,Human Capital,Health and well-being,"HEALTH | VI — IHME GBD 2019, Valuing Impact"
"Micronesia, Fed. Sts.",FSM,East Asia & Pacific,Lower middle income,393.35,smoking,Lifestyle,Smoking — all causes,0.0547258351495818,DALY/capita,Human Capital,Health and well-being,"HEALTH | VI — IHME GBD 2019, Valuing Impact"
Gabon,GAB,Sub-Saharan Africa,Upper middle income,233.87,wash_handwashing_diarrheal,WASH,No handwashing facility — diarrheal disease,0.00229012335214211,DALY/capita,Human Capital,Health and well-being,"HEALTH | VI — IHME GBD 2019, Valuing Impact"
Gabon,GAB,Sub-Saharan Africa,Upper middle income,233.87,wash_sanitation_diarrheal,WASH,Unsafe sanitation — diarrheal disease,0.00432175285474568,DALY/capita,Human Capital,Health and well-being,"HEALTH | VI — IHME GBD 2019, Valuing Impact"
Gabon,GAB,Sub-Saharan Africa,Upper middle income,233.87,wash_water_diarrheal,WASH,Unsafe water source — diarrheal disease,0.0065295601097827,DALY/capita,Human Capital,Health and well-being,"HEALTH | VI — IHME GBD 2019, Valuing Impact"
Gabon,GAB,Sub-Saharan Africa,Upper middle income,233.87,wash_handwashing_respiratory,WASH,No handwashing — lower respiratory infections,0.00216816550557906,DALY/capita,Human Capital,Health and well-being,"HEALTH | VI — IHME GBD 2019, Valuing Impact"
Gabon,GAB,Sub-Saharan Africa,Upper middle income,233.87,ohs_secondhand_smoke,OHS,Second-hand smoke — all causes,0.00229096651016754,DALY/capita,Human Capital,Health and well-being,"HEALTH | VI — IHME GBD 2019, Valuing Impact"
Gabon,GAB,Sub-Saharan Africa,Upper middle income,233.87,ohs_occupational_pm,OHS,Occupational PM/gases/fumes — all causes,0.00035216898694687403,DALY/capita,Human Capital,Health and well-being,"HEALTH | VI — IHME GBD 2019, Valuing Impact"
Gabon,GAB,Sub-Saharan Africa,Upper middle income,233.87,ohs_occupational_injuries,OHS,Occupational injuries — all causes,0.0019488999269672998,DALY/capita,Human Capital,Health and well-being,"HEALTH | VI — IHME GBD 2019, Valuing Impact"
Gabon,GAB,Sub-Saharan Africa,Upper middle income,233.87,diet_processed_meat,Diet,Diet high in processed meat,0.000799111197041092,DALY/capita,Human Capital,Health and well-being,"HEALTH | VI — IHME GBD 2019, Valuing Impact"
Gabon,GAB,Sub-Saharan Africa,Upper middle income,233.87,diet_red_meat,Diet,Diet high in red meat,0.0034285716089896404,DALY/capita,Human Capital,Health and well-being,"HEALTH | VI — IHME GBD 2019, Valuing Impact"
Gabon,GAB,Sub-Saharan Africa,Upper middle income,233.87,diet_sodium,Diet,Diet high in sodium,0.00179079124878056,DALY/capita,Human Capital,Health and well-being,"HEALTH | VI — IHME GBD 2019, Valuing Impact"
Gabon,GAB,Sub-Saharan Africa,Upper middle income,233.87,diet_sugary_beverages,Diet,Diet high in sugar-sweetened beverages,0.000632825196133704,DALY/capita,Human Capital,Health and well-being,"HEALTH | VI — IHME GBD 2019, Valuing Impact"
Gabon,GAB,Sub-Saharan Africa,Upper middle income,233.87,diet_trans_fats,Diet,Diet high in trans fats,0.000621388424598937,DALY/capita,Human Capital,Health and well-being,"HEALTH | VI — IHME GBD 2019, Valuing Impact"
Gabon,GAB,Sub-Saharan Africa,Upper middle income,233.87,diet_low_vegetables,Diet,Diet low in vegetables,0.00222567648898658,DALY/capita,Human Capital,Health and well-being,"HEALTH | VI — IHME GBD 2019, Valuing Impact"
Gabon,GAB,Sub-Saharan Africa,Upper middle income,233.87,diet_low_whole_grains,Diet,Diet low in whole grains,0.00276703443194959,DALY/capita,Human Capital,Health and well-being,"HEALTH | VI — IHME GBD 2019, Valuing Impact"
Gabon,GAB,Sub-Saharan Africa,Upper middle income,233.87,diet_risks_total,Diet,Dietary risks — aggregate,0.0140859083319418,DALY/capita,Human Capital,Health and well-being,"HEALTH | VI — IHME GBD 2019, Valuing Impact"
Gabon,GAB,Sub-Saharan Africa,Upper middle income,233.87,smoking,Lifestyle,Smoking — all causes,0.00962384233346115,DALY/capita,Human Capital,Health and well-being,"HEALTH | VI — IHME GBD 2019, Valuing Impact"
United Kingdom,GBR,Europe & Central Asia,High income,5738.48,wash_handwashing_diarrheal,WASH,No handwashing facility — diarrheal disease,1.3635079939357999e-05,DALY/capita,Human Capital,Health and well-being,"HEALTH | VI — IHME GBD 2019, Valuing Impact"
United Kingdom,GBR,Europe & Central Asia,High income,5738.48,wash_sanitation_diarrheal,WASH,Unsafe sanitation — diarrheal disease,4.62730461713137e-06,DALY/capita,Human Capital,Health and well-being,"HEALTH | VI — IHME GBD 2019, Valuing Impact"
United Kingdom,GBR,Europe & Central Asia,High income,5738.48,wash_water_diarrheal,WASH,Unsafe water source — diarrheal disease,2.37179061685966e-05,DALY/capita,Human Capital,Health and well-being,"HEALTH | VI — IHME GBD 2019, Valuing Impact"
United Kingdom,GBR,Europe & Central Asia,High income,5738.48,wash_handwashing_respiratory,WASH,No handwashing — lower respiratory infections,7.09338032519935e-05,DALY/capita,Human Capital,Health and well-being,"HEALTH | VI — IHME GBD 2019, Valuing Impact"
United Kingdom,GBR,Europe & Central Asia,High income,5738.48,ohs_secondhand_smoke,OHS,Second-hand smoke — all causes,0.0030518262178696803,DALY/capita,Human Capital,Health and well-being,"HEALTH | VI — IHME GBD 2019, Valuing Impact"
United Kingdom,GBR,Europe & Central Asia,High income,5738.48,ohs_occupational_pm,OHS,Occupational PM/gases/fumes — all causes,0.00118579819028106,DALY/capita,Human Capital,Health and well-being,"HEALTH | VI — IHME GBD 2019, Valuing Impact"
United Kingdom,GBR,Europe & Central Asia,High income,5738.48,ohs_occupational_injuries,OHS,Occupational injuries — all causes,0.0004929520527292101,DALY/capita,Human Capital,Health and well-being,"HEALTH | VI — IHME GBD 2019, Valuing Impact"
United Kingdom,GBR,Europe & Central Asia,High income,5738.48,diet_processed_meat,Diet,Diet high in processed meat,0.00331780983966023,DALY/capita,Human Capital,Health and well-being,"HEALTH | VI — IHME GBD 2019, Valuing Impact"
United Kingdom,GBR,Europe & Central Asia,High income,5738.48,diet_red_meat,Diet,Diet high in red meat,0.0031157396852094003,DALY/capita,Human Capital,Health and well-being,"HEALTH | VI — IHME GBD 2019, Valuing Impact"
United Kingdom,GBR,Europe & Central Asia,High income,5738.48,diet_sodium,Diet,Diet high in sodium,0.00161876839257614,DALY/capita,Human Capital,Health and well-being,"HEALTH | VI — IHME GBD 2019, Valuing Impact"
United Kingdom,GBR,Europe & Central Asia,High income,5738.48,diet_sugary_beverages,Diet,Diet high in sugar-sweetened beverages,0.00121458230548185,DALY/capita,Human Capital,Health and well-being,"HEALTH | VI — IHME GBD 2019, Valuing Impact"
United Kingdom,GBR,Europe & Central Asia,High income,5738.48,diet_trans_fats,Diet,Diet high in trans fats,0.001654863821973,DALY/capita,Human Capital,Health and well-being,"HEALTH | VI — IHME GBD 2019, Valuing Impact"
United Kingdom,GBR,Europe & Central Asia,High income,5738.48,diet_low_vegetables,Diet,Diet low in vegetables,0.00145640571153985,DALY/capita,Human Capital,Health and well-being,"HEALTH | VI — IHME GBD 2019, Valuing Impact"
United Kingdom,GBR,Europe & Central Asia,High income,5738.48,diet_low_whole_grains,Diet,Diet low in whole grains,0.00561817926524444,DALY/capita,Human Capital,Health and well-being,"HEALTH | VI — IHME GBD 2019, Valuing Impact"
United Kingdom,GBR,Europe & Central Asia,High income,5738.48,diet_risks_total,Diet,Dietary risks — aggregate,0.0222649813907061,DALY/capita,Human Capital,Health and well-being,"HEALTH | VI — IHME GBD 2019, Valuing Impact"
United Kingdom,GBR,Europe & Central Asia,High income,5738.48,smoking,Lifestyle,Smoking — all causes,0.0404440339802072,DALY/capita,Human Capital,Health and well-being,"HEALTH | VI — IHME GBD 2019, Valuing Impact"
Georgia,GEO,Europe & Central Asia,Upper middle income,417.07,wash_handwashing_diarrheal,WASH,No handwashing facility — diarrheal disease,9.6441038505782e-05,DALY/capita,Human Capital,Health and well-being,"HEALTH | VI — IHME GBD 2019, Valuing Impact"
Georgia,GEO,Europe & Central Asia,Upper middle income,417.07,wash_sanitation_diarrheal,WASH,Unsafe sanitation — diarrheal disease,0.000703405960999884,DALY/capita,Human Capital,Health and well-being,"HEALTH | VI — IHME GBD 2019, Valuing Impact"
Georgia,GEO,Europe & Central Asia,Upper middle income,417.07,wash_water_diarrheal,WASH,Unsafe water source — diarrheal disease,0.000885234884566339,DALY/capita,Human Capital,Health and well-being,"HEALTH | VI — IHME GBD 2019, Valuing Impact"
Georgia,GEO,Europe & Central Asia,Upper middle income,417.07,wash_handwashing_respiratory,WASH,No handwashing — lower respiratory infections,0.000165208454109919,DALY/capita,Human Capital,Health and well-being,"HEALTH | VI — IHME GBD 2019, Valuing Impact"
Georgia,GEO,Europe & Central Asia,Upper middle income,417.07,ohs_secondhand_smoke,OHS,Second-hand smoke — all causes,0.0101109958003767,DALY/capita,Human Capital,Health and well-being,"HEALTH | VI — IHME GBD 2019, Valuing Impact"
Georgia,GEO,Europe & Central Asia,Upper middle income,417.07,ohs_occupational_pm,OHS,Occupational PM/gases/fumes — all causes,0.000978322837831525,DALY/capita,Human Capital,Health and well-being,"HEALTH | VI — IHME GBD 2019, Valuing Impact"
Georgia,GEO,Europe & Central Asia,Upper middle income,417.07,ohs_occupational_injuries,OHS,Occupational injuries — all causes,0.00146975942930278,DALY/capita,Human Capital,Health and well-being,"HEALTH | VI — IHME GBD 2019, Valuing Impact"
Georgia,GEO,Europe & Central Asia,Upper middle income,417.07,diet_processed_meat,Diet,Diet high in processed meat,0.00343373026286429,DALY/capita,Human Capital,Health and well-being,"HEALTH | VI — IHME GBD 2019, Valuing Impact"
Georgia,GEO,Europe & Central Asia,Upper middle income,417.07,diet_red_meat,Diet,Diet high in red meat,0.0056424301358470996,DALY/capita,Human Capital,Health and well-being,"HEALTH | VI — IHME GBD 2019, Valuing Impact"
Georgia,GEO,Europe & Central Asia,Upper middle income,417.07,diet_sodium,Diet,Diet high in sodium,0.0112651256053827,DALY/capita,Human Capital,Health and well-being,"HEALTH | VI — IHME GBD 2019, Valuing Impact"
Georgia,GEO,Europe & Central Asia,Upper middle income,417.07,diet_sugary_beverages,Diet,Diet high in sugar-sweetened beverages,0.00150909305864826,DALY/capita,Human Capital,Health and well-being,"HEALTH | VI — IHME GBD 2019, Valuing Impact"
Georgia,GEO,Europe & Central Asia,Upper middle income,417.07,diet_trans_fats,Diet,Diet high in trans fats,0.00437918096052018,DALY/capita,Human Capital,Health and well-being,"HEALTH | VI — IHME GBD 2019, Valuing Impact"
Georgia,GEO,Europe & Central Asia,Upper middle income,417.07,diet_low_vegetables,Diet,Diet low in vegetables,0.00390712648844828,DALY/capita,Human Capital,Health and well-being,"HEALTH | VI — IHME GBD 2019, Valuing Impact"
Georgia,GEO,Europe & Central Asia,Upper middle income,417.07,diet_low_whole_grains,Diet,Diet low in whole grains,0.019606870051302502,DALY/capita,Human Capital,Health and well-being,"HEALTH | VI — IHME GBD 2019, Valuing Impact"
Georgia,GEO,Europe & Central Asia,Upper middle income,417.07,diet_risks_total,Diet,Dietary risks — aggregate,0.061888098422820205,DALY/capita,Human Capital,Health and well-being,"HEALTH | VI — IHME GBD 2019, Valuing Impact"
Georgia,GEO,Europe & Central Asia,Upper middle income,417.07,smoking,Lifestyle,Smoking — all causes,0.0534726775425091,DALY/capita,Human Capital,Health and well-being,"HEALTH | VI — IHME GBD 2019, Valuing Impact"
Ghana,GHA,Sub-Saharan Africa,Lower middle income,100.0,wash_handwashing_diarrheal,WASH,No handwashing facility — diarrheal disease,0.00440680028264477,DALY/capita,Human Capital,Health and well-being,"HEALTH | VI — IHME GBD 2019, Valuing Impact"
Ghana,GHA,Sub-Saharan Africa,Lower middle income,100.0,wash_sanitation_diarrheal,WASH,Unsafe sanitation — diarrheal disease,0.007810785860106551,DALY/capita,Human Capital,Health and well-being,"HEALTH | VI — IHME GBD 2019, Valuing Impact"
Ghana,GHA,Sub-Saharan Africa,Lower middle income,100.0,wash_water_diarrheal,WASH,Unsafe water source — diarrheal disease,0.0116571611451366,DALY/capita,Human Capital,Health and well-being,"HEALTH | VI — IHME GBD 2019, Valuing Impact"
Ghana,GHA,Sub-Saharan Africa,Lower middle income,100.0,wash_handwashing_respiratory,WASH,No handwashing — lower respiratory infections,0.00478616784391501,DALY/capita,Human Capital,Health and well-being,"HEALTH | VI — IHME GBD 2019, Valuing Impact"
Ghana,GHA,Sub-Saharan Africa,Lower middle income,100.0,ohs_secondhand_smoke,OHS,Second-hand smoke — all causes,0.00149554875479792,DALY/capita,Human Capital,Health and well-being,"HEALTH | VI — IHME GBD 2019, Valuing Impact"
Ghana,GHA,Sub-Saharan Africa,Lower middle income,100.0,ohs_occupational_pm,OHS,Occupational PM/gases/fumes — all causes,0.0006964991434246401,DALY/capita,Human Capital,Health and well-being,"HEALTH | VI — IHME GBD 2019, Valuing Impact"
Ghana,GHA,Sub-Saharan Africa,Lower middle income,100.0,ohs_occupational_injuries,OHS,Occupational injuries — all causes,0.0011799081925299101,DALY/capita,Human Capital,Health and well-being,"HEALTH | VI — IHME GBD 2019, Valuing Impact"
Ghana,GHA,Sub-Saharan Africa,Lower middle income,100.0,diet_processed_meat,Diet,Diet high in processed meat,0.0008805596445288229,DALY/capita,Human Capital,Health and well-being,"HEALTH | VI — IHME GBD 2019, Valuing Impact"
Ghana,GHA,Sub-Saharan Africa,Lower middle income,100.0,diet_red_meat,Diet,Diet high in red meat,0.000882491225927227,DALY/capita,Human Capital,Health and well-being,"HEALTH | VI — IHME GBD 2019, Valuing Impact"
Ghana,GHA,Sub-Saharan Africa,Lower middle income,100.0,diet_sodium,Diet,Diet high in sodium,0.0028053300842722302,DALY/capita,Human Capital,Health and well-being,"HEALTH | VI — IHME GBD 2019, Valuing Impact"
Ghana,GHA,Sub-Saharan Africa,Lower middle income,100.0,diet_sugary_beverages,Diet,Diet high in sugar-sweetened beverages,0.000388147149265482,DALY/capita,Human Capital,Health and well-being,"HEALTH | VI — IHME GBD 2019, Valuing Impact"
Ghana,GHA,Sub-Saharan Africa,Lower middle income,100.0,diet_trans_fats,Diet,Diet high in trans fats,0.000565238826173328,DALY/capita,Human Capital,Health and well-being,"HEALTH | VI — IHME GBD 2019, Valuing Impact"
Ghana,GHA,Sub-Saharan Africa,Lower middle income,100.0,diet_low_vegetables,Diet,Diet low in vegetables,0.00185436992097309,DALY/capita,Human Capital,Health and well-being,"HEALTH | VI — IHME GBD 2019, Valuing Impact"
Ghana,GHA,Sub-Saharan Africa,Lower middle income,100.0,diet_low_whole_grains,Diet,Diet low in whole grains,0.00288889249628348,DALY/capita,Human Capital,Health and well-being,"HEALTH | VI — IHME GBD 2019, Valuing Impact"
Ghana,GHA,Sub-Saharan Africa,Lower middle income,100.0,diet_risks_total,Diet,Dietary risks — aggregate,0.011577390279359,DALY/capita,Human Capital,Health and well-being,"HEALTH | VI — IHME GBD 2019, Valuing Impact"
Ghana,GHA,Sub-Saharan Africa,Lower middle income,100.0,smoking,Lifestyle,Smoking — all causes,0.005221606460980259,DALY/capita,Human Capital,Health and well-being,"HEALTH | VI — IHME GBD 2019, Valuing Impact"
Gibraltar,GIB,Europe & Central Asia,High income,0.0,diet_processed_meat,Diet,Diet high in processed meat,0.0,DALY/capita,Human Capital,Health and well-being,"HEALTH | VI — IHME GBD 2019, Valuing Impact"
Gibraltar,GIB,Europe & Central Asia,High income,0.0,diet_red_meat,Diet,Diet high in red meat,0.0,DALY/capita,Human Capital,Health and well-being,"HEALTH | VI — IHME GBD 2019, Valuing Impact"
Gibraltar,GIB,Europe & Central Asia,High income,0.0,diet_sodium,Diet,Diet high in sodium,0.0,DALY/capita,Human Capital,Health and well-being,"HEALTH | VI — IHME GBD 2019, Valuing Impact"
Gibraltar,GIB,Europe & Central Asia,High income,0.0,diet_sugary_beverages,Diet,Diet high in sugar-sweetened beverages,0.0,DALY/capita,Human Capital,Health and well-being,"HEALTH | VI — IHME GBD 2019, Valuing Impact"
Gibraltar,GIB,Europe & Central Asia,High income,0.0,diet_trans_fats,Diet,Diet high in trans fats,0.0,DALY/capita,Human Capital,Health and well-being,"HEALTH | VI — IHME GBD 2019, Valuing Impact"
Gibraltar,GIB,Europe & Central Asia,High income,0.0,diet_low_vegetables,Diet,Diet low in vegetables,0.0,DALY/capita,Human Capital,Health and well-being,"HEALTH | VI — IHME GBD 2019, Valuing Impact"
Gibraltar,GIB,Europe & Central Asia,High income,0.0,diet_low_whole_grains,Diet,Diet low in whole grains,0.0,DALY/capita,Human Capital,Health and well-being,"HEALTH | VI — IHME GBD 2019, Valuing Impact"
Gibraltar,GIB,Europe & Central Asia,High income,0.0,diet_risks_total,Diet,Dietary risks — aggregate,0.0,DALY/capita,Human Capital,Health and well-being,"HEALTH | VI — IHME GBD 2019, Valuing Impact"
Guinea,GIN,Sub-Saharan Africa,Lower middle income,44.69,wash_handwashing_diarrheal,WASH,No handwashing facility — diarrheal disease,0.0101657669148137,DALY/capita,Human Capital,Health and well-being,"HEALTH | VI — IHME GBD 2019, Valuing Impact"
Guinea,GIN,Sub-Saharan Africa,Lower middle income,44.69,wash_sanitation_diarrheal,WASH,Unsafe sanitation — diarrheal disease,0.0190725082867675,DALY/capita,Human Capital,Health and well-being,"HEALTH | VI — IHME GBD 2019, Valuing Impact"
Guinea,GIN,Sub-Saharan Africa,Lower middle income,44.69,wash_water_diarrheal,WASH,Unsafe water source — diarrheal disease,0.0272339917440861,DALY/capita,Human Capital,Health and well-being,"HEALTH | VI — IHME GBD 2019, Valuing Impact"
Guinea,GIN,Sub-Saharan Africa,Lower middle income,44.69,wash_handwashing_respiratory,WASH,No handwashing — lower respiratory infections,0.014499324608575101,DALY/capita,Human Capital,Health and well-being,"HEALTH | VI — IHME GBD 2019, Valuing Impact"
Guinea,GIN,Sub-Saharan Africa,Lower middle income,44.69,ohs_secondhand_smoke,OHS,Second-hand smoke — all causes,0.00462952606768803,DALY/capita,Human Capital,Health and well-being,"HEALTH | VI — IHME GBD 2019, Valuing Impact"
Guinea,GIN,Sub-Saharan Africa,Lower middle income,44.69,ohs_occupational_pm,OHS,Occupational PM/gases/fumes — all causes,0.000574870540790681,DALY/capita,Human Capital,Health and well-being,"HEALTH | VI — IHME GBD 2019, Valuing Impact"
Guinea,GIN,Sub-Saharan Africa,Lower middle income,44.69,ohs_occupational_injuries,OHS,Occupational injuries — all causes,0.00309052048118286,DALY/capita,Human Capital,Health and well-being,"HEALTH | VI — IHME GBD 2019, Valuing Impact"
Guinea,GIN,Sub-Saharan Africa,Lower middle income,44.69,diet_processed_meat,Diet,Diet high in processed meat,0.000578788941161885,DALY/capita,Human Capital,Health and well-being,"HEALTH | VI — IHME GBD 2019, Valuing Impact"
Guinea,GIN,Sub-Saharan Africa,Lower middle income,44.69,diet_red_meat,Diet,Diet high in red meat,0.000701045425488885,DALY/capita,Human Capital,Health and well-being,"HEALTH | VI — IHME GBD 2019, Valuing Impact"
Guinea,GIN,Sub-Saharan Africa,Lower middle income,44.69,diet_sodium,Diet,Diet high in sodium,0.0016916501658224101,DALY/capita,Human Capital,Health and well-being,"HEALTH | VI — IHME GBD 2019, Valuing Impact"
Guinea,GIN,Sub-Saharan Africa,Lower middle income,44.69,diet_sugary_beverages,Diet,Diet high in sugar-sweetened beverages,0.000349760156222169,DALY/capita,Human Capital,Health and well-being,"HEALTH | VI — IHME GBD 2019, Valuing Impact"
Guinea,GIN,Sub-Saharan Africa,Lower middle income,44.69,diet_trans_fats,Diet,Diet high in trans fats,0.000495516534458534,DALY/capita,Human Capital,Health and well-being,"HEALTH | VI — IHME GBD 2019, Valuing Impact"
Guinea,GIN,Sub-Saharan Africa,Lower middle income,44.69,diet_low_vegetables,Diet,Diet low in vegetables,0.00173399512602174,DALY/capita,Human Capital,Health and well-being,"HEALTH | VI — IHME GBD 2019, Valuing Impact"
Guinea,GIN,Sub-Saharan Africa,Lower middle income,44.69,diet_low_whole_grains,Diet,Diet low in whole grains,0.00197988165625013,DALY/capita,Human Capital,Health and well-being,"HEALTH | VI — IHME GBD 2019, Valuing Impact"
Guinea,GIN,Sub-Saharan Africa,Lower middle income,44.69,diet_risks_total,Diet,Dietary risks — aggregate,0.00982775837026909,DALY/capita,Human Capital,Health and well-being,"HEALTH | VI — IHME GBD 2019, Valuing Impact"
Guinea,GIN,Sub-Saharan Africa,Lower middle income,44.69,smoking,Lifestyle,Smoking — all causes,0.0101480929211129,DALY/capita,Human Capital,Health and well-being,"HEALTH | VI — IHME GBD 2019, Valuing Impact"
"Gambia, The",GMB,Sub-Saharan Africa,Low income,24.63,wash_handwashing_diarrheal,WASH,No handwashing facility — diarrheal disease,0.0048297328053867,DALY/capita,Human Capital,Health and well-being,"HEALTH | VI — IHME GBD 2019, Valuing Impact"
"Gambia, The",GMB,Sub-Saharan Africa,Low income,24.63,wash_sanitation_diarrheal,WASH,Unsafe sanitation — diarrheal disease,0.00885553978771579,DALY/capita,Human Capital,Health and well-being,"HEALTH | VI — IHME GBD 2019, Valuing Impact"
"Gambia, The",GMB,Sub-Saharan Africa,Low income,24.63,wash_water_diarrheal,WASH,Unsafe water source — diarrheal disease,0.0126728211836621,DALY/capita,Human Capital,Health and well-being,"HEALTH | VI — IHME GBD 2019, Valuing Impact"
"Gambia, The",GMB,Sub-Saharan Africa,Low income,24.63,wash_handwashing_respiratory,WASH,No handwashing — lower respiratory infections,0.00481107930551147,DALY/capita,Human Capital,Health and well-being,"HEALTH | VI — IHME GBD 2019, Valuing Impact"
"Gambia, The",GMB,Sub-Saharan Africa,Low income,24.63,ohs_secondhand_smoke,OHS,Second-hand smoke — all causes,0.0034028116871766797,DALY/capita,Human Capital,Health and well-being,"HEALTH | VI — IHME GBD 2019, Valuing Impact"
"Gambia, The",GMB,Sub-Saharan Africa,Low income,24.63,ohs_occupational_pm,OHS,Occupational PM/gases/fumes — all causes,0.000479717883693937,DALY/capita,Human Capital,Health and well-being,"HEALTH | VI — IHME GBD 2019, Valuing Impact"
"Gambia, The",GMB,Sub-Saharan Africa,Low income,24.63,ohs_occupational_injuries,OHS,Occupational injuries — all causes,0.0017374217925996101,DALY/capita,Human Capital,Health and well-being,"HEALTH | VI — IHME GBD 2019, Valuing Impact"
"Gambia, The",GMB,Sub-Saharan Africa,Low income,24.63,diet_processed_meat,Diet,Diet high in processed meat,0.0005863774890533179,DALY/capita,Human Capital,Health and well-being,"HEALTH | VI — IHME GBD 2019, Valuing Impact"
"Gambia, The",GMB,Sub-Saharan Africa,Low income,24.63,diet_red_meat,Diet,Diet high in red meat,0.000532632959520058,DALY/capita,Human Capital,Health and well-being,"HEALTH | VI — IHME GBD 2019, Valuing Impact"
"Gambia, The",GMB,Sub-Saharan Africa,Low income,24.63,diet_sodium,Diet,Diet high in sodium,0.00164036686020563,DALY/capita,Human Capital,Health and well-being,"HEALTH | VI — IHME GBD 2019, Valuing Impact"
"Gambia, The",GMB,Sub-Saharan Africa,Low income,24.63,diet_sugary_beverages,Diet,Diet high in sugar-sweetened beverages,0.000393611768586891,DALY/capita,Human Capital,Health and well-being,"HEALTH | VI — IHME GBD 2019, Valuing Impact"
"Gambia, The",GMB,Sub-Saharan Africa,Low income,24.63,diet_trans_fats,Diet,Diet high in trans fats,0.000566131433372947,DALY/capita,Human Capital,Health and well-being,"HEALTH | VI — IHME GBD 2019, Valuing Impact"
"Gambia, The",GMB,Sub-Saharan Africa,Low income,24.63,diet_low_vegetables,Diet,Diet low in vegetables,0.00203062912684435,DALY/capita,Human Capital,Health and well-being,"HEALTH | VI — IHME GBD 2019, Valuing Impact"
"Gambia, The",GMB,Sub-Saharan Africa,Low income,24.63,diet_low_whole_grains,Diet,Diet low in whole grains,0.00232654812302442,DALY/capita,Human Capital,Health and well-being,"HEALTH | VI — IHME GBD 2019, Valuing Impact"
"Gambia, The",GMB,Sub-Saharan Africa,Low income,24.63,diet_risks_total,Diet,Dietary risks — aggregate,0.011644481885216901,DALY/capita,Human Capital,Health and well-being,"HEALTH | VI — IHME GBD 2019, Valuing Impact"
"Gambia, The",GMB,Sub-Saharan Africa,Low income,24.63,smoking,Lifestyle,Smoking — all causes,0.008522124569002561,DALY/capita,Human Capital,Health and well-being,"HEALTH | VI — IHME GBD 2019, Valuing Impact"
Guinea-Bissau,GNB,Sub-Saharan Africa,Low income,68.82,wash_handwashing_diarrheal,WASH,No handwashing facility — diarrheal disease,0.013935870739899698,DALY/capita,Human Capital,Health and well-being,"HEALTH | VI — IHME GBD 2019, Valuing Impact"
Guinea-Bissau,GNB,Sub-Saharan Africa,Low income,68.82,wash_sanitation_diarrheal,WASH,Unsafe sanitation — diarrheal disease,0.0269347321662512,DALY/capita,Human Capital,Health and well-being,"HEALTH | VI — IHME GBD 2019, Valuing Impact"
Guinea-Bissau,GNB,Sub-Saharan Africa,Low income,68.82,wash_water_diarrheal,WASH,Unsafe water source — diarrheal disease,0.0374238435665002,DALY/capita,Human Capital,Health and well-being,"HEALTH | VI — IHME GBD 2019, Valuing Impact"
Guinea-Bissau,GNB,Sub-Saharan Africa,Low income,68.82,wash_handwashing_respiratory,WASH,No handwashing — lower respiratory infections,0.0061767815778622295,DALY/capita,Human Capital,Health and well-being,"HEALTH | VI — IHME GBD 2019, Valuing Impact"
Guinea-Bissau,GNB,Sub-Saharan Africa,Low income,68.82,ohs_secondhand_smoke,OHS,Second-hand smoke — all causes,0.00302222862936048,DALY/capita,Human Capital,Health and well-being,"HEALTH | VI — IHME GBD 2019, Valuing Impact"
Guinea-Bissau,GNB,Sub-Saharan Africa,Low income,68.82,ohs_occupational_pm,OHS,Occupational PM/gases/fumes — all causes,0.000597298278307977,DALY/capita,Human Capital,Health and well-being,"HEALTH | VI — IHME GBD 2019, Valuing Impact"
Guinea-Bissau,GNB,Sub-Saharan Africa,Low income,68.82,ohs_occupational_injuries,OHS,Occupational injuries — all causes,0.00151510144398326,DALY/capita,Human Capital,Health and well-being,"HEALTH | VI — IHME GBD 2019, Valuing Impact"
Guinea-Bissau,GNB,Sub-Saharan Africa,Low income,68.82,diet_processed_meat,Diet,Diet high in processed meat,0.0006553887748610521,DALY/capita,Human Capital,Health and well-being,"HEALTH | VI — IHME GBD 2019, Valuing Impact"
Guinea-Bissau,GNB,Sub-Saharan Africa,Low income,68.82,diet_red_meat,Diet,Diet high in red meat,0.0015299326623071999,DALY/capita,Human Capital,Health and well-being,"HEALTH | VI — IHME GBD 2019, Valuing Impact"
Guinea-Bissau,GNB,Sub-Saharan Africa,Low income,68.82,diet_sodium,Diet,Diet high in sodium,0.0020548037442946502,DALY/capita,Human Capital,Health and well-being,"HEALTH | VI — IHME GBD 2019, Valuing Impact"
Guinea-Bissau,GNB,Sub-Saharan Africa,Low income,68.82,diet_sugary_beverages,Diet,Diet high in sugar-sweetened beverages,0.000573881810945989,DALY/capita,Human Capital,Health and well-being,"HEALTH | VI — IHME GBD 2019, Valuing Impact"
Guinea-Bissau,GNB,Sub-Saharan Africa,Low income,68.82,diet_trans_fats,Diet,Diet high in trans fats,0.000654891904229339,DALY/capita,Human Capital,Health and well-being,"HEALTH | VI — IHME GBD 2019, Valuing Impact"
Guinea-Bissau,GNB,Sub-Saharan Africa,Low income,68.82,diet_low_vegetables,Diet,Diet low in vegetables,0.00282566115991422,DALY/capita,Human Capital,Health and well-being,"HEALTH | VI — IHME GBD 2019, Valuing Impact"
Guinea-Bissau,GNB,Sub-Saharan Africa,Low income,68.82,diet_low_whole_grains,Diet,Diet low in whole grains,0.0024653855631231,DALY/capita,Human Capital,Health and well-being,"HEALTH | VI — IHME GBD 2019, Valuing Impact"
Guinea-Bissau,GNB,Sub-Saharan Africa,Low income,68.82,diet_risks_total,Diet,Dietary risks — aggregate,0.014247808586630198,DALY/capita,Human Capital,Health and well-being,"HEALTH | VI — IHME GBD 2019, Valuing Impact"
Guinea-Bissau,GNB,Sub-Saharan Africa,Low income,68.82,smoking,Lifestyle,Smoking — all causes,0.0053336449365680005,DALY/capita,Human Capital,Health and well-being,"HEALTH | VI — IHME GBD 2019, Valuing Impact"
Equatorial Guinea,GNQ,Sub-Saharan Africa,Upper middle income,255.57,wash_handwashing_diarrheal,WASH,No handwashing facility — diarrheal disease,0.00166948810546364,DALY/capita,Human Capital,Health and well-being,"HEALTH | VI — IHME GBD 2019, Valuing Impact"
Equatorial Guinea,GNQ,Sub-Saharan Africa,Upper middle income,255.57,wash_sanitation_diarrheal,WASH,Unsafe sanitation — diarrheal disease,0.00162770041592008,DALY/capita,Human Capital,Health and well-being,"HEALTH | VI — IHME GBD 2019, Valuing Impact"
Equatorial Guinea,GNQ,Sub-Saharan Africa,Upper middle income,255.57,wash_water_diarrheal,WASH,Unsafe water source — diarrheal disease,0.00457189089409944,DALY/capita,Human Capital,Health and well-being,"HEALTH | VI — IHME GBD 2019, Valuing Impact"
Equatorial Guinea,GNQ,Sub-Saharan Africa,Upper middle income,255.57,wash_handwashing_respiratory,WASH,No handwashing — lower respiratory infections,0.0020348949751958197,DALY/capita,Human Capital,Health and well-being,"HEALTH | VI — IHME GBD 2019, Valuing Impact"
Equatorial Guinea,GNQ,Sub-Saharan Africa,Upper middle income,255.57,ohs_secondhand_smoke,OHS,Second-hand smoke — all causes,0.00125521919511554,DALY/capita,Human Capital,Health and well-being,"HEALTH | VI — IHME GBD 2019, Valuing Impact"
Equatorial Guinea,GNQ,Sub-Saharan Africa,Upper middle income,255.57,ohs_occupational_pm,OHS,Occupational PM/gases/fumes — all causes,0.000295210101341804,DALY/capita,Human Capital,Health and well-being,"HEALTH | VI — IHME GBD 2019, Valuing Impact"
Equatorial Guinea,GNQ,Sub-Saharan Africa,Upper middle income,255.57,ohs_occupational_injuries,OHS,Occupational injuries — all causes,0.00221303692751791,DALY/capita,Human Capital,Health and well-being,"HEALTH | VI — IHME GBD 2019, Valuing Impact"
Equatorial Guinea,GNQ,Sub-Saharan Africa,Upper middle income,255.57,diet_processed_meat,Diet,Diet high in processed meat,0.00040887530345716896,DALY/capita,Human Capital,Health and well-being,"HEALTH | VI — IHME GBD 2019, Valuing Impact"
Equatorial Guinea,GNQ,Sub-Saharan Africa,Upper middle income,255.57,diet_red_meat,Diet,Diet high in red meat,0.00101043898895701,DALY/capita,Human Capital,Health and well-being,"HEALTH | VI — IHME GBD 2019, Valuing Impact"
Equatorial Guinea,GNQ,Sub-Saharan Africa,Upper middle income,255.57,diet_sodium,Diet,Diet high in sodium,0.0008576039724655039,DALY/capita,Human Capital,Health and well-being,"HEALTH | VI — IHME GBD 2019, Valuing Impact"
Equatorial Guinea,GNQ,Sub-Saharan Africa,Upper middle income,255.57,diet_sugary_beverages,Diet,Diet high in sugar-sweetened beverages,0.000336266254671462,DALY/capita,Human Capital,Health and well-being,"HEALTH | VI — IHME GBD 2019, Valuing Impact"
Equatorial Guinea,GNQ,Sub-Saharan Africa,Upper middle income,255.57,diet_trans_fats,Diet,Diet high in trans fats,0.00026764513222662603,DALY/capita,Human Capital,Health and well-being,"HEALTH | VI — IHME GBD 2019, Valuing Impact"
Equatorial Guinea,GNQ,Sub-Saharan Africa,Upper middle income,255.57,diet_low_vegetables,Diet,Diet low in vegetables,0.00104742093329801,DALY/capita,Human Capital,Health and well-being,"HEALTH | VI — IHME GBD 2019, Valuing Impact"
Equatorial Guinea,GNQ,Sub-Saharan Africa,Upper middle income,255.57,diet_low_whole_grains,Diet,Diet low in whole grains,0.00131003262579564,DALY/capita,Human Capital,Health and well-being,"HEALTH | VI — IHME GBD 2019, Valuing Impact"
Equatorial Guinea,GNQ,Sub-Saharan Africa,Upper middle income,255.57,diet_risks_total,Diet,Dietary risks — aggregate,0.00624688069520779,DALY/capita,Human Capital,Health and well-being,"HEALTH | VI — IHME GBD 2019, Valuing Impact"
Equatorial Guinea,GNQ,Sub-Saharan Africa,Upper middle income,255.57,smoking,Lifestyle,Smoking — all causes,0.00433709423461414,DALY/capita,Human Capital,Health and well-being,"HEALTH | VI — IHME GBD 2019, Valuing Impact"
Greece,GRC,Europe & Central Asia,High income,1845.78,wash_handwashing_diarrheal,WASH,No handwashing facility — diarrheal disease,1.0728808746446099e-05,DALY/capita,Human Capital,Health and well-being,"HEALTH | VI — IHME GBD 2019, Valuing Impact"
Greece,GRC,Europe & Central Asia,High income,1845.78,wash_sanitation_diarrheal,WASH,Unsafe sanitation — diarrheal disease,2.21797398482907e-05,DALY/capita,Human Capital,Health and well-being,"HEALTH | VI — IHME GBD 2019, Valuing Impact"
Greece,GRC,Europe & Central Asia,High income,1845.78,wash_water_diarrheal,WASH,Unsafe water source — diarrheal disease,1.61243155311034e-05,DALY/capita,Human Capital,Health and well-being,"HEALTH | VI — IHME GBD 2019, Valuing Impact"
Greece,GRC,Europe & Central Asia,High income,1845.78,wash_handwashing_respiratory,WASH,No handwashing — lower respiratory infections,6.66216459171935e-05,DALY/capita,Human Capital,Health and well-being,"HEALTH | VI — IHME GBD 2019, Valuing Impact"
Greece,GRC,Europe & Central Asia,High income,1845.78,ohs_secondhand_smoke,OHS,Second-hand smoke — all causes,0.00548836838267355,DALY/capita,Human Capital,Health and well-being,"HEALTH | VI — IHME GBD 2019, Valuing Impact"
Greece,GRC,Europe & Central Asia,High income,1845.78,ohs_occupational_pm,OHS,Occupational PM/gases/fumes — all causes,0.00100864262890977,DALY/capita,Human Capital,Health and well-being,"HEALTH | VI — IHME GBD 2019, Valuing Impact"
Greece,GRC,Europe & Central Asia,High income,1845.78,ohs_occupational_injuries,OHS,Occupational injuries — all causes,0.0011356361706371,DALY/capita,Human Capital,Health and well-being,"HEALTH | VI — IHME GBD 2019, Valuing Impact"
Greece,GRC,Europe & Central Asia,High income,1845.78,diet_processed_meat,Diet,Diet high in processed meat,0.00259178817332919,DALY/capita,Human Capital,Health and well-being,"HEALTH | VI — IHME GBD 2019, Valuing Impact"
Greece,GRC,Europe & Central Asia,High income,1845.78,diet_red_meat,Diet,Diet high in red meat,0.00708637689499301,DALY/capita,Human Capital,Health and well-being,"HEALTH | VI — IHME GBD 2019, Valuing Impact"
Greece,GRC,Europe & Central Asia,High income,1845.78,diet_sodium,Diet,Diet high in sodium,0.0037034007096648403,DALY/capita,Human Capital,Health and well-being,"HEALTH | VI — IHME GBD 2019, Valuing Impact"
Greece,GRC,Europe & Central Asia,High income,1845.78,diet_sugary_beverages,Diet,Diet high in sugar-sweetened beverages,0.000976044974193138,DALY/capita,Human Capital,Health and well-being,"HEALTH | VI — IHME GBD 2019, Valuing Impact"
Greece,GRC,Europe & Central Asia,High income,1845.78,diet_trans_fats,Diet,Diet high in trans fats,0.00229050878787959,DALY/capita,Human Capital,Health and well-being,"HEALTH | VI — IHME GBD 2019, Valuing Impact"
Greece,GRC,Europe & Central Asia,High income,1845.78,diet_low_vegetables,Diet,Diet low in vegetables,0.000309032353656759,DALY/capita,Human Capital,Health and well-being,"HEALTH | VI — IHME GBD 2019, Valuing Impact"
Greece,GRC,Europe & Central Asia,High income,1845.78,diet_low_whole_grains,Diet,Diet low in whole grains,0.011612915881699801,DALY/capita,Human Capital,Health and well-being,"HEALTH | VI — IHME GBD 2019, Valuing Impact"
Greece,GRC,Europe & Central Asia,High income,1845.78,diet_risks_total,Diet,Dietary risks — aggregate,0.031018504609452,DALY/capita,Human Capital,Health and well-being,"HEALTH | VI — IHME GBD 2019, Valuing Impact"
Greece,GRC,Europe & Central Asia,High income,1845.78,smoking,Lifestyle,Smoking — all causes,0.057544905280866,DALY/capita,Human Capital,Health and well-being,"HEALTH | VI — IHME GBD 2019, Valuing Impact"
Grenada,GRD,Latin America & Caribbean,Upper middle income,505.4,wash_handwashing_diarrheal,WASH,No handwashing facility — diarrheal disease,0.000279360670377796,DALY/capita,Human Capital,Health and well-being,"HEALTH | VI — IHME GBD 2019, Valuing Impact"
Grenada,GRD,Latin America & Caribbean,Upper middle income,505.4,wash_sanitation_diarrheal,WASH,Unsafe sanitation — diarrheal disease,0.0007149449271441339,DALY/capita,Human Capital,Health and well-being,"HEALTH | VI — IHME GBD 2019, Valuing Impact"
Grenada,GRD,Latin America & Caribbean,Upper middle income,505.4,wash_water_diarrheal,WASH,Unsafe water source — diarrheal disease,0.00172673517770959,DALY/capita,Human Capital,Health and well-being,"HEALTH | VI — IHME GBD 2019, Valuing Impact"
Grenada,GRD,Latin America & Caribbean,Upper middle income,505.4,wash_handwashing_respiratory,WASH,No handwashing — lower respiratory infections,0.0007880786238840049,DALY/capita,Human Capital,Health and well-being,"HEALTH | VI — IHME GBD 2019, Valuing Impact"
Grenada,GRD,Latin America & Caribbean,Upper middle income,505.4,ohs_secondhand_smoke,OHS,Second-hand smoke — all causes,0.0033783349824884103,DALY/capita,Human Capital,Health and well-being,"HEALTH | VI — IHME GBD 2019, Valuing Impact"
Grenada,GRD,Latin America & Caribbean,Upper middle income,505.4,ohs_occupational_pm,OHS,Occupational PM/gases/fumes — all causes,0.000438874154303816,DALY/capita,Human Capital,Health and well-being,"HEALTH | VI — IHME GBD 2019, Valuing Impact"
Grenada,GRD,Latin America & Caribbean,Upper middle income,505.4,ohs_occupational_injuries,OHS,Occupational injuries — all causes,0.00139444830887405,DALY/capita,Human Capital,Health and well-being,"HEALTH | VI — IHME GBD 2019, Valuing Impact"
Grenada,GRD,Latin America & Caribbean,Upper middle income,505.4,diet_processed_meat,Diet,Diet high in processed meat,0.00100754593264909,DALY/capita,Human Capital,Health and well-being,"HEALTH | VI — IHME GBD 2019, Valuing Impact"
Grenada,GRD,Latin America & Caribbean,Upper middle income,505.4,diet_red_meat,Diet,Diet high in red meat,0.00215787313210468,DALY/capita,Human Capital,Health and well-being,"HEALTH | VI — IHME GBD 2019, Valuing Impact"
Grenada,GRD,Latin America & Caribbean,Upper middle income,505.4,diet_sodium,Diet,Diet high in sodium,0.00285114348377078,DALY/capita,Human Capital,Health and well-being,"HEALTH | VI — IHME GBD 2019, Valuing Impact"
Grenada,GRD,Latin America & Caribbean,Upper middle income,505.4,diet_sugary_beverages,Diet,Diet high in sugar-sweetened beverages,0.0012132228535369199,DALY/capita,Human Capital,Health and well-being,"HEALTH | VI — IHME GBD 2019, Valuing Impact"
Grenada,GRD,Latin America & Caribbean,Upper middle income,505.4,diet_trans_fats,Diet,Diet high in trans fats,0.00112613681610228,DALY/capita,Human Capital,Health and well-being,"HEALTH | VI — IHME GBD 2019, Valuing Impact"
Grenada,GRD,Latin America & Caribbean,Upper middle income,505.4,diet_low_vegetables,Diet,Diet low in vegetables,0.00330275236862133,DALY/capita,Human Capital,Health and well-being,"HEALTH | VI — IHME GBD 2019, Valuing Impact"
Grenada,GRD,Latin America & Caribbean,Upper middle income,505.4,diet_low_whole_grains,Diet,Diet low in whole grains,0.00780187255876784,DALY/capita,Human Capital,Health and well-being,"HEALTH | VI — IHME GBD 2019, Valuing Impact"
Grenada,GRD,Latin America & Caribbean,Upper middle income,505.4,diet_risks_total,Diet,Dietary risks — aggregate,0.0236545359220376,DALY/capita,Human Capital,Health and well-being,"HEALTH | VI — IHME GBD 2019, Valuing Impact"
Grenada,GRD,Latin America & Caribbean,Upper middle income,505.4,smoking,Lifestyle,Smoking — all causes,0.015179340586125899,DALY/capita,Human Capital,Health and well-being,"HEALTH | VI — IHME GBD 2019, Valuing Impact"
Greenland,GRL,Europe & Central Asia,High income,0.0,wash_handwashing_diarrheal,WASH,No handwashing facility — diarrheal disease,2.28702013712317e-05,DALY/capita,Human Capital,Health and well-being,"HEALTH | VI — IHME GBD 2019, Valuing Impact"
Greenland,GRL,Europe & Central Asia,High income,0.0,wash_sanitation_diarrheal,WASH,Unsafe sanitation — diarrheal disease,0.000151879723820635,DALY/capita,Human Capital,Health and well-being,"HEALTH | VI — IHME GBD 2019, Valuing Impact"
Greenland,GRL,Europe & Central Asia,High income,0.0,wash_water_diarrheal,WASH,Unsafe water source — diarrheal disease,8.27202091067884e-05,DALY/capita,Human Capital,Health and well-being,"HEALTH | VI — IHME GBD 2019, Valuing Impact"
Greenland,GRL,Europe & Central Asia,High income,0.0,wash_handwashing_respiratory,WASH,No handwashing — lower respiratory infections,4.5444769740012595e-05,DALY/capita,Human Capital,Health and well-being,"HEALTH | VI — IHME GBD 2019, Valuing Impact"
Greenland,GRL,Europe & Central Asia,High income,0.0,ohs_secondhand_smoke,OHS,Second-hand smoke — all causes,0.00595747905180584,DALY/capita,Human Capital,Health and well-being,"HEALTH | VI — IHME GBD 2019, Valuing Impact"
Greenland,GRL,Europe & Central Asia,High income,0.0,ohs_occupational_pm,OHS,Occupational PM/gases/fumes — all causes,0.00109478174680965,DALY/capita,Human Capital,Health and well-being,"HEALTH | VI — IHME GBD 2019, Valuing Impact"
Greenland,GRL,Europe & Central Asia,High income,0.0,ohs_occupational_injuries,OHS,Occupational injuries — all causes,0.00261560279291531,DALY/capita,Human Capital,Health and well-being,"HEALTH | VI — IHME GBD 2019, Valuing Impact"
Greenland,GRL,Europe & Central Asia,High income,0.0,diet_processed_meat,Diet,Diet high in processed meat,0.0031992151355295,DALY/capita,Human Capital,Health and well-being,"HEALTH | VI — IHME GBD 2019, Valuing Impact"
Greenland,GRL,Europe & Central Asia,High income,0.0,diet_red_meat,Diet,Diet high in red meat,0.00602766885092809,DALY/capita,Human Capital,Health and well-being,"HEALTH | VI — IHME GBD 2019, Valuing Impact"
Greenland,GRL,Europe & Central Asia,High income,0.0,diet_sodium,Diet,Diet high in sodium,0.00328472820353269,DALY/capita,Human Capital,Health and well-being,"HEALTH | VI — IHME GBD 2019, Valuing Impact"
Greenland,GRL,Europe & Central Asia,High income,0.0,diet_sugary_beverages,Diet,Diet high in sugar-sweetened beverages,0.00128206634005345,DALY/capita,Human Capital,Health and well-being,"HEALTH | VI — IHME GBD 2019, Valuing Impact"
Greenland,GRL,Europe & Central Asia,High income,0.0,diet_trans_fats,Diet,Diet high in trans fats,0.0026855478333558803,DALY/capita,Human Capital,Health and well-being,"HEALTH | VI — IHME GBD 2019, Valuing Impact"
Greenland,GRL,Europe & Central Asia,High income,0.0,diet_low_vegetables,Diet,Diet low in vegetables,0.00102574396356308,DALY/capita,Human Capital,Health and well-being,"HEALTH | VI — IHME GBD 2019, Valuing Impact"
Greenland,GRL,Europe & Central Asia,High income,0.0,diet_low_whole_grains,Diet,Diet low in whole grains,0.00569333953069676,DALY/capita,Human Capital,Health and well-being,"HEALTH | VI — IHME GBD 2019, Valuing Impact"
Greenland,GRL,Europe & Central Asia,High income,0.0,diet_risks_total,Diet,Dietary risks — aggregate,0.0247021265548577,DALY/capita,Human Capital,Health and well-being,"HEALTH | VI — IHME GBD 2019, Valuing Impact"
Greenland,GRL,Europe & Central Asia,High income,0.0,smoking,Lifestyle,Smoking — all causes,0.0638072899897452,DALY/capita,Human Capital,Health and well-being,"HEALTH | VI — IHME GBD 2019, Valuing Impact"
Guatemala,GTM,Latin America & Caribbean,Upper middle income,340.96,wash_handwashing_diarrheal,WASH,No handwashing facility — diarrheal disease,0.00116458466616452,DALY/capita,Human Capital,Health and well-being,"HEALTH | VI — IHME GBD 2019, Valuing Impact"
Guatemala,GTM,Latin America & Caribbean,Upper middle income,340.96,wash_sanitation_diarrheal,WASH,Unsafe sanitation — diarrheal disease,0.0039905455917063504,DALY/capita,Human Capital,Health and well-being,"HEALTH | VI — IHME GBD 2019, Valuing Impact"
Guatemala,GTM,Latin America & Caribbean,Upper middle income,340.96,wash_water_diarrheal,WASH,Unsafe water source — diarrheal disease,0.006821296414591239,DALY/capita,Human Capital,Health and well-being,"HEALTH | VI — IHME GBD 2019, Valuing Impact"
Guatemala,GTM,Latin America & Caribbean,Upper middle income,340.96,wash_handwashing_respiratory,WASH,No handwashing — lower respiratory infections,0.00166220675672396,DALY/capita,Human Capital,Health and well-being,"HEALTH | VI — IHME GBD 2019, Valuing Impact"
Guatemala,GTM,Latin America & Caribbean,Upper middle income,340.96,ohs_secondhand_smoke,OHS,Second-hand smoke — all causes,0.0021548408726615098,DALY/capita,Human Capital,Health and well-being,"HEALTH | VI — IHME GBD 2019, Valuing Impact"
Guatemala,GTM,Latin America & Caribbean,Upper middle income,340.96,ohs_occupational_pm,OHS,Occupational PM/gases/fumes — all causes,0.000283642501099635,DALY/capita,Human Capital,Health and well-being,"HEALTH | VI — IHME GBD 2019, Valuing Impact"
Guatemala,GTM,Latin America & Caribbean,Upper middle income,340.96,ohs_occupational_injuries,OHS,Occupational injuries — all causes,0.0047139578597485896,DALY/capita,Human Capital,Health and well-being,"HEALTH | VI — IHME GBD 2019, Valuing Impact"
Guatemala,GTM,Latin America & Caribbean,Upper middle income,340.96,diet_processed_meat,Diet,Diet high in processed meat,0.0006562339361017921,DALY/capita,Human Capital,Health and well-being,"HEALTH | VI — IHME GBD 2019, Valuing Impact"
Guatemala,GTM,Latin America & Caribbean,Upper middle income,340.96,diet_red_meat,Diet,Diet high in red meat,0.000820800368268749,DALY/capita,Human Capital,Health and well-being,"HEALTH | VI — IHME GBD 2019, Valuing Impact"
Guatemala,GTM,Latin America & Caribbean,Upper middle income,340.96,diet_sodium,Diet,Diet high in sodium,0.00231195622369453,DALY/capita,Human Capital,Health and well-being,"HEALTH | VI — IHME GBD 2019, Valuing Impact"
Guatemala,GTM,Latin America & Caribbean,Upper middle income,340.96,diet_sugary_beverages,Diet,Diet high in sugar-sweetened beverages,0.000688645845232239,DALY/capita,Human Capital,Health and well-being,"HEALTH | VI — IHME GBD 2019, Valuing Impact"
Guatemala,GTM,Latin America & Caribbean,Upper middle income,340.96,diet_trans_fats,Diet,Diet high in trans fats,0.000672997699621925,DALY/capita,Human Capital,Health and well-being,"HEALTH | VI — IHME GBD 2019, Valuing Impact"
Guatemala,GTM,Latin America & Caribbean,Upper middle income,340.96,diet_low_vegetables,Diet,Diet low in vegetables,0.00115245358736732,DALY/capita,Human Capital,Health and well-being,"HEALTH | VI — IHME GBD 2019, Valuing Impact"
Guatemala,GTM,Latin America & Caribbean,Upper middle income,340.96,diet_low_whole_grains,Diet,Diet low in whole grains,0.00265146482814227,DALY/capita,Human Capital,Health and well-being,"HEALTH | VI — IHME GBD 2019, Valuing Impact"
Guatemala,GTM,Latin America & Caribbean,Upper middle income,340.96,diet_risks_total,Diet,Dietary risks — aggregate,0.0113003789817221,DALY/capita,Human Capital,Health and well-being,"HEALTH | VI — IHME GBD 2019, Valuing Impact"
Guatemala,GTM,Latin America & Caribbean,Upper middle income,340.96,smoking,Lifestyle,Smoking — all causes,0.00574141199615183,DALY/capita,Human Capital,Health and well-being,"HEALTH | VI — IHME GBD 2019, Valuing Impact"
Guam,GUM,East Asia & Pacific,High income,0.0,wash_handwashing_diarrheal,WASH,No handwashing facility — diarrheal disease,0.000112466830540733,DALY/capita,Human Capital,Health and well-being,"HEALTH | VI — IHME GBD 2019, Valuing Impact"
Guam,GUM,East Asia & Pacific,High income,0.0,wash_sanitation_diarrheal,WASH,Unsafe sanitation — diarrheal disease,0.00020397301724850097,DALY/capita,Human Capital,Health and well-being,"HEALTH | VI — IHME GBD 2019, Valuing Impact"
Guam,GUM,East Asia & Pacific,High income,0.0,wash_water_diarrheal,WASH,Unsafe water source — diarrheal disease,0.00212150012105189,DALY/capita,Human Capital,Health and well-being,"HEALTH | VI — IHME GBD 2019, Valuing Impact"
Guam,GUM,East Asia & Pacific,High income,0.0,wash_handwashing_respiratory,WASH,No handwashing — lower respiratory infections,0.00012294861736298398,DALY/capita,Human Capital,Health and well-being,"HEALTH | VI — IHME GBD 2019, Valuing Impact"
Guam,GUM,East Asia & Pacific,High income,0.0,ohs_secondhand_smoke,OHS,Second-hand smoke — all causes,0.007470975576047719,DALY/capita,Human Capital,Health and well-being,"HEALTH | VI — IHME GBD 2019, Valuing Impact"
Guam,GUM,East Asia & Pacific,High income,0.0,ohs_occupational_pm,OHS,Occupational PM/gases/fumes — all causes,0.000490397339332416,DALY/capita,Human Capital,Health and well-being,"HEALTH | VI — IHME GBD 2019, Valuing Impact"
Guam,GUM,East Asia & Pacific,High income,0.0,ohs_occupational_injuries,OHS,Occupational injuries — all causes,0.00103158036843062,DALY/capita,Human Capital,Health and well-being,"HEALTH | VI — IHME GBD 2019, Valuing Impact"
Guam,GUM,East Asia & Pacific,High income,0.0,diet_processed_meat,Diet,Diet high in processed meat,0.000861431612540718,DALY/capita,Human Capital,Health and well-being,"HEALTH | VI — IHME GBD 2019, Valuing Impact"
Guam,GUM,East Asia & Pacific,High income,0.0,diet_red_meat,Diet,Diet high in red meat,0.005200330430036691,DALY/capita,Human Capital,Health and well-being,"HEALTH | VI — IHME GBD 2019, Valuing Impact"
Guam,GUM,East Asia & Pacific,High income,0.0,diet_sodium,Diet,Diet high in sodium,0.006420971437562519,DALY/capita,Human Capital,Health and well-being,"HEALTH | VI — IHME GBD 2019, Valuing Impact"
Guam,GUM,East Asia & Pacific,High income,0.0,diet_sugary_beverages,Diet,Diet high in sugar-sweetened beverages,0.0021041374369049,DALY/capita,Human Capital,Health and well-being,"HEALTH | VI — IHME GBD 2019, Valuing Impact"
Guam,GUM,East Asia & Pacific,High income,0.0,diet_trans_fats,Diet,Diet high in trans fats,0.00230188938231347,DALY/capita,Human Capital,Health and well-being,"HEALTH | VI — IHME GBD 2019, Valuing Impact"
Guam,GUM,East Asia & Pacific,High income,0.0,diet_low_vegetables,Diet,Diet low in vegetables,0.00403114588962161,DALY/capita,Human Capital,Health and well-being,"HEALTH | VI — IHME GBD 2019, Valuing Impact"
Guam,GUM,East Asia & Pacific,High income,0.0,diet_low_whole_grains,Diet,Diet low in whole grains,0.009636154464839031,DALY/capita,Human Capital,Health and well-being,"HEALTH | VI — IHME GBD 2019, Valuing Impact"
Guam,GUM,East Asia & Pacific,High income,0.0,diet_risks_total,Diet,Dietary risks — aggregate,0.0323037688967302,DALY/capita,Human Capital,Health and well-being,"HEALTH | VI — IHME GBD 2019, Valuing Impact"
Guam,GUM,East Asia & Pacific,High income,0.0,smoking,Lifestyle,Smoking — all causes,0.029057398797069398,DALY/capita,Human Capital,Health and well-being,"HEALTH | VI — IHME GBD 2019, Valuing Impact"
Guyana,GUY,Latin America & Caribbean,High income,470.57,wash_handwashing_diarrheal,WASH,No handwashing facility — diarrheal disease,0.00109704775287944,DALY/capita,Human Capital,Health and well-being,"HEALTH | VI — IHME GBD 2019, Valuing Impact"
Guyana,GUY,Latin America & Caribbean,High income,470.57,wash_sanitation_diarrheal,WASH,Unsafe sanitation — diarrheal disease,0.00176191146137175,DALY/capita,Human Capital,Health and well-being,"HEALTH | VI — IHME GBD 2019, Valuing Impact"
Guyana,GUY,Latin America & Caribbean,High income,470.57,wash_water_diarrheal,WASH,Unsafe water source — diarrheal disease,0.00418789396450653,DALY/capita,Human Capital,Health and well-being,"HEALTH | VI — IHME GBD 2019, Valuing Impact"
Guyana,GUY,Latin America & Caribbean,High income,470.57,wash_handwashing_respiratory,WASH,No handwashing — lower respiratory infections,0.00147705793508819,DALY/capita,Human Capital,Health and well-being,"HEALTH | VI — IHME GBD 2019, Valuing Impact"
Guyana,GUY,Latin America & Caribbean,High income,470.57,ohs_secondhand_smoke,OHS,Second-hand smoke — all causes,0.00495902443621248,DALY/capita,Human Capital,Health and well-being,"HEALTH | VI — IHME GBD 2019, Valuing Impact"
Guyana,GUY,Latin America & Caribbean,High income,470.57,ohs_occupational_pm,OHS,Occupational PM/gases/fumes — all causes,0.000346225952436088,DALY/capita,Human Capital,Health and well-being,"HEALTH | VI — IHME GBD 2019, Valuing Impact"
Guyana,GUY,Latin America & Caribbean,High income,470.57,ohs_occupational_injuries,OHS,Occupational injuries — all causes,0.00170940149347036,DALY/capita,Human Capital,Health and well-being,"HEALTH | VI — IHME GBD 2019, Valuing Impact"
Guyana,GUY,Latin America & Caribbean,High income,470.57,diet_processed_meat,Diet,Diet high in processed meat,0.00135819080309814,DALY/capita,Human Capital,Health and well-being,"HEALTH | VI — IHME GBD 2019, Valuing Impact"
Guyana,GUY,Latin America & Caribbean,High income,470.57,diet_red_meat,Diet,Diet high in red meat,0.0015771066024583,DALY/capita,Human Capital,Health and well-being,"HEALTH | VI — IHME GBD 2019, Valuing Impact"
Guyana,GUY,Latin America & Caribbean,High income,470.57,diet_sodium,Diet,Diet high in sodium,0.00373678977194229,DALY/capita,Human Capital,Health and well-being,"HEALTH | VI — IHME GBD 2019, Valuing Impact"
Guyana,GUY,Latin America & Caribbean,High income,470.57,diet_sugary_beverages,Diet,Diet high in sugar-sweetened beverages,0.00144704602240498,DALY/capita,Human Capital,Health and well-being,"HEALTH | VI — IHME GBD 2019, Valuing Impact"
Guyana,GUY,Latin America & Caribbean,High income,470.57,diet_trans_fats,Diet,Diet high in trans fats,0.00177865875234853,DALY/capita,Human Capital,Health and well-being,"HEALTH | VI — IHME GBD 2019, Valuing Impact"
Guyana,GUY,Latin America & Caribbean,High income,470.57,diet_low_vegetables,Diet,Diet low in vegetables,0.00385539043275106,DALY/capita,Human Capital,Health and well-being,"HEALTH | VI — IHME GBD 2019, Valuing Impact"
Guyana,GUY,Latin America & Caribbean,High income,470.57,diet_low_whole_grains,Diet,Diet low in whole grains,0.00768201600307406,DALY/capita,Human Capital,Health and well-being,"HEALTH | VI — IHME GBD 2019, Valuing Impact"
Guyana,GUY,Latin America & Caribbean,High income,470.57,diet_risks_total,Diet,Dietary risks — aggregate,0.0310471410167274,DALY/capita,Human Capital,Health and well-being,"HEALTH | VI — IHME GBD 2019, Valuing Impact"
Guyana,GUY,Latin America & Caribbean,High income,470.57,smoking,Lifestyle,Smoking — all causes,0.0174774899623482,DALY/capita,Human Capital,Health and well-being,"HEALTH | VI — IHME GBD 2019, Valuing Impact"
"Hong Kong SAR, China",HKG,East Asia & Pacific,High income,0.0,diet_processed_meat,Diet,Diet high in processed meat,0.0,DALY/capita,Human Capital,Health and well-being,"HEALTH | VI — IHME GBD 2019, Valuing Impact"
"Hong Kong SAR, China",HKG,East Asia & Pacific,High income,0.0,diet_red_meat,Diet,Diet high in red meat,0.0,DALY/capita,Human Capital,Health and well-being,"HEALTH | VI — IHME GBD 2019, Valuing Impact"
"Hong Kong SAR, China",HKG,East Asia & Pacific,High income,0.0,diet_sodium,Diet,Diet high in sodium,0.0,DALY/capita,Human Capital,Health and well-being,"HEALTH | VI — IHME GBD 2019, Valuing Impact"
"Hong Kong SAR, China",HKG,East Asia & Pacific,High income,0.0,diet_sugary_beverages,Diet,Diet high in sugar-sweetened beverages,0.0,DALY/capita,Human Capital,Health and well-being,"HEALTH | VI — IHME GBD 2019, Valuing Impact"
"Hong Kong SAR, China",HKG,East Asia & Pacific,High income,0.0,diet_trans_fats,Diet,Diet high in trans fats,0.0,DALY/capita,Human Capital,Health and well-being,"HEALTH | VI — IHME GBD 2019, Valuing Impact"
"Hong Kong SAR, China",HKG,East Asia & Pacific,High income,0.0,diet_low_vegetables,Diet,Diet low in vegetables,0.0,DALY/capita,Human Capital,Health and well-being,"HEALTH | VI — IHME GBD 2019, Valuing Impact"
"Hong Kong SAR, China",HKG,East Asia & Pacific,High income,0.0,diet_low_whole_grains,Diet,Diet low in whole grains,0.0,DALY/capita,Human Capital,Health and well-being,"HEALTH | VI — IHME GBD 2019, Valuing Impact"
"Hong Kong SAR, China",HKG,East Asia & Pacific,High income,0.0,diet_risks_total,Diet,Dietary risks — aggregate,0.0,DALY/capita,Human Capital,Health and well-being,"HEALTH | VI — IHME GBD 2019, Valuing Impact"
Honduras,HND,Latin America & Caribbean,Lower middle income,253.92,wash_handwashing_diarrheal,WASH,No handwashing facility — diarrheal disease,0.000656584340158544,DALY/capita,Human Capital,Health and well-being,"HEALTH | VI — IHME GBD 2019, Valuing Impact"
Honduras,HND,Latin America & Caribbean,Lower middle income,253.92,wash_sanitation_diarrheal,WASH,Unsafe sanitation — diarrheal disease,0.00309471695588452,DALY/capita,Human Capital,Health and well-being,"HEALTH | VI — IHME GBD 2019, Valuing Impact"
Honduras,HND,Latin America & Caribbean,Lower middle income,253.92,wash_water_diarrheal,WASH,Unsafe water source — diarrheal disease,0.0051030329543825595,DALY/capita,Human Capital,Health and well-being,"HEALTH | VI — IHME GBD 2019, Valuing Impact"
Honduras,HND,Latin America & Caribbean,Lower middle income,253.92,wash_handwashing_respiratory,WASH,No handwashing — lower respiratory infections,0.00022436031631674702,DALY/capita,Human Capital,Health and well-being,"HEALTH | VI — IHME GBD 2019, Valuing Impact"
Honduras,HND,Latin America & Caribbean,Lower middle income,253.92,ohs_secondhand_smoke,OHS,Second-hand smoke — all causes,0.0025527848891729703,DALY/capita,Human Capital,Health and well-being,"HEALTH | VI — IHME GBD 2019, Valuing Impact"
Honduras,HND,Latin America & Caribbean,Lower middle income,253.92,ohs_occupational_pm,OHS,Occupational PM/gases/fumes — all causes,0.0007575298382957491,DALY/capita,Human Capital,Health and well-being,"HEALTH | VI — IHME GBD 2019, Valuing Impact"
Honduras,HND,Latin America & Caribbean,Lower middle income,253.92,ohs_occupational_injuries,OHS,Occupational injuries — all causes,0.0039103304365516,DALY/capita,Human Capital,Health and well-being,"HEALTH | VI — IHME GBD 2019, Valuing Impact"
Honduras,HND,Latin America & Caribbean,Lower middle income,253.92,diet_processed_meat,Diet,Diet high in processed meat,0.000468574386439155,DALY/capita,Human Capital,Health and well-being,"HEALTH | VI — IHME GBD 2019, Valuing Impact"
Honduras,HND,Latin America & Caribbean,Lower middle income,253.92,diet_red_meat,Diet,Diet high in red meat,0.0011781400391405999,DALY/capita,Human Capital,Health and well-being,"HEALTH | VI — IHME GBD 2019, Valuing Impact"
Honduras,HND,Latin America & Caribbean,Lower middle income,253.92,diet_sodium,Diet,Diet high in sodium,0.0034624891655133,DALY/capita,Human Capital,Health and well-being,"HEALTH | VI — IHME GBD 2019, Valuing Impact"
Honduras,HND,Latin America & Caribbean,Lower middle income,253.92,diet_sugary_beverages,Diet,Diet high in sugar-sweetened beverages,0.000540721806610838,DALY/capita,Human Capital,Health and well-being,"HEALTH | VI — IHME GBD 2019, Valuing Impact"
Honduras,HND,Latin America & Caribbean,Lower middle income,253.92,diet_trans_fats,Diet,Diet high in trans fats,0.00121017275460452,DALY/capita,Human Capital,Health and well-being,"HEALTH | VI — IHME GBD 2019, Valuing Impact"
Honduras,HND,Latin America & Caribbean,Lower middle income,253.92,diet_low_vegetables,Diet,Diet low in vegetables,0.0018776839694262099,DALY/capita,Human Capital,Health and well-being,"HEALTH | VI — IHME GBD 2019, Valuing Impact"
Honduras,HND,Latin America & Caribbean,Lower middle income,253.92,diet_low_whole_grains,Diet,Diet low in whole grains,0.0030055016029596903,DALY/capita,Human Capital,Health and well-being,"HEALTH | VI — IHME GBD 2019, Valuing Impact"
Honduras,HND,Latin America & Caribbean,Lower middle income,253.92,diet_risks_total,Diet,Dietary risks — aggregate,0.0151790764607352,DALY/capita,Human Capital,Health and well-being,"HEALTH | VI — IHME GBD 2019, Valuing Impact"
Honduras,HND,Latin America & Caribbean,Lower middle income,253.92,smoking,Lifestyle,Smoking — all causes,0.0109920926103157,DALY/capita,Human Capital,Health and well-being,"HEALTH | VI — IHME GBD 2019, Valuing Impact"
Croatia,HRV,Europe & Central Asia,High income,1384.12,wash_handwashing_diarrheal,WASH,No handwashing facility — diarrheal disease,2.0872396874108402e-05,DALY/capita,Human Capital,Health and well-being,"HEALTH | VI — IHME GBD 2019, Valuing Impact"
Croatia,HRV,Europe & Central Asia,High income,1384.12,wash_sanitation_diarrheal,WASH,Unsafe sanitation — diarrheal disease,6.64666573233163e-05,DALY/capita,Human Capital,Health and well-being,"HEALTH | VI — IHME GBD 2019, Valuing Impact"
Croatia,HRV,Europe & Central Asia,High income,1384.12,wash_water_diarrheal,WASH,Unsafe water source — diarrheal disease,0.000377950123437837,DALY/capita,Human Capital,Health and well-being,"HEALTH | VI — IHME GBD 2019, Valuing Impact"
Croatia,HRV,Europe & Central Asia,High income,1384.12,wash_handwashing_respiratory,WASH,No handwashing — lower respiratory infections,1.9889350914013798e-05,DALY/capita,Human Capital,Health and well-being,"HEALTH | VI — IHME GBD 2019, Valuing Impact"
Croatia,HRV,Europe & Central Asia,High income,1384.12,ohs_secondhand_smoke,OHS,Second-hand smoke — all causes,0.00781394487628041,DALY/capita,Human Capital,Health and well-being,"HEALTH | VI — IHME GBD 2019, Valuing Impact"
Croatia,HRV,Europe & Central Asia,High income,1384.12,ohs_occupational_pm,OHS,Occupational PM/gases/fumes — all causes,0.000759418308275956,DALY/capita,Human Capital,Health and well-being,"HEALTH | VI — IHME GBD 2019, Valuing Impact"
Croatia,HRV,Europe & Central Asia,High income,1384.12,ohs_occupational_injuries,OHS,Occupational injuries — all causes,0.00136893410013183,DALY/capita,Human Capital,Health and well-being,"HEALTH | VI — IHME GBD 2019, Valuing Impact"
Croatia,HRV,Europe & Central Asia,High income,1384.12,diet_processed_meat,Diet,Diet high in processed meat,0.000929974080231745,DALY/capita,Human Capital,Health and well-being,"HEALTH | VI — IHME GBD 2019, Valuing Impact"
Croatia,HRV,Europe & Central Asia,High income,1384.12,diet_red_meat,Diet,Diet high in red meat,0.00511620303151167,DALY/capita,Human Capital,Health and well-being,"HEALTH | VI — IHME GBD 2019, Valuing Impact"
Croatia,HRV,Europe & Central Asia,High income,1384.12,diet_sodium,Diet,Diet high in sodium,0.0165506101161011,DALY/capita,Human Capital,Health and well-being,"HEALTH | VI — IHME GBD 2019, Valuing Impact"
Croatia,HRV,Europe & Central Asia,High income,1384.12,diet_sugary_beverages,Diet,Diet high in sugar-sweetened beverages,0.0017669969261393,DALY/capita,Human Capital,Health and well-being,"HEALTH | VI — IHME GBD 2019, Valuing Impact"
Croatia,HRV,Europe & Central Asia,High income,1384.12,diet_trans_fats,Diet,Diet high in trans fats,0.00242410023064575,DALY/capita,Human Capital,Health and well-being,"HEALTH | VI — IHME GBD 2019, Valuing Impact"
Croatia,HRV,Europe & Central Asia,High income,1384.12,diet_low_vegetables,Diet,Diet low in vegetables,0.00259330907603205,DALY/capita,Human Capital,Health and well-being,"HEALTH | VI — IHME GBD 2019, Valuing Impact"
Croatia,HRV,Europe & Central Asia,High income,1384.12,diet_low_whole_grains,Diet,Diet low in whole grains,0.0105154003146158,DALY/capita,Human Capital,Health and well-being,"HEALTH | VI — IHME GBD 2019, Valuing Impact"
Croatia,HRV,Europe & Central Asia,High income,1384.12,diet_risks_total,Diet,Dietary risks — aggregate,0.0458506099939269,DALY/capita,Human Capital,Health and well-being,"HEALTH | VI — IHME GBD 2019, Valuing Impact"
Croatia,HRV,Europe & Central Asia,High income,1384.12,smoking,Lifestyle,Smoking — all causes,0.0562240251154603,DALY/capita,Human Capital,Health and well-being,"HEALTH | VI — IHME GBD 2019, Valuing Impact"
Haiti,HTI,Latin America & Caribbean,Lower middle income,57.88,wash_handwashing_diarrheal,WASH,No handwashing facility — diarrheal disease,0.0076170670822865395,DALY/capita,Human Capital,Health and well-being,"HEALTH | VI — IHME GBD 2019, Valuing Impact"
Haiti,HTI,Latin America & Caribbean,Lower middle income,57.88,wash_sanitation_diarrheal,WASH,Unsafe sanitation — diarrheal disease,0.016164675316436002,DALY/capita,Human Capital,Health and well-being,"HEALTH | VI — IHME GBD 2019, Valuing Impact"
Haiti,HTI,Latin America & Caribbean,Lower middle income,57.88,wash_water_diarrheal,WASH,Unsafe water source — diarrheal disease,0.022802461130737,DALY/capita,Human Capital,Health and well-being,"HEALTH | VI — IHME GBD 2019, Valuing Impact"
Haiti,HTI,Latin America & Caribbean,Lower middle income,57.88,wash_handwashing_respiratory,WASH,No handwashing — lower respiratory infections,0.00585519679192925,DALY/capita,Human Capital,Health and well-being,"HEALTH | VI — IHME GBD 2019, Valuing Impact"
Haiti,HTI,Latin America & Caribbean,Lower middle income,57.88,ohs_secondhand_smoke,OHS,Second-hand smoke — all causes,0.00276327758710363,DALY/capita,Human Capital,Health and well-being,"HEALTH | VI — IHME GBD 2019, Valuing Impact"
Haiti,HTI,Latin America & Caribbean,Lower middle income,57.88,ohs_occupational_pm,OHS,Occupational PM/gases/fumes — all causes,0.000488722249009788,DALY/capita,Human Capital,Health and well-being,"HEALTH | VI — IHME GBD 2019, Valuing Impact"
Haiti,HTI,Latin America & Caribbean,Lower middle income,57.88,ohs_occupational_injuries,OHS,Occupational injuries — all causes,0.00170902155049043,DALY/capita,Human Capital,Health and well-being,"HEALTH | VI — IHME GBD 2019, Valuing Impact"
Haiti,HTI,Latin America & Caribbean,Lower middle income,57.88,diet_processed_meat,Diet,Diet high in processed meat,0.000583093044102879,DALY/capita,Human Capital,Health and well-being,"HEALTH | VI — IHME GBD 2019, Valuing Impact"
Haiti,HTI,Latin America & Caribbean,Lower middle income,57.88,diet_red_meat,Diet,Diet high in red meat,0.00167502288896321,DALY/capita,Human Capital,Health and well-being,"HEALTH | VI — IHME GBD 2019, Valuing Impact"
Haiti,HTI,Latin America & Caribbean,Lower middle income,57.88,diet_sodium,Diet,Diet high in sodium,0.00247508963005489,DALY/capita,Human Capital,Health and well-being,"HEALTH | VI — IHME GBD 2019, Valuing Impact"
Haiti,HTI,Latin America & Caribbean,Lower middle income,57.88,diet_sugary_beverages,Diet,Diet high in sugar-sweetened beverages,0.000730029394135157,DALY/capita,Human Capital,Health and well-being,"HEALTH | VI — IHME GBD 2019, Valuing Impact"
Haiti,HTI,Latin America & Caribbean,Lower middle income,57.88,diet_trans_fats,Diet,Diet high in trans fats,0.00122212417017942,DALY/capita,Human Capital,Health and well-being,"HEALTH | VI — IHME GBD 2019, Valuing Impact"
Haiti,HTI,Latin America & Caribbean,Lower middle income,57.88,diet_low_vegetables,Diet,Diet low in vegetables,0.00428263751285663,DALY/capita,Human Capital,Health and well-being,"HEALTH | VI — IHME GBD 2019, Valuing Impact"
Haiti,HTI,Latin America & Caribbean,Lower middle income,57.88,diet_low_whole_grains,Diet,Diet low in whole grains,0.005425233443677201,DALY/capita,Human Capital,Health and well-being,"HEALTH | VI — IHME GBD 2019, Valuing Impact"
Haiti,HTI,Latin America & Caribbean,Lower middle income,57.88,diet_risks_total,Diet,Dietary risks — aggregate,0.021313370451799603,DALY/capita,Human Capital,Health and well-being,"HEALTH | VI — IHME GBD 2019, Valuing Impact"
Haiti,HTI,Latin America & Caribbean,Lower middle income,57.88,smoking,Lifestyle,Smoking — all causes,0.0077658659331058906,DALY/capita,Human Capital,Health and well-being,"HEALTH | VI — IHME GBD 2019, Valuing Impact"
Hungary,HUN,Europe & Central Asia,High income,1381.62,wash_handwashing_diarrheal,WASH,No handwashing facility — diarrheal disease,3.48830589186852e-05,DALY/capita,Human Capital,Health and well-being,"HEALTH | VI — IHME GBD 2019, Valuing Impact"
Hungary,HUN,Europe & Central Asia,High income,1381.62,wash_sanitation_diarrheal,WASH,Unsafe sanitation — diarrheal disease,0.000273635673922173,DALY/capita,Human Capital,Health and well-being,"HEALTH | VI — IHME GBD 2019, Valuing Impact"
Hungary,HUN,Europe & Central Asia,High income,1381.62,wash_water_diarrheal,WASH,Unsafe water source — diarrheal disease,0.000538065004163274,DALY/capita,Human Capital,Health and well-being,"HEALTH | VI — IHME GBD 2019, Valuing Impact"
Hungary,HUN,Europe & Central Asia,High income,1381.62,wash_handwashing_respiratory,WASH,No handwashing — lower respiratory infections,2.01308606194018e-05,DALY/capita,Human Capital,Health and well-being,"HEALTH | VI — IHME GBD 2019, Valuing Impact"
Hungary,HUN,Europe & Central Asia,High income,1381.62,ohs_secondhand_smoke,OHS,Second-hand smoke — all causes,0.00867398736905828,DALY/capita,Human Capital,Health and well-being,"HEALTH | VI — IHME GBD 2019, Valuing Impact"
Hungary,HUN,Europe & Central Asia,High income,1381.62,ohs_occupational_pm,OHS,Occupational PM/gases/fumes — all causes,0.00149036995808402,DALY/capita,Human Capital,Health and well-being,"HEALTH | VI — IHME GBD 2019, Valuing Impact"
Hungary,HUN,Europe & Central Asia,High income,1381.62,ohs_occupational_injuries,OHS,Occupational injuries — all causes,0.00147953918678707,DALY/capita,Human Capital,Health and well-being,"HEALTH | VI — IHME GBD 2019, Valuing Impact"
Hungary,HUN,Europe & Central Asia,High income,1381.62,diet_processed_meat,Diet,Diet high in processed meat,0.00445666786272772,DALY/capita,Human Capital,Health and well-being,"HEALTH | VI — IHME GBD 2019, Valuing Impact"
Hungary,HUN,Europe & Central Asia,High income,1381.62,diet_red_meat,Diet,Diet high in red meat,0.006523055350490369,DALY/capita,Human Capital,Health and well-being,"HEALTH | VI — IHME GBD 2019, Valuing Impact"
Hungary,HUN,Europe & Central Asia,High income,1381.62,diet_sodium,Diet,Diet high in sodium,0.022303491646090502,DALY/capita,Human Capital,Health and well-being,"HEALTH | VI — IHME GBD 2019, Valuing Impact"
Hungary,HUN,Europe & Central Asia,High income,1381.62,diet_sugary_beverages,Diet,Diet high in sugar-sweetened beverages,0.00174618114741259,DALY/capita,Human Capital,Health and well-being,"HEALTH | VI — IHME GBD 2019, Valuing Impact"
Hungary,HUN,Europe & Central Asia,High income,1381.62,diet_trans_fats,Diet,Diet high in trans fats,0.00377011760124947,DALY/capita,Human Capital,Health and well-being,"HEALTH | VI — IHME GBD 2019, Valuing Impact"
Hungary,HUN,Europe & Central Asia,High income,1381.62,diet_low_vegetables,Diet,Diet low in vegetables,0.00163933699665499,DALY/capita,Human Capital,Health and well-being,"HEALTH | VI — IHME GBD 2019, Valuing Impact"
Hungary,HUN,Europe & Central Asia,High income,1381.62,diet_low_whole_grains,Diet,Diet low in whole grains,0.0134903335686945,DALY/capita,Human Capital,Health and well-being,"HEALTH | VI — IHME GBD 2019, Valuing Impact"
Hungary,HUN,Europe & Central Asia,High income,1381.62,diet_risks_total,Diet,Dietary risks — aggregate,0.059628792027762,DALY/capita,Human Capital,Health and well-being,"HEALTH | VI — IHME GBD 2019, Valuing Impact"
Hungary,HUN,Europe & Central Asia,High income,1381.62,smoking,Lifestyle,Smoking — all causes,0.06945460342020421,DALY/capita,Human Capital,Health and well-being,"HEALTH | VI — IHME GBD 2019, Valuing Impact"
Indonesia,IDN,East Asia & Pacific,Upper middle income,160.64,wash_handwashing_diarrheal,WASH,No handwashing facility — diarrheal disease,0.000971603697068749,DALY/capita,Human Capital,Health and well-being,"HEALTH | VI — IHME GBD 2019, Valuing Impact"
Indonesia,IDN,East Asia & Pacific,Upper middle income,160.64,wash_sanitation_diarrheal,WASH,Unsafe sanitation — diarrheal disease,0.00226314520317862,DALY/capita,Human Capital,Health and well-being,"HEALTH | VI — IHME GBD 2019, Valuing Impact"
Indonesia,IDN,East Asia & Pacific,Upper middle income,160.64,wash_water_diarrheal,WASH,Unsafe water source — diarrheal disease,0.00636251939065801,DALY/capita,Human Capital,Health and well-being,"HEALTH | VI — IHME GBD 2019, Valuing Impact"
Indonesia,IDN,East Asia & Pacific,Upper middle income,160.64,wash_handwashing_respiratory,WASH,No handwashing — lower respiratory infections,0.000457375036563744,DALY/capita,Human Capital,Health and well-being,"HEALTH | VI — IHME GBD 2019, Valuing Impact"
Indonesia,IDN,East Asia & Pacific,Upper middle income,160.64,ohs_secondhand_smoke,OHS,Second-hand smoke — all causes,0.0064367675990399005,DALY/capita,Human Capital,Health and well-being,"HEALTH | VI — IHME GBD 2019, Valuing Impact"
Indonesia,IDN,East Asia & Pacific,Upper middle income,160.64,ohs_occupational_pm,OHS,Occupational PM/gases/fumes — all causes,0.00130737434013929,DALY/capita,Human Capital,Health and well-being,"HEALTH | VI — IHME GBD 2019, Valuing Impact"
Indonesia,IDN,East Asia & Pacific,Upper middle income,160.64,ohs_occupational_injuries,OHS,Occupational injuries — all causes,0.00589141844193018,DALY/capita,Human Capital,Health and well-being,"HEALTH | VI — IHME GBD 2019, Valuing Impact"
Indonesia,IDN,East Asia & Pacific,Upper middle income,160.64,diet_processed_meat,Diet,Diet high in processed meat,0.000285425630963044,DALY/capita,Human Capital,Health and well-being,"HEALTH | VI — IHME GBD 2019, Valuing Impact"
Indonesia,IDN,East Asia & Pacific,Upper middle income,160.64,diet_red_meat,Diet,Diet high in red meat,0.00139688299507607,DALY/capita,Human Capital,Health and well-being,"HEALTH | VI — IHME GBD 2019, Valuing Impact"
Indonesia,IDN,East Asia & Pacific,Upper middle income,160.64,diet_sodium,Diet,Diet high in sodium,0.0091418893640173,DALY/capita,Human Capital,Health and well-being,"HEALTH | VI — IHME GBD 2019, Valuing Impact"
Indonesia,IDN,East Asia & Pacific,Upper middle income,160.64,diet_sugary_beverages,Diet,Diet high in sugar-sweetened beverages,0.00112635619551248,DALY/capita,Human Capital,Health and well-being,"HEALTH | VI — IHME GBD 2019, Valuing Impact"
Indonesia,IDN,East Asia & Pacific,Upper middle income,160.64,diet_trans_fats,Diet,Diet high in trans fats,0.00129347129392746,DALY/capita,Human Capital,Health and well-being,"HEALTH | VI — IHME GBD 2019, Valuing Impact"
Indonesia,IDN,East Asia & Pacific,Upper middle income,160.64,diet_low_vegetables,Diet,Diet low in vegetables,0.00389720812565102,DALY/capita,Human Capital,Health and well-being,"HEALTH | VI — IHME GBD 2019, Valuing Impact"
Indonesia,IDN,East Asia & Pacific,Upper middle income,160.64,diet_low_whole_grains,Diet,Diet low in whole grains,0.00431220269465823,DALY/capita,Human Capital,Health and well-being,"HEALTH | VI — IHME GBD 2019, Valuing Impact"
Indonesia,IDN,East Asia & Pacific,Upper middle income,160.64,diet_risks_total,Diet,Dietary risks — aggregate,0.0297045502760275,DALY/capita,Human Capital,Health and well-being,"HEALTH | VI — IHME GBD 2019, Valuing Impact"
Indonesia,IDN,East Asia & Pacific,Upper middle income,160.64,smoking,Lifestyle,Smoking — all causes,0.0286175482786054,DALY/capita,Human Capital,Health and well-being,"HEALTH | VI — IHME GBD 2019, Valuing Impact"
Isle of Man,IMN,Europe & Central Asia,High income,0.0,diet_processed_meat,Diet,Diet high in processed meat,0.0,DALY/capita,Human Capital,Health and well-being,"HEALTH | VI — IHME GBD 2019, Valuing Impact"
Isle of Man,IMN,Europe & Central Asia,High income,0.0,diet_red_meat,Diet,Diet high in red meat,0.0,DALY/capita,Human Capital,Health and well-being,"HEALTH | VI — IHME GBD 2019, Valuing Impact"
Isle of Man,IMN,Europe & Central Asia,High income,0.0,diet_sodium,Diet,Diet high in sodium,0.0,DALY/capita,Human Capital,Health and well-being,"HEALTH | VI — IHME GBD 2019, Valuing Impact"
Isle of Man,IMN,Europe & Central Asia,High income,0.0,diet_sugary_beverages,Diet,Diet high in sugar-sweetened beverages,0.0,DALY/capita,Human Capital,Health and well-being,"HEALTH | VI — IHME GBD 2019, Valuing Impact"
Isle of Man,IMN,Europe & Central Asia,High income,0.0,diet_trans_fats,Diet,Diet high in trans fats,0.0,DALY/capita,Human Capital,Health and well-being,"HEALTH | VI — IHME GBD 2019, Valuing Impact"
Isle of Man,IMN,Europe & Central Asia,High income,0.0,diet_low_vegetables,Diet,Diet low in vegetables,0.0,DALY/capita,Human Capital,Health and well-being,"HEALTH | VI — IHME GBD 2019, Valuing Impact"
Isle of Man,IMN,Europe & Central Asia,High income,0.0,diet_low_whole_grains,Diet,Diet low in whole grains,0.0,DALY/capita,Human Capital,Health and well-being,"HEALTH | VI — IHME GBD 2019, Valuing Impact"
Isle of Man,IMN,Europe & Central Asia,High income,0.0,diet_risks_total,Diet,Dietary risks — aggregate,0.0,DALY/capita,Human Capital,Health and well-being,"HEALTH | VI — IHME GBD 2019, Valuing Impact"
India,IND,South Asia,Lower middle income,74.04,wash_handwashing_diarrheal,WASH,No handwashing facility — diarrheal disease,0.00281710474273403,DALY/capita,Human Capital,Health and well-being,"HEALTH | VI — IHME GBD 2019, Valuing Impact"
India,IND,South Asia,Lower middle income,74.04,wash_sanitation_diarrheal,WASH,Unsafe sanitation — diarrheal disease,0.00665049104337144,DALY/capita,Human Capital,Health and well-being,"HEALTH | VI — IHME GBD 2019, Valuing Impact"
India,IND,South Asia,Lower middle income,74.04,wash_water_diarrheal,WASH,Unsafe water source — diarrheal disease,0.0116167036627086,DALY/capita,Human Capital,Health and well-being,"HEALTH | VI — IHME GBD 2019, Valuing Impact"
India,IND,South Asia,Lower middle income,74.04,wash_handwashing_respiratory,WASH,No handwashing — lower respiratory infections,0.00161901444214544,DALY/capita,Human Capital,Health and well-being,"HEALTH | VI — IHME GBD 2019, Valuing Impact"
India,IND,South Asia,Lower middle income,74.04,ohs_secondhand_smoke,OHS,Second-hand smoke — all causes,0.0053733306482676504,DALY/capita,Human Capital,Health and well-being,"HEALTH | VI — IHME GBD 2019, Valuing Impact"
India,IND,South Asia,Lower middle income,74.04,ohs_occupational_pm,OHS,Occupational PM/gases/fumes — all causes,0.00247117653039955,DALY/capita,Human Capital,Health and well-being,"HEALTH | VI — IHME GBD 2019, Valuing Impact"
India,IND,South Asia,Lower middle income,74.04,ohs_occupational_injuries,OHS,Occupational injuries — all causes,0.00312297366135822,DALY/capita,Human Capital,Health and well-being,"HEALTH | VI — IHME GBD 2019, Valuing Impact"
India,IND,South Asia,Lower middle income,74.04,diet_processed_meat,Diet,Diet high in processed meat,0.000541752633240229,DALY/capita,Human Capital,Health and well-being,"HEALTH | VI — IHME GBD 2019, Valuing Impact"
India,IND,South Asia,Lower middle income,74.04,diet_red_meat,Diet,Diet high in red meat,0.000508925354324055,DALY/capita,Human Capital,Health and well-being,"HEALTH | VI — IHME GBD 2019, Valuing Impact"
India,IND,South Asia,Lower middle income,74.04,diet_sodium,Diet,Diet high in sodium,0.00358157628276423,DALY/capita,Human Capital,Health and well-being,"HEALTH | VI — IHME GBD 2019, Valuing Impact"
India,IND,South Asia,Lower middle income,74.04,diet_sugary_beverages,Diet,Diet high in sugar-sweetened beverages,0.000551979010401497,DALY/capita,Human Capital,Health and well-being,"HEALTH | VI — IHME GBD 2019, Valuing Impact"
India,IND,South Asia,Lower middle income,74.04,diet_trans_fats,Diet,Diet high in trans fats,0.00278691429631865,DALY/capita,Human Capital,Health and well-being,"HEALTH | VI — IHME GBD 2019, Valuing Impact"
India,IND,South Asia,Lower middle income,74.04,diet_low_vegetables,Diet,Diet low in vegetables,0.0026356817543686903,DALY/capita,Human Capital,Health and well-being,"HEALTH | VI — IHME GBD 2019, Valuing Impact"
India,IND,South Asia,Lower middle income,74.04,diet_low_whole_grains,Diet,Diet low in whole grains,0.0051442778982657604,DALY/capita,Human Capital,Health and well-being,"HEALTH | VI — IHME GBD 2019, Valuing Impact"
India,IND,South Asia,Lower middle income,74.04,diet_risks_total,Diet,Dietary risks — aggregate,0.0232932056996661,DALY/capita,Human Capital,Health and well-being,"HEALTH | VI — IHME GBD 2019, Valuing Impact"
India,IND,South Asia,Lower middle income,74.04,smoking,Lifestyle,Smoking — all causes,0.0192949159439413,DALY/capita,Human Capital,Health and well-being,"HEALTH | VI — IHME GBD 2019, Valuing Impact"
Ireland,IRL,Europe & Central Asia,High income,6764.26,wash_handwashing_diarrheal,WASH,No handwashing facility — diarrheal disease,1.1223834929507199e-05,DALY/capita,Human Capital,Health and well-being,"HEALTH | VI — IHME GBD 2019, Valuing Impact"
Ireland,IRL,Europe & Central Asia,High income,6764.26,wash_sanitation_diarrheal,WASH,Unsafe sanitation — diarrheal disease,2.7178848508547603e-05,DALY/capita,Human Capital,Health and well-being,"HEALTH | VI — IHME GBD 2019, Valuing Impact"
Ireland,IRL,Europe & Central Asia,High income,6764.26,wash_water_diarrheal,WASH,Unsafe water source — diarrheal disease,1.81431104269321e-05,DALY/capita,Human Capital,Health and well-being,"HEALTH | VI — IHME GBD 2019, Valuing Impact"
Ireland,IRL,Europe & Central Asia,High income,6764.26,wash_handwashing_respiratory,WASH,No handwashing — lower respiratory infections,3.83941357897934e-05,DALY/capita,Human Capital,Health and well-being,"HEALTH | VI — IHME GBD 2019, Valuing Impact"
Ireland,IRL,Europe & Central Asia,High income,6764.26,ohs_secondhand_smoke,OHS,Second-hand smoke — all causes,0.00209369420829307,DALY/capita,Human Capital,Health and well-being,"HEALTH | VI — IHME GBD 2019, Valuing Impact"
Ireland,IRL,Europe & Central Asia,High income,6764.26,ohs_occupational_pm,OHS,Occupational PM/gases/fumes — all causes,0.0007272162295926231,DALY/capita,Human Capital,Health and well-being,"HEALTH | VI — IHME GBD 2019, Valuing Impact"
Ireland,IRL,Europe & Central Asia,High income,6764.26,ohs_occupational_injuries,OHS,Occupational injuries — all causes,0.00204112344935467,DALY/capita,Human Capital,Health and well-being,"HEALTH | VI — IHME GBD 2019, Valuing Impact"
Ireland,IRL,Europe & Central Asia,High income,6764.26,diet_processed_meat,Diet,Diet high in processed meat,0.0019659320841975,DALY/capita,Human Capital,Health and well-being,"HEALTH | VI — IHME GBD 2019, Valuing Impact"
Ireland,IRL,Europe & Central Asia,High income,6764.26,diet_red_meat,Diet,Diet high in red meat,0.00458109045548738,DALY/capita,Human Capital,Health and well-being,"HEALTH | VI — IHME GBD 2019, Valuing Impact"
Ireland,IRL,Europe & Central Asia,High income,6764.26,diet_sodium,Diet,Diet high in sodium,0.0012618886402691299,DALY/capita,Human Capital,Health and well-being,"HEALTH | VI — IHME GBD 2019, Valuing Impact"
Ireland,IRL,Europe & Central Asia,High income,6764.26,diet_sugary_beverages,Diet,Diet high in sugar-sweetened beverages,0.000892913554354388,DALY/capita,Human Capital,Health and well-being,"HEALTH | VI — IHME GBD 2019, Valuing Impact"
Ireland,IRL,Europe & Central Asia,High income,6764.26,diet_trans_fats,Diet,Diet high in trans fats,0.0009234413045164131,DALY/capita,Human Capital,Health and well-being,"HEALTH | VI — IHME GBD 2019, Valuing Impact"
Ireland,IRL,Europe & Central Asia,High income,6764.26,diet_low_vegetables,Diet,Diet low in vegetables,0.000862496107790011,DALY/capita,Human Capital,Health and well-being,"HEALTH | VI — IHME GBD 2019, Valuing Impact"
Ireland,IRL,Europe & Central Asia,High income,6764.26,diet_low_whole_grains,Diet,Diet low in whole grains,0.00345339759579614,DALY/capita,Human Capital,Health and well-being,"HEALTH | VI — IHME GBD 2019, Valuing Impact"
Ireland,IRL,Europe & Central Asia,High income,6764.26,diet_risks_total,Diet,Dietary risks — aggregate,0.0163448112135905,DALY/capita,Human Capital,Health and well-being,"HEALTH | VI — IHME GBD 2019, Valuing Impact"
Ireland,IRL,Europe & Central Asia,High income,6764.26,smoking,Lifestyle,Smoking — all causes,0.0296191909966949,DALY/capita,Human Capital,Health and well-being,"HEALTH | VI — IHME GBD 2019, Valuing Impact"
"Iran, Islamic Rep.",IRN,Middle East & North Africa,Lower middle income,392.54,wash_handwashing_diarrheal,WASH,No handwashing facility — diarrheal disease,0.00015333852314625,DALY/capita,Human Capital,Health and well-being,"HEALTH | VI — IHME GBD 2019, Valuing Impact"
"Iran, Islamic Rep.",IRN,Middle East & North Africa,Lower middle income,392.54,wash_sanitation_diarrheal,WASH,Unsafe sanitation — diarrheal disease,0.000320510016542218,DALY/capita,Human Capital,Health and well-being,"HEALTH | VI — IHME GBD 2019, Valuing Impact"
"Iran, Islamic Rep.",IRN,Middle East & North Africa,Lower middle income,392.54,wash_water_diarrheal,WASH,Unsafe water source — diarrheal disease,0.00117722055640103,DALY/capita,Human Capital,Health and well-being,"HEALTH | VI — IHME GBD 2019, Valuing Impact"
"Iran, Islamic Rep.",IRN,Middle East & North Africa,Lower middle income,392.54,wash_handwashing_respiratory,WASH,No handwashing — lower respiratory infections,0.000130785654448215,DALY/capita,Human Capital,Health and well-being,"HEALTH | VI — IHME GBD 2019, Valuing Impact"
"Iran, Islamic Rep.",IRN,Middle East & North Africa,Lower middle income,392.54,ohs_secondhand_smoke,OHS,Second-hand smoke — all causes,0.00368652304439233,DALY/capita,Human Capital,Health and well-being,"HEALTH | VI — IHME GBD 2019, Valuing Impact"
"Iran, Islamic Rep.",IRN,Middle East & North Africa,Lower middle income,392.54,ohs_occupational_pm,OHS,Occupational PM/gases/fumes — all causes,0.00045982966457363503,DALY/capita,Human Capital,Health and well-being,"HEALTH | VI — IHME GBD 2019, Valuing Impact"
"Iran, Islamic Rep.",IRN,Middle East & North Africa,Lower middle income,392.54,ohs_occupational_injuries,OHS,Occupational injuries — all causes,0.0017544731399372,DALY/capita,Human Capital,Health and well-being,"HEALTH | VI — IHME GBD 2019, Valuing Impact"
"Iran, Islamic Rep.",IRN,Middle East & North Africa,Lower middle income,392.54,diet_processed_meat,Diet,Diet high in processed meat,0.000464085967424013,DALY/capita,Human Capital,Health and well-being,"HEALTH | VI — IHME GBD 2019, Valuing Impact"
"Iran, Islamic Rep.",IRN,Middle East & North Africa,Lower middle income,392.54,diet_red_meat,Diet,Diet high in red meat,0.00149050714585097,DALY/capita,Human Capital,Health and well-being,"HEALTH | VI — IHME GBD 2019, Valuing Impact"
"Iran, Islamic Rep.",IRN,Middle East & North Africa,Lower middle income,392.54,diet_sodium,Diet,Diet high in sodium,0.0011160397130297601,DALY/capita,Human Capital,Health and well-being,"HEALTH | VI — IHME GBD 2019, Valuing Impact"
"Iran, Islamic Rep.",IRN,Middle East & North Africa,Lower middle income,392.54,diet_sugary_beverages,Diet,Diet high in sugar-sweetened beverages,0.0009033576441513959,DALY/capita,Human Capital,Health and well-being,"HEALTH | VI — IHME GBD 2019, Valuing Impact"
"Iran, Islamic Rep.",IRN,Middle East & North Africa,Lower middle income,392.54,diet_trans_fats,Diet,Diet high in trans fats,0.00297631987144064,DALY/capita,Human Capital,Health and well-being,"HEALTH | VI — IHME GBD 2019, Valuing Impact"
"Iran, Islamic Rep.",IRN,Middle East & North Africa,Lower middle income,392.54,diet_low_vegetables,Diet,Diet low in vegetables,0.00033701781053122997,DALY/capita,Human Capital,Health and well-being,"HEALTH | VI — IHME GBD 2019, Valuing Impact"
"Iran, Islamic Rep.",IRN,Middle East & North Africa,Lower middle income,392.54,diet_low_whole_grains,Diet,Diet low in whole grains,0.0080407460243255,DALY/capita,Human Capital,Health and well-being,"HEALTH | VI — IHME GBD 2019, Valuing Impact"
"Iran, Islamic Rep.",IRN,Middle East & North Africa,Lower middle income,392.54,diet_risks_total,Diet,Dietary risks — aggregate,0.0174818777224537,DALY/capita,Human Capital,Health and well-being,"HEALTH | VI — IHME GBD 2019, Valuing Impact"
"Iran, Islamic Rep.",IRN,Middle East & North Africa,Lower middle income,392.54,smoking,Lifestyle,Smoking — all causes,0.0145851818190796,DALY/capita,Human Capital,Health and well-being,"HEALTH | VI — IHME GBD 2019, Valuing Impact"
Iraq,IRQ,Middle East & North Africa,Upper middle income,248.92,wash_handwashing_diarrheal,WASH,No handwashing facility — diarrheal disease,0.000113950840645525,DALY/capita,Human Capital,Health and well-being,"HEALTH | VI — IHME GBD 2019, Valuing Impact"
Iraq,IRQ,Middle East & North Africa,Upper middle income,248.92,wash_sanitation_diarrheal,WASH,Unsafe sanitation — diarrheal disease,0.000528745651743453,DALY/capita,Human Capital,Health and well-being,"HEALTH | VI — IHME GBD 2019, Valuing Impact"
Iraq,IRQ,Middle East & North Africa,Upper middle income,248.92,wash_water_diarrheal,WASH,Unsafe water source — diarrheal disease,0.0015848686366474,DALY/capita,Human Capital,Health and well-being,"HEALTH | VI — IHME GBD 2019, Valuing Impact"
Iraq,IRQ,Middle East & North Africa,Upper middle income,248.92,wash_handwashing_respiratory,WASH,No handwashing — lower respiratory infections,0.000103302418989046,DALY/capita,Human Capital,Health and well-being,"HEALTH | VI — IHME GBD 2019, Valuing Impact"
Iraq,IRQ,Middle East & North Africa,Upper middle income,248.92,ohs_secondhand_smoke,OHS,Second-hand smoke — all causes,0.00501035877784867,DALY/capita,Human Capital,Health and well-being,"HEALTH | VI — IHME GBD 2019, Valuing Impact"
Iraq,IRQ,Middle East & North Africa,Upper middle income,248.92,ohs_occupational_pm,OHS,Occupational PM/gases/fumes — all causes,0.000142642534487914,DALY/capita,Human Capital,Health and well-being,"HEALTH | VI — IHME GBD 2019, Valuing Impact"
Iraq,IRQ,Middle East & North Africa,Upper middle income,248.92,ohs_occupational_injuries,OHS,Occupational injuries — all causes,0.00187301508746795,DALY/capita,Human Capital,Health and well-being,"HEALTH | VI — IHME GBD 2019, Valuing Impact"
Iraq,IRQ,Middle East & North Africa,Upper middle income,248.92,diet_processed_meat,Diet,Diet high in processed meat,0.00043398511635541604,DALY/capita,Human Capital,Health and well-being,"HEALTH | VI — IHME GBD 2019, Valuing Impact"
Iraq,IRQ,Middle East & North Africa,Upper middle income,248.92,diet_red_meat,Diet,Diet high in red meat,0.000957290862226107,DALY/capita,Human Capital,Health and well-being,"HEALTH | VI — IHME GBD 2019, Valuing Impact"
Iraq,IRQ,Middle East & North Africa,Upper middle income,248.92,diet_sodium,Diet,Diet high in sodium,0.0011704306916698502,DALY/capita,Human Capital,Health and well-being,"HEALTH | VI — IHME GBD 2019, Valuing Impact"
Iraq,IRQ,Middle East & North Africa,Upper middle income,248.92,diet_sugary_beverages,Diet,Diet high in sugar-sweetened beverages,0.000955612202653072,DALY/capita,Human Capital,Health and well-being,"HEALTH | VI — IHME GBD 2019, Valuing Impact"
Iraq,IRQ,Middle East & North Africa,Upper middle income,248.92,diet_trans_fats,Diet,Diet high in trans fats,0.00194656420902104,DALY/capita,Human Capital,Health and well-being,"HEALTH | VI — IHME GBD 2019, Valuing Impact"
Iraq,IRQ,Middle East & North Africa,Upper middle income,248.92,diet_low_vegetables,Diet,Diet low in vegetables,0.000557731347363255,DALY/capita,Human Capital,Health and well-being,"HEALTH | VI — IHME GBD 2019, Valuing Impact"
Iraq,IRQ,Middle East & North Africa,Upper middle income,248.92,diet_low_whole_grains,Diet,Diet low in whole grains,0.00732507010922493,DALY/capita,Human Capital,Health and well-being,"HEALTH | VI — IHME GBD 2019, Valuing Impact"
Iraq,IRQ,Middle East & North Africa,Upper middle income,248.92,diet_risks_total,Diet,Dietary risks — aggregate,0.0204738144356434,DALY/capita,Human Capital,Health and well-being,"HEALTH | VI — IHME GBD 2019, Valuing Impact"
Iraq,IRQ,Middle East & North Africa,Upper middle income,248.92,smoking,Lifestyle,Smoking — all causes,0.0178125781919096,DALY/capita,Human Capital,Health and well-being,"HEALTH | VI — IHME GBD 2019, Valuing Impact"
Iceland,ISL,Europe & Central Asia,High income,6716.37,wash_handwashing_diarrheal,WASH,No handwashing facility — diarrheal disease,1.5478905326503e-05,DALY/capita,Human Capital,Health and well-being,"HEALTH | VI — IHME GBD 2019, Valuing Impact"
Iceland,ISL,Europe & Central Asia,High income,6716.37,wash_sanitation_diarrheal,WASH,Unsafe sanitation — diarrheal disease,1.40794424923924e-05,DALY/capita,Human Capital,Health and well-being,"HEALTH | VI — IHME GBD 2019, Valuing Impact"
Iceland,ISL,Europe & Central Asia,High income,6716.37,wash_water_diarrheal,WASH,Unsafe water source — diarrheal disease,2.3355552693364202e-05,DALY/capita,Human Capital,Health and well-being,"HEALTH | VI — IHME GBD 2019, Valuing Impact"
Iceland,ISL,Europe & Central Asia,High income,6716.37,wash_handwashing_respiratory,WASH,No handwashing — lower respiratory infections,3.31899729370855e-05,DALY/capita,Human Capital,Health and well-being,"HEALTH | VI — IHME GBD 2019, Valuing Impact"
Iceland,ISL,Europe & Central Asia,High income,6716.37,ohs_secondhand_smoke,OHS,Second-hand smoke — all causes,0.0021579991516491198,DALY/capita,Human Capital,Health and well-being,"HEALTH | VI — IHME GBD 2019, Valuing Impact"
Iceland,ISL,Europe & Central Asia,High income,6716.37,ohs_occupational_pm,OHS,Occupational PM/gases/fumes — all causes,0.000693434563746591,DALY/capita,Human Capital,Health and well-being,"HEALTH | VI — IHME GBD 2019, Valuing Impact"
Iceland,ISL,Europe & Central Asia,High income,6716.37,ohs_occupational_injuries,OHS,Occupational injuries — all causes,0.00176958329560948,DALY/capita,Human Capital,Health and well-being,"HEALTH | VI — IHME GBD 2019, Valuing Impact"
Iceland,ISL,Europe & Central Asia,High income,6716.37,diet_processed_meat,Diet,Diet high in processed meat,0.0019351556147532802,DALY/capita,Human Capital,Health and well-being,"HEALTH | VI — IHME GBD 2019, Valuing Impact"
Iceland,ISL,Europe & Central Asia,High income,6716.37,diet_red_meat,Diet,Diet high in red meat,0.00347394639375738,DALY/capita,Human Capital,Health and well-being,"HEALTH | VI — IHME GBD 2019, Valuing Impact"
Iceland,ISL,Europe & Central Asia,High income,6716.37,diet_sodium,Diet,Diet high in sodium,0.0017970868176286502,DALY/capita,Human Capital,Health and well-being,"HEALTH | VI — IHME GBD 2019, Valuing Impact"
Iceland,ISL,Europe & Central Asia,High income,6716.37,diet_sugary_beverages,Diet,Diet high in sugar-sweetened beverages,0.0006394446370280419,DALY/capita,Human Capital,Health and well-being,"HEALTH | VI — IHME GBD 2019, Valuing Impact"
Iceland,ISL,Europe & Central Asia,High income,6716.37,diet_trans_fats,Diet,Diet high in trans fats,0.00114234261929453,DALY/capita,Human Capital,Health and well-being,"HEALTH | VI — IHME GBD 2019, Valuing Impact"
Iceland,ISL,Europe & Central Asia,High income,6716.37,diet_low_vegetables,Diet,Diet low in vegetables,0.0012886224962363598,DALY/capita,Human Capital,Health and well-being,"HEALTH | VI — IHME GBD 2019, Valuing Impact"
Iceland,ISL,Europe & Central Asia,High income,6716.37,diet_low_whole_grains,Diet,Diet low in whole grains,0.00417101534703672,DALY/capita,Human Capital,Health and well-being,"HEALTH | VI — IHME GBD 2019, Valuing Impact"
Iceland,ISL,Europe & Central Asia,High income,6716.37,diet_risks_total,Diet,Dietary risks — aggregate,0.016521418244378798,DALY/capita,Human Capital,Health and well-being,"HEALTH | VI — IHME GBD 2019, Valuing Impact"
Iceland,ISL,Europe & Central Asia,High income,6716.37,smoking,Lifestyle,Smoking — all causes,0.024779938332218098,DALY/capita,Human Capital,Health and well-being,"HEALTH | VI — IHME GBD 2019, Valuing Impact"
Israel,ISR,Middle East & North Africa,High income,4338.94,wash_handwashing_diarrheal,WASH,No handwashing facility — diarrheal disease,2.2106865625018098e-05,DALY/capita,Human Capital,Health and well-being,"HEALTH | VI — IHME GBD 2019, Valuing Impact"
Israel,ISR,Middle East & North Africa,High income,4338.94,wash_sanitation_diarrheal,WASH,Unsafe sanitation — diarrheal disease,3.63666707338923e-05,DALY/capita,Human Capital,Health and well-being,"HEALTH | VI — IHME GBD 2019, Valuing Impact"
Israel,ISR,Middle East & North Africa,High income,4338.94,wash_water_diarrheal,WASH,Unsafe water source — diarrheal disease,4.47328923220381e-05,DALY/capita,Human Capital,Health and well-being,"HEALTH | VI — IHME GBD 2019, Valuing Impact"
Israel,ISR,Middle East & North Africa,High income,4338.94,wash_handwashing_respiratory,WASH,No handwashing — lower respiratory infections,2.49910403256756e-05,DALY/capita,Human Capital,Health and well-being,"HEALTH | VI — IHME GBD 2019, Valuing Impact"
Israel,ISR,Middle East & North Africa,High income,4338.94,ohs_secondhand_smoke,OHS,Second-hand smoke — all causes,0.00155604627059959,DALY/capita,Human Capital,Health and well-being,"HEALTH | VI — IHME GBD 2019, Valuing Impact"
Israel,ISR,Middle East & North Africa,High income,4338.94,ohs_occupational_pm,OHS,Occupational PM/gases/fumes — all causes,0.00031650919106899,DALY/capita,Human Capital,Health and well-being,"HEALTH | VI — IHME GBD 2019, Valuing Impact"
Israel,ISR,Middle East & North Africa,High income,4338.94,ohs_occupational_injuries,OHS,Occupational injuries — all causes,0.0014099024528027601,DALY/capita,Human Capital,Health and well-being,"HEALTH | VI — IHME GBD 2019, Valuing Impact"
Israel,ISR,Middle East & North Africa,High income,4338.94,diet_processed_meat,Diet,Diet high in processed meat,0.00123363688195705,DALY/capita,Human Capital,Health and well-being,"HEALTH | VI — IHME GBD 2019, Valuing Impact"
Israel,ISR,Middle East & North Africa,High income,4338.94,diet_red_meat,Diet,Diet high in red meat,0.00175308502808965,DALY/capita,Human Capital,Health and well-being,"HEALTH | VI — IHME GBD 2019, Valuing Impact"
Israel,ISR,Middle East & North Africa,High income,4338.94,diet_sodium,Diet,Diet high in sodium,0.00117805872528204,DALY/capita,Human Capital,Health and well-being,"HEALTH | VI — IHME GBD 2019, Valuing Impact"
Israel,ISR,Middle East & North Africa,High income,4338.94,diet_sugary_beverages,Diet,Diet high in sugar-sweetened beverages,0.000736251331463417,DALY/capita,Human Capital,Health and well-being,"HEALTH | VI — IHME GBD 2019, Valuing Impact"
Israel,ISR,Middle East & North Africa,High income,4338.94,diet_trans_fats,Diet,Diet high in trans fats,0.000434123961520798,DALY/capita,Human Capital,Health and well-being,"HEALTH | VI — IHME GBD 2019, Valuing Impact"
Israel,ISR,Middle East & North Africa,High income,4338.94,diet_low_vegetables,Diet,Diet low in vegetables,5.1932935142995e-05,DALY/capita,Human Capital,Health and well-being,"HEALTH | VI — IHME GBD 2019, Valuing Impact"
Israel,ISR,Middle East & North Africa,High income,4338.94,diet_low_whole_grains,Diet,Diet low in whole grains,0.00356362360031383,DALY/capita,Human Capital,Health and well-being,"HEALTH | VI — IHME GBD 2019, Valuing Impact"
Israel,ISR,Middle East & North Africa,High income,4338.94,diet_risks_total,Diet,Dietary risks — aggregate,0.0095343380612129,DALY/capita,Human Capital,Health and well-being,"HEALTH | VI — IHME GBD 2019, Valuing Impact"
Israel,ISR,Middle East & North Africa,High income,4338.94,smoking,Lifestyle,Smoking — all causes,0.0169937692103318,DALY/capita,Human Capital,Health and well-being,"HEALTH | VI — IHME GBD 2019, Valuing Impact"
Italy,ITA,Europe & Central Asia,High income,3349.6,wash_handwashing_diarrheal,WASH,No handwashing facility — diarrheal disease,9.55085528173802e-06,DALY/capita,Human Capital,Health and well-being,"HEALTH | VI — IHME GBD 2019, Valuing Impact"
Italy,ITA,Europe & Central Asia,High income,3349.6,wash_sanitation_diarrheal,WASH,Unsafe sanitation — diarrheal disease,1.638832636115e-05,DALY/capita,Human Capital,Health and well-being,"HEALTH | VI — IHME GBD 2019, Valuing Impact"
Italy,ITA,Europe & Central Asia,High income,3349.6,wash_water_diarrheal,WASH,Unsafe water source — diarrheal disease,2.76936318431829e-05,DALY/capita,Human Capital,Health and well-being,"HEALTH | VI — IHME GBD 2019, Valuing Impact"
Italy,ITA,Europe & Central Asia,High income,3349.6,wash_handwashing_respiratory,WASH,No handwashing — lower respiratory infections,2.3460070892953402e-05,DALY/capita,Human Capital,Health and well-being,"HEALTH | VI — IHME GBD 2019, Valuing Impact"
Italy,ITA,Europe & Central Asia,High income,3349.6,ohs_secondhand_smoke,OHS,Second-hand smoke — all causes,0.0032464635393959704,DALY/capita,Human Capital,Health and well-being,"HEALTH | VI — IHME GBD 2019, Valuing Impact"
Italy,ITA,Europe & Central Asia,High income,3349.6,ohs_occupational_pm,OHS,Occupational PM/gases/fumes — all causes,0.000705811982229275,DALY/capita,Human Capital,Health and well-being,"HEALTH | VI — IHME GBD 2019, Valuing Impact"
Italy,ITA,Europe & Central Asia,High income,3349.6,ohs_occupational_injuries,OHS,Occupational injuries — all causes,0.00194584848616612,DALY/capita,Human Capital,Health and well-being,"HEALTH | VI — IHME GBD 2019, Valuing Impact"
Italy,ITA,Europe & Central Asia,High income,3349.6,diet_processed_meat,Diet,Diet high in processed meat,0.00319214577970461,DALY/capita,Human Capital,Health and well-being,"HEALTH | VI — IHME GBD 2019, Valuing Impact"
Italy,ITA,Europe & Central Asia,High income,3349.6,diet_red_meat,Diet,Diet high in red meat,0.00463263874587888,DALY/capita,Human Capital,Health and well-being,"HEALTH | VI — IHME GBD 2019, Valuing Impact"
Italy,ITA,Europe & Central Asia,High income,3349.6,diet_sodium,Diet,Diet high in sodium,0.00316722190663444,DALY/capita,Human Capital,Health and well-being,"HEALTH | VI — IHME GBD 2019, Valuing Impact"
Italy,ITA,Europe & Central Asia,High income,3349.6,diet_sugary_beverages,Diet,Diet high in sugar-sweetened beverages,0.0009306964146095309,DALY/capita,Human Capital,Health and well-being,"HEALTH | VI — IHME GBD 2019, Valuing Impact"
Italy,ITA,Europe & Central Asia,High income,3349.6,diet_trans_fats,Diet,Diet high in trans fats,0.000827560600346,DALY/capita,Human Capital,Health and well-being,"HEALTH | VI — IHME GBD 2019, Valuing Impact"
Italy,ITA,Europe & Central Asia,High income,3349.6,diet_low_vegetables,Diet,Diet low in vegetables,0.00089400008360505,DALY/capita,Human Capital,Health and well-being,"HEALTH | VI — IHME GBD 2019, Valuing Impact"
Italy,ITA,Europe & Central Asia,High income,3349.6,diet_low_whole_grains,Diet,Diet low in whole grains,0.008250628406347799,DALY/capita,Human Capital,Health and well-being,"HEALTH | VI — IHME GBD 2019, Valuing Impact"
Italy,ITA,Europe & Central Asia,High income,3349.6,diet_risks_total,Diet,Dietary risks — aggregate,0.023667521642994602,DALY/capita,Human Capital,Health and well-being,"HEALTH | VI — IHME GBD 2019, Valuing Impact"
Italy,ITA,Europe & Central Asia,High income,3349.6,smoking,Lifestyle,Smoking — all causes,0.0341617925812811,DALY/capita,Human Capital,Health and well-being,"HEALTH | VI — IHME GBD 2019, Valuing Impact"
Jamaica,JAM,Latin America & Caribbean,Upper middle income,372.45,wash_handwashing_diarrheal,WASH,No handwashing facility — diarrheal disease,0.00031215158006981,DALY/capita,Human Capital,Health and well-being,"HEALTH | VI — IHME GBD 2019, Valuing Impact"
Jamaica,JAM,Latin America & Caribbean,Upper middle income,372.45,wash_sanitation_diarrheal,WASH,Unsafe sanitation — diarrheal disease,0.000646389338320502,DALY/capita,Human Capital,Health and well-being,"HEALTH | VI — IHME GBD 2019, Valuing Impact"
Jamaica,JAM,Latin America & Caribbean,Upper middle income,372.45,wash_water_diarrheal,WASH,Unsafe water source — diarrheal disease,0.0013572278587977299,DALY/capita,Human Capital,Health and well-being,"HEALTH | VI — IHME GBD 2019, Valuing Impact"
Jamaica,JAM,Latin America & Caribbean,Upper middle income,372.45,wash_handwashing_respiratory,WASH,No handwashing — lower respiratory infections,0.000374709737138278,DALY/capita,Human Capital,Health and well-being,"HEALTH | VI — IHME GBD 2019, Valuing Impact"
Jamaica,JAM,Latin America & Caribbean,Upper middle income,372.45,ohs_secondhand_smoke,OHS,Second-hand smoke — all causes,0.00328633992786831,DALY/capita,Human Capital,Health and well-being,"HEALTH | VI — IHME GBD 2019, Valuing Impact"
Jamaica,JAM,Latin America & Caribbean,Upper middle income,372.45,ohs_occupational_pm,OHS,Occupational PM/gases/fumes — all causes,0.000610564595520443,DALY/capita,Human Capital,Health and well-being,"HEALTH | VI — IHME GBD 2019, Valuing Impact"
Jamaica,JAM,Latin America & Caribbean,Upper middle income,372.45,ohs_occupational_injuries,OHS,Occupational injuries — all causes,0.00156011641735133,DALY/capita,Human Capital,Health and well-being,"HEALTH | VI — IHME GBD 2019, Valuing Impact"
Jamaica,JAM,Latin America & Caribbean,Upper middle income,372.45,diet_processed_meat,Diet,Diet high in processed meat,0.000994458163014334,DALY/capita,Human Capital,Health and well-being,"HEALTH | VI — IHME GBD 2019, Valuing Impact"
Jamaica,JAM,Latin America & Caribbean,Upper middle income,372.45,diet_red_meat,Diet,Diet high in red meat,0.001894569364582,DALY/capita,Human Capital,Health and well-being,"HEALTH | VI — IHME GBD 2019, Valuing Impact"
Jamaica,JAM,Latin America & Caribbean,Upper middle income,372.45,diet_sodium,Diet,Diet high in sodium,0.0022069779757095303,DALY/capita,Human Capital,Health and well-being,"HEALTH | VI — IHME GBD 2019, Valuing Impact"
Jamaica,JAM,Latin America & Caribbean,Upper middle income,372.45,diet_sugary_beverages,Diet,Diet high in sugar-sweetened beverages,0.000957735571133973,DALY/capita,Human Capital,Health and well-being,"HEALTH | VI — IHME GBD 2019, Valuing Impact"
Jamaica,JAM,Latin America & Caribbean,Upper middle income,372.45,diet_trans_fats,Diet,Diet high in trans fats,0.000700719472209408,DALY/capita,Human Capital,Health and well-being,"HEALTH | VI — IHME GBD 2019, Valuing Impact"
Jamaica,JAM,Latin America & Caribbean,Upper middle income,372.45,diet_low_vegetables,Diet,Diet low in vegetables,0.0015997144378248,DALY/capita,Human Capital,Health and well-being,"HEALTH | VI — IHME GBD 2019, Valuing Impact"
Jamaica,JAM,Latin America & Caribbean,Upper middle income,372.45,diet_low_whole_grains,Diet,Diet low in whole grains,0.0049221434585987,DALY/capita,Human Capital,Health and well-being,"HEALTH | VI — IHME GBD 2019, Valuing Impact"
Jamaica,JAM,Latin America & Caribbean,Upper middle income,372.45,diet_risks_total,Diet,Dietary risks — aggregate,0.01741978208925,DALY/capita,Human Capital,Health and well-being,"HEALTH | VI — IHME GBD 2019, Valuing Impact"
Jamaica,JAM,Latin America & Caribbean,Upper middle income,372.45,smoking,Lifestyle,Smoking — all causes,0.016314605002988702,DALY/capita,Human Capital,Health and well-being,"HEALTH | VI — IHME GBD 2019, Valuing Impact"
Jordan,JOR,Middle East & North Africa,Lower middle income,299.07,wash_handwashing_diarrheal,WASH,No handwashing facility — diarrheal disease,0.000121572318853675,DALY/capita,Human Capital,Health and well-being,"HEALTH | VI — IHME GBD 2019, Valuing Impact"
Jordan,JOR,Middle East & North Africa,Lower middle income,299.07,wash_sanitation_diarrheal,WASH,Unsafe sanitation — diarrheal disease,0.000105439276756048,DALY/capita,Human Capital,Health and well-being,"HEALTH | VI — IHME GBD 2019, Valuing Impact"
Jordan,JOR,Middle East & North Africa,Lower middle income,299.07,wash_water_diarrheal,WASH,Unsafe water source — diarrheal disease,0.000776707349335071,DALY/capita,Human Capital,Health and well-being,"HEALTH | VI — IHME GBD 2019, Valuing Impact"
Jordan,JOR,Middle East & North Africa,Lower middle income,299.07,wash_handwashing_respiratory,WASH,No handwashing — lower respiratory infections,0.000170811980464086,DALY/capita,Human Capital,Health and well-being,"HEALTH | VI — IHME GBD 2019, Valuing Impact"
Jordan,JOR,Middle East & North Africa,Lower middle income,299.07,ohs_secondhand_smoke,OHS,Second-hand smoke — all causes,0.00313037657128521,DALY/capita,Human Capital,Health and well-being,"HEALTH | VI — IHME GBD 2019, Valuing Impact"
Jordan,JOR,Middle East & North Africa,Lower middle income,299.07,ohs_occupational_pm,OHS,Occupational PM/gases/fumes — all causes,0.000168953220098009,DALY/capita,Human Capital,Health and well-being,"HEALTH | VI — IHME GBD 2019, Valuing Impact"
Jordan,JOR,Middle East & North Africa,Lower middle income,299.07,ohs_occupational_injuries,OHS,Occupational injuries — all causes,0.000976318178977596,DALY/capita,Human Capital,Health and well-being,"HEALTH | VI — IHME GBD 2019, Valuing Impact"
Jordan,JOR,Middle East & North Africa,Lower middle income,299.07,diet_processed_meat,Diet,Diet high in processed meat,0.00033037025096460904,DALY/capita,Human Capital,Health and well-being,"HEALTH | VI — IHME GBD 2019, Valuing Impact"
Jordan,JOR,Middle East & North Africa,Lower middle income,299.07,diet_red_meat,Diet,Diet high in red meat,0.0011187976589887801,DALY/capita,Human Capital,Health and well-being,"HEALTH | VI — IHME GBD 2019, Valuing Impact"
Jordan,JOR,Middle East & North Africa,Lower middle income,299.07,diet_sodium,Diet,Diet high in sodium,0.000672600019375896,DALY/capita,Human Capital,Health and well-being,"HEALTH | VI — IHME GBD 2019, Valuing Impact"
Jordan,JOR,Middle East & North Africa,Lower middle income,299.07,diet_sugary_beverages,Diet,Diet high in sugar-sweetened beverages,0.00044375293442188004,DALY/capita,Human Capital,Health and well-being,"HEALTH | VI — IHME GBD 2019, Valuing Impact"
Jordan,JOR,Middle East & North Africa,Lower middle income,299.07,diet_trans_fats,Diet,Diet high in trans fats,0.000988822541436679,DALY/capita,Human Capital,Health and well-being,"HEALTH | VI — IHME GBD 2019, Valuing Impact"
Jordan,JOR,Middle East & North Africa,Lower middle income,299.07,diet_low_vegetables,Diet,Diet low in vegetables,0.0006898687946299659,DALY/capita,Human Capital,Health and well-being,"HEALTH | VI — IHME GBD 2019, Valuing Impact"
Jordan,JOR,Middle East & North Africa,Lower middle income,299.07,diet_low_whole_grains,Diet,Diet low in whole grains,0.004924536862541831,DALY/capita,Human Capital,Health and well-being,"HEALTH | VI — IHME GBD 2019, Valuing Impact"
Jordan,JOR,Middle East & North Africa,Lower middle income,299.07,diet_risks_total,Diet,Dietary risks — aggregate,0.011440840162408001,DALY/capita,Human Capital,Health and well-being,"HEALTH | VI — IHME GBD 2019, Valuing Impact"
Jordan,JOR,Middle East & North Africa,Lower middle income,299.07,smoking,Lifestyle,Smoking — all causes,0.0138259789034588,DALY/capita,Human Capital,Health and well-being,"HEALTH | VI — IHME GBD 2019, Valuing Impact"
Japan,JPN,East Asia & Pacific,High income,4347.34,wash_handwashing_diarrheal,WASH,No handwashing facility — diarrheal disease,1.6175994203209e-05,DALY/capita,Human Capital,Health and well-being,"HEALTH | VI — IHME GBD 2019, Valuing Impact"
Japan,JPN,East Asia & Pacific,High income,4347.34,wash_sanitation_diarrheal,WASH,Unsafe sanitation — diarrheal disease,1.46729908290887e-05,DALY/capita,Human Capital,Health and well-being,"HEALTH | VI — IHME GBD 2019, Valuing Impact"
Japan,JPN,East Asia & Pacific,High income,4347.34,wash_water_diarrheal,WASH,Unsafe water source — diarrheal disease,7.78411884599325e-05,DALY/capita,Human Capital,Health and well-being,"HEALTH | VI — IHME GBD 2019, Valuing Impact"
Japan,JPN,East Asia & Pacific,High income,4347.34,wash_handwashing_respiratory,WASH,No handwashing — lower respiratory infections,0.000184751375626719,DALY/capita,Human Capital,Health and well-being,"HEALTH | VI — IHME GBD 2019, Valuing Impact"
Japan,JPN,East Asia & Pacific,High income,4347.34,ohs_secondhand_smoke,OHS,Second-hand smoke — all causes,0.00255665962596723,DALY/capita,Human Capital,Health and well-being,"HEALTH | VI — IHME GBD 2019, Valuing Impact"
Japan,JPN,East Asia & Pacific,High income,4347.34,ohs_occupational_pm,OHS,Occupational PM/gases/fumes — all causes,0.000714624092120268,DALY/capita,Human Capital,Health and well-being,"HEALTH | VI — IHME GBD 2019, Valuing Impact"
Japan,JPN,East Asia & Pacific,High income,4347.34,ohs_occupational_injuries,OHS,Occupational injuries — all causes,0.00180664380800721,DALY/capita,Human Capital,Health and well-being,"HEALTH | VI — IHME GBD 2019, Valuing Impact"
Japan,JPN,East Asia & Pacific,High income,4347.34,diet_processed_meat,Diet,Diet high in processed meat,0.00183463731432161,DALY/capita,Human Capital,Health and well-being,"HEALTH | VI — IHME GBD 2019, Valuing Impact"
Japan,JPN,East Asia & Pacific,High income,4347.34,diet_red_meat,Diet,Diet high in red meat,0.00195203757514251,DALY/capita,Human Capital,Health and well-being,"HEALTH | VI — IHME GBD 2019, Valuing Impact"
Japan,JPN,East Asia & Pacific,High income,4347.34,diet_sodium,Diet,Diet high in sodium,0.0048330585688741295,DALY/capita,Human Capital,Health and well-being,"HEALTH | VI — IHME GBD 2019, Valuing Impact"
Japan,JPN,East Asia & Pacific,High income,4347.34,diet_sugary_beverages,Diet,Diet high in sugar-sweetened beverages,0.00054220242938701,DALY/capita,Human Capital,Health and well-being,"HEALTH | VI — IHME GBD 2019, Valuing Impact"
Japan,JPN,East Asia & Pacific,High income,4347.34,diet_trans_fats,Diet,Diet high in trans fats,0.00075054922503046,DALY/capita,Human Capital,Health and well-being,"HEALTH | VI — IHME GBD 2019, Valuing Impact"
Japan,JPN,East Asia & Pacific,High income,4347.34,diet_low_vegetables,Diet,Diet low in vegetables,0.000388084386615486,DALY/capita,Human Capital,Health and well-being,"HEALTH | VI — IHME GBD 2019, Valuing Impact"
Japan,JPN,East Asia & Pacific,High income,4347.34,diet_low_whole_grains,Diet,Diet low in whole grains,0.0040102377667333,DALY/capita,Human Capital,Health and well-being,"HEALTH | VI — IHME GBD 2019, Valuing Impact"
Japan,JPN,East Asia & Pacific,High income,4347.34,diet_risks_total,Diet,Dietary risks — aggregate,0.0189588341486247,DALY/capita,Human Capital,Health and well-being,"HEALTH | VI — IHME GBD 2019, Valuing Impact"
Japan,JPN,East Asia & Pacific,High income,4347.34,smoking,Lifestyle,Smoking — all causes,0.0329718560519291,DALY/capita,Human Capital,Health and well-being,"HEALTH | VI — IHME GBD 2019, Valuing Impact"
Kazakhstan,KAZ,Europe & Central Asia,Upper middle income,402.98,wash_handwashing_diarrheal,WASH,No handwashing facility — diarrheal disease,8.036651151319241e-05,DALY/capita,Human Capital,Health and well-being,"HEALTH | VI — IHME GBD 2019, Valuing Impact"
Kazakhstan,KAZ,Europe & Central Asia,Upper middle income,402.98,wash_sanitation_diarrheal,WASH,Unsafe sanitation — diarrheal disease,0.000606544947188277,DALY/capita,Human Capital,Health and well-being,"HEALTH | VI — IHME GBD 2019, Valuing Impact"
Kazakhstan,KAZ,Europe & Central Asia,Upper middle income,402.98,wash_water_diarrheal,WASH,Unsafe water source — diarrheal disease,0.0007362581430476369,DALY/capita,Human Capital,Health and well-being,"HEALTH | VI — IHME GBD 2019, Valuing Impact"
Kazakhstan,KAZ,Europe & Central Asia,Upper middle income,402.98,wash_handwashing_respiratory,WASH,No handwashing — lower respiratory infections,0.000282743966258621,DALY/capita,Human Capital,Health and well-being,"HEALTH | VI — IHME GBD 2019, Valuing Impact"
Kazakhstan,KAZ,Europe & Central Asia,Upper middle income,402.98,ohs_secondhand_smoke,OHS,Second-hand smoke — all causes,0.00560688815768818,DALY/capita,Human Capital,Health and well-being,"HEALTH | VI — IHME GBD 2019, Valuing Impact"
Kazakhstan,KAZ,Europe & Central Asia,Upper middle income,402.98,ohs_occupational_pm,OHS,Occupational PM/gases/fumes — all causes,0.0016730854259255198,DALY/capita,Human Capital,Health and well-being,"HEALTH | VI — IHME GBD 2019, Valuing Impact"
Kazakhstan,KAZ,Europe & Central Asia,Upper middle income,402.98,ohs_occupational_injuries,OHS,Occupational injuries — all causes,0.00222716183218153,DALY/capita,Human Capital,Health and well-being,"HEALTH | VI — IHME GBD 2019, Valuing Impact"
Kazakhstan,KAZ,Europe & Central Asia,Upper middle income,402.98,diet_processed_meat,Diet,Diet high in processed meat,0.00228692223227553,DALY/capita,Human Capital,Health and well-being,"HEALTH | VI — IHME GBD 2019, Valuing Impact"
Kazakhstan,KAZ,Europe & Central Asia,Upper middle income,402.98,diet_red_meat,Diet,Diet high in red meat,0.00814458660667125,DALY/capita,Human Capital,Health and well-being,"HEALTH | VI — IHME GBD 2019, Valuing Impact"
Kazakhstan,KAZ,Europe & Central Asia,Upper middle income,402.98,diet_sodium,Diet,Diet high in sodium,0.005851663368204881,DALY/capita,Human Capital,Health and well-being,"HEALTH | VI — IHME GBD 2019, Valuing Impact"
Kazakhstan,KAZ,Europe & Central Asia,Upper middle income,402.98,diet_sugary_beverages,Diet,Diet high in sugar-sweetened beverages,0.00109090973837124,DALY/capita,Human Capital,Health and well-being,"HEALTH | VI — IHME GBD 2019, Valuing Impact"
Kazakhstan,KAZ,Europe & Central Asia,Upper middle income,402.98,diet_trans_fats,Diet,Diet high in trans fats,0.00141091110089506,DALY/capita,Human Capital,Health and well-being,"HEALTH | VI — IHME GBD 2019, Valuing Impact"
Kazakhstan,KAZ,Europe & Central Asia,Upper middle income,402.98,diet_low_vegetables,Diet,Diet low in vegetables,0.000310287965465707,DALY/capita,Human Capital,Health and well-being,"HEALTH | VI — IHME GBD 2019, Valuing Impact"
Kazakhstan,KAZ,Europe & Central Asia,Upper middle income,402.98,diet_low_whole_grains,Diet,Diet low in whole grains,0.0113630501118435,DALY/capita,Human Capital,Health and well-being,"HEALTH | VI — IHME GBD 2019, Valuing Impact"
Kazakhstan,KAZ,Europe & Central Asia,Upper middle income,402.98,diet_risks_total,Diet,Dietary risks — aggregate,0.0362147618096059,DALY/capita,Human Capital,Health and well-being,"HEALTH | VI — IHME GBD 2019, Valuing Impact"
Kazakhstan,KAZ,Europe & Central Asia,Upper middle income,402.98,smoking,Lifestyle,Smoking — all causes,0.032787509615766,DALY/capita,Human Capital,Health and well-being,"HEALTH | VI — IHME GBD 2019, Valuing Impact"
Kenya,KEN,Sub-Saharan Africa,Lower middle income,94.67,wash_handwashing_diarrheal,WASH,No handwashing facility — diarrheal disease,0.00748869449095631,DALY/capita,Human Capital,Health and well-being,"HEALTH | VI — IHME GBD 2019, Valuing Impact"
Kenya,KEN,Sub-Saharan Africa,Lower middle income,94.67,wash_sanitation_diarrheal,WASH,Unsafe sanitation — diarrheal disease,0.0141088134223687,DALY/capita,Human Capital,Health and well-being,"HEALTH | VI — IHME GBD 2019, Valuing Impact"
Kenya,KEN,Sub-Saharan Africa,Lower middle income,94.67,wash_water_diarrheal,WASH,Unsafe water source — diarrheal disease,0.0191259900381212,DALY/capita,Human Capital,Health and well-being,"HEALTH | VI — IHME GBD 2019, Valuing Impact"
Kenya,KEN,Sub-Saharan Africa,Lower middle income,94.67,wash_handwashing_respiratory,WASH,No handwashing — lower respiratory infections,0.00436397142867171,DALY/capita,Human Capital,Health and well-being,"HEALTH | VI — IHME GBD 2019, Valuing Impact"
Kenya,KEN,Sub-Saharan Africa,Lower middle income,94.67,ohs_secondhand_smoke,OHS,Second-hand smoke — all causes,0.00149553138650664,DALY/capita,Human Capital,Health and well-being,"HEALTH | VI — IHME GBD 2019, Valuing Impact"
Kenya,KEN,Sub-Saharan Africa,Lower middle income,94.67,ohs_occupational_pm,OHS,Occupational PM/gases/fumes — all causes,0.000598807266727326,DALY/capita,Human Capital,Health and well-being,"HEALTH | VI — IHME GBD 2019, Valuing Impact"
Kenya,KEN,Sub-Saharan Africa,Lower middle income,94.67,ohs_occupational_injuries,OHS,Occupational injuries — all causes,0.0032788564077715,DALY/capita,Human Capital,Health and well-being,"HEALTH | VI — IHME GBD 2019, Valuing Impact"
Kenya,KEN,Sub-Saharan Africa,Lower middle income,94.67,diet_processed_meat,Diet,Diet high in processed meat,0.000308253782813781,DALY/capita,Human Capital,Health and well-being,"HEALTH | VI — IHME GBD 2019, Valuing Impact"
Kenya,KEN,Sub-Saharan Africa,Lower middle income,94.67,diet_red_meat,Diet,Diet high in red meat,0.000938625100016046,DALY/capita,Human Capital,Health and well-being,"HEALTH | VI — IHME GBD 2019, Valuing Impact"
Kenya,KEN,Sub-Saharan Africa,Lower middle income,94.67,diet_sodium,Diet,Diet high in sodium,0.00137498303862209,DALY/capita,Human Capital,Health and well-being,"HEALTH | VI — IHME GBD 2019, Valuing Impact"
Kenya,KEN,Sub-Saharan Africa,Lower middle income,94.67,diet_sugary_beverages,Diet,Diet high in sugar-sweetened beverages,0.000310899605891552,DALY/capita,Human Capital,Health and well-being,"HEALTH | VI — IHME GBD 2019, Valuing Impact"
Kenya,KEN,Sub-Saharan Africa,Lower middle income,94.67,diet_trans_fats,Diet,Diet high in trans fats,0.000341872561075429,DALY/capita,Human Capital,Health and well-being,"HEALTH | VI — IHME GBD 2019, Valuing Impact"
Kenya,KEN,Sub-Saharan Africa,Lower middle income,94.67,diet_low_vegetables,Diet,Diet low in vegetables,0.00120575911502028,DALY/capita,Human Capital,Health and well-being,"HEALTH | VI — IHME GBD 2019, Valuing Impact"
Kenya,KEN,Sub-Saharan Africa,Lower middle income,94.67,diet_low_whole_grains,Diet,Diet low in whole grains,0.00154512946325293,DALY/capita,Human Capital,Health and well-being,"HEALTH | VI — IHME GBD 2019, Valuing Impact"
Kenya,KEN,Sub-Saharan Africa,Lower middle income,94.67,diet_risks_total,Diet,Dietary risks — aggregate,0.00812182924511878,DALY/capita,Human Capital,Health and well-being,"HEALTH | VI — IHME GBD 2019, Valuing Impact"
Kenya,KEN,Sub-Saharan Africa,Lower middle income,94.67,smoking,Lifestyle,Smoking — all causes,0.0065461507575494,DALY/capita,Human Capital,Health and well-being,"HEALTH | VI — IHME GBD 2019, Valuing Impact"
Kyrgyz Republic,KGZ,Europe & Central Asia,Lower middle income,72.85,wash_handwashing_diarrheal,WASH,No handwashing facility — diarrheal disease,0.000162541924542975,DALY/capita,Human Capital,Health and well-being,"HEALTH | VI — IHME GBD 2019, Valuing Impact"
Kyrgyz Republic,KGZ,Europe & Central Asia,Lower middle income,72.85,wash_sanitation_diarrheal,WASH,Unsafe sanitation — diarrheal disease,0.0015671759809470001,DALY/capita,Human Capital,Health and well-being,"HEALTH | VI — IHME GBD 2019, Valuing Impact"
Kyrgyz Republic,KGZ,Europe & Central Asia,Lower middle income,72.85,wash_water_diarrheal,WASH,Unsafe water source — diarrheal disease,0.00155470266343795,DALY/capita,Human Capital,Health and well-being,"HEALTH | VI — IHME GBD 2019, Valuing Impact"
Kyrgyz Republic,KGZ,Europe & Central Asia,Lower middle income,72.85,wash_handwashing_respiratory,WASH,No handwashing — lower respiratory infections,0.00029752177490291297,DALY/capita,Human Capital,Health and well-being,"HEALTH | VI — IHME GBD 2019, Valuing Impact"
Kyrgyz Republic,KGZ,Europe & Central Asia,Lower middle income,72.85,ohs_secondhand_smoke,OHS,Second-hand smoke — all causes,0.00549429963307201,DALY/capita,Human Capital,Health and well-being,"HEALTH | VI — IHME GBD 2019, Valuing Impact"
Kyrgyz Republic,KGZ,Europe & Central Asia,Lower middle income,72.85,ohs_occupational_pm,OHS,Occupational PM/gases/fumes — all causes,0.000773971543110824,DALY/capita,Human Capital,Health and well-being,"HEALTH | VI — IHME GBD 2019, Valuing Impact"
Kyrgyz Republic,KGZ,Europe & Central Asia,Lower middle income,72.85,ohs_occupational_injuries,OHS,Occupational injuries — all causes,0.00151104837911076,DALY/capita,Human Capital,Health and well-being,"HEALTH | VI — IHME GBD 2019, Valuing Impact"
Kyrgyz Republic,KGZ,Europe & Central Asia,Lower middle income,72.85,diet_processed_meat,Diet,Diet high in processed meat,0.00138802718379479,DALY/capita,Human Capital,Health and well-being,"HEALTH | VI — IHME GBD 2019, Valuing Impact"
Kyrgyz Republic,KGZ,Europe & Central Asia,Lower middle income,72.85,diet_red_meat,Diet,Diet high in red meat,0.003999718524155729,DALY/capita,Human Capital,Health and well-being,"HEALTH | VI — IHME GBD 2019, Valuing Impact"
Kyrgyz Republic,KGZ,Europe & Central Asia,Lower middle income,72.85,diet_sodium,Diet,Diet high in sodium,0.00398642852780949,DALY/capita,Human Capital,Health and well-being,"HEALTH | VI — IHME GBD 2019, Valuing Impact"
Kyrgyz Republic,KGZ,Europe & Central Asia,Lower middle income,72.85,diet_sugary_beverages,Diet,Diet high in sugar-sweetened beverages,0.000566049016131094,DALY/capita,Human Capital,Health and well-being,"HEALTH | VI — IHME GBD 2019, Valuing Impact"
Kyrgyz Republic,KGZ,Europe & Central Asia,Lower middle income,72.85,diet_trans_fats,Diet,Diet high in trans fats,0.0019842066919944197,DALY/capita,Human Capital,Health and well-being,"HEALTH | VI — IHME GBD 2019, Valuing Impact"
Kyrgyz Republic,KGZ,Europe & Central Asia,Lower middle income,72.85,diet_low_vegetables,Diet,Diet low in vegetables,0.000505527619121953,DALY/capita,Human Capital,Health and well-being,"HEALTH | VI — IHME GBD 2019, Valuing Impact"
Kyrgyz Republic,KGZ,Europe & Central Asia,Lower middle income,72.85,diet_low_whole_grains,Diet,Diet low in whole grains,0.00937998341842743,DALY/capita,Human Capital,Health and well-being,"HEALTH | VI — IHME GBD 2019, Valuing Impact"
Kyrgyz Republic,KGZ,Europe & Central Asia,Lower middle income,72.85,diet_risks_total,Diet,Dietary risks — aggregate,0.028026840860962996,DALY/capita,Human Capital,Health and well-being,"HEALTH | VI — IHME GBD 2019, Valuing Impact"
Kyrgyz Republic,KGZ,Europe & Central Asia,Lower middle income,72.85,smoking,Lifestyle,Smoking — all causes,0.023046751566491098,DALY/capita,Human Capital,Health and well-being,"HEALTH | VI — IHME GBD 2019, Valuing Impact"
Cambodia,KHM,East Asia & Pacific,Lower middle income,122.42,wash_handwashing_diarrheal,WASH,No handwashing facility — diarrheal disease,0.000640578859807461,DALY/capita,Human Capital,Health and well-being,"HEALTH | VI — IHME GBD 2019, Valuing Impact"
Cambodia,KHM,East Asia & Pacific,Lower middle income,122.42,wash_sanitation_diarrheal,WASH,Unsafe sanitation — diarrheal disease,0.0022181981037696498,DALY/capita,Human Capital,Health and well-being,"HEALTH | VI — IHME GBD 2019, Valuing Impact"
Cambodia,KHM,East Asia & Pacific,Lower middle income,122.42,wash_water_diarrheal,WASH,Unsafe water source — diarrheal disease,0.00373374857718759,DALY/capita,Human Capital,Health and well-being,"HEALTH | VI — IHME GBD 2019, Valuing Impact"
Cambodia,KHM,East Asia & Pacific,Lower middle income,122.42,wash_handwashing_respiratory,WASH,No handwashing — lower respiratory infections,0.00256238928904116,DALY/capita,Human Capital,Health and well-being,"HEALTH | VI — IHME GBD 2019, Valuing Impact"
Cambodia,KHM,East Asia & Pacific,Lower middle income,122.42,ohs_secondhand_smoke,OHS,Second-hand smoke — all causes,0.00769833634107519,DALY/capita,Human Capital,Health and well-being,"HEALTH | VI — IHME GBD 2019, Valuing Impact"
Cambodia,KHM,East Asia & Pacific,Lower middle income,122.42,ohs_occupational_pm,OHS,Occupational PM/gases/fumes — all causes,0.00115262125087012,DALY/capita,Human Capital,Health and well-being,"HEALTH | VI — IHME GBD 2019, Valuing Impact"
Cambodia,KHM,East Asia & Pacific,Lower middle income,122.42,ohs_occupational_injuries,OHS,Occupational injuries — all causes,0.00439755788471852,DALY/capita,Human Capital,Health and well-being,"HEALTH | VI — IHME GBD 2019, Valuing Impact"
Cambodia,KHM,East Asia & Pacific,Lower middle income,122.42,diet_processed_meat,Diet,Diet high in processed meat,0.000239880743037346,DALY/capita,Human Capital,Health and well-being,"HEALTH | VI — IHME GBD 2019, Valuing Impact"
Cambodia,KHM,East Asia & Pacific,Lower middle income,122.42,diet_red_meat,Diet,Diet high in red meat,0.00181293619233556,DALY/capita,Human Capital,Health and well-being,"HEALTH | VI — IHME GBD 2019, Valuing Impact"
Cambodia,KHM,East Asia & Pacific,Lower middle income,122.42,diet_sodium,Diet,Diet high in sodium,0.00566450579722031,DALY/capita,Human Capital,Health and well-being,"HEALTH | VI — IHME GBD 2019, Valuing Impact"
Cambodia,KHM,East Asia & Pacific,Lower middle income,122.42,diet_sugary_beverages,Diet,Diet high in sugar-sweetened beverages,0.00047349986403637305,DALY/capita,Human Capital,Health and well-being,"HEALTH | VI — IHME GBD 2019, Valuing Impact"
Cambodia,KHM,East Asia & Pacific,Lower middle income,122.42,diet_trans_fats,Diet,Diet high in trans fats,0.000822096628433586,DALY/capita,Human Capital,Health and well-being,"HEALTH | VI — IHME GBD 2019, Valuing Impact"
Cambodia,KHM,East Asia & Pacific,Lower middle income,122.42,diet_low_vegetables,Diet,Diet low in vegetables,0.00333722490032434,DALY/capita,Human Capital,Health and well-being,"HEALTH | VI — IHME GBD 2019, Valuing Impact"
Cambodia,KHM,East Asia & Pacific,Lower middle income,122.42,diet_low_whole_grains,Diet,Diet low in whole grains,0.00219125755467391,DALY/capita,Human Capital,Health and well-being,"HEALTH | VI — IHME GBD 2019, Valuing Impact"
Cambodia,KHM,East Asia & Pacific,Lower middle income,122.42,diet_risks_total,Diet,Dietary risks — aggregate,0.021900952241740903,DALY/capita,Human Capital,Health and well-being,"HEALTH | VI — IHME GBD 2019, Valuing Impact"
Cambodia,KHM,East Asia & Pacific,Lower middle income,122.42,smoking,Lifestyle,Smoking — all causes,0.026905768136361398,DALY/capita,Human Capital,Health and well-being,"HEALTH | VI — IHME GBD 2019, Valuing Impact"
Kiribati,KIR,East Asia & Pacific,Lower middle income,261.53,wash_handwashing_diarrheal,WASH,No handwashing facility — diarrheal disease,0.00165661985924163,DALY/capita,Human Capital,Health and well-being,"HEALTH | VI — IHME GBD 2019, Valuing Impact"
Kiribati,KIR,East Asia & Pacific,Lower middle income,261.53,wash_sanitation_diarrheal,WASH,Unsafe sanitation — diarrheal disease,0.00818895788933067,DALY/capita,Human Capital,Health and well-being,"HEALTH | VI — IHME GBD 2019, Valuing Impact"
Kiribati,KIR,East Asia & Pacific,Lower middle income,261.53,wash_water_diarrheal,WASH,Unsafe water source — diarrheal disease,0.012959431246300801,DALY/capita,Human Capital,Health and well-being,"HEALTH | VI — IHME GBD 2019, Valuing Impact"
Kiribati,KIR,East Asia & Pacific,Lower middle income,261.53,wash_handwashing_respiratory,WASH,No handwashing — lower respiratory infections,0.0009045338399563179,DALY/capita,Human Capital,Health and well-being,"HEALTH | VI — IHME GBD 2019, Valuing Impact"
Kiribati,KIR,East Asia & Pacific,Lower middle income,261.53,ohs_secondhand_smoke,OHS,Second-hand smoke — all causes,0.0158106376426938,DALY/capita,Human Capital,Health and well-being,"HEALTH | VI — IHME GBD 2019, Valuing Impact"
Kiribati,KIR,East Asia & Pacific,Lower middle income,261.53,ohs_occupational_pm,OHS,Occupational PM/gases/fumes — all causes,0.000380253091836392,DALY/capita,Human Capital,Health and well-being,"HEALTH | VI — IHME GBD 2019, Valuing Impact"
Kiribati,KIR,East Asia & Pacific,Lower middle income,261.53,ohs_occupational_injuries,OHS,Occupational injuries — all causes,0.00226754271339594,DALY/capita,Human Capital,Health and well-being,"HEALTH | VI — IHME GBD 2019, Valuing Impact"
Kiribati,KIR,East Asia & Pacific,Lower middle income,261.53,diet_processed_meat,Diet,Diet high in processed meat,0.00135581363542961,DALY/capita,Human Capital,Health and well-being,"HEALTH | VI — IHME GBD 2019, Valuing Impact"
Kiribati,KIR,East Asia & Pacific,Lower middle income,261.53,diet_red_meat,Diet,Diet high in red meat,0.00539587388732246,DALY/capita,Human Capital,Health and well-being,"HEALTH | VI — IHME GBD 2019, Valuing Impact"
Kiribati,KIR,East Asia & Pacific,Lower middle income,261.53,diet_sodium,Diet,Diet high in sodium,0.00651370833736621,DALY/capita,Human Capital,Health and well-being,"HEALTH | VI — IHME GBD 2019, Valuing Impact"
Kiribati,KIR,East Asia & Pacific,Lower middle income,261.53,diet_sugary_beverages,Diet,Diet high in sugar-sweetened beverages,0.0014778326587728799,DALY/capita,Human Capital,Health and well-being,"HEALTH | VI — IHME GBD 2019, Valuing Impact"
Kiribati,KIR,East Asia & Pacific,Lower middle income,261.53,diet_trans_fats,Diet,Diet high in trans fats,0.0026126671683919397,DALY/capita,Human Capital,Health and well-being,"HEALTH | VI — IHME GBD 2019, Valuing Impact"
Kiribati,KIR,East Asia & Pacific,Lower middle income,261.53,diet_low_vegetables,Diet,Diet low in vegetables,0.00835105756741882,DALY/capita,Human Capital,Health and well-being,"HEALTH | VI — IHME GBD 2019, Valuing Impact"
Kiribati,KIR,East Asia & Pacific,Lower middle income,261.53,diet_low_whole_grains,Diet,Diet low in whole grains,0.0130668334977167,DALY/capita,Human Capital,Health and well-being,"HEALTH | VI — IHME GBD 2019, Valuing Impact"
Kiribati,KIR,East Asia & Pacific,Lower middle income,261.53,diet_risks_total,Diet,Dietary risks — aggregate,0.049152685353012406,DALY/capita,Human Capital,Health and well-being,"HEALTH | VI — IHME GBD 2019, Valuing Impact"
Kiribati,KIR,East Asia & Pacific,Lower middle income,261.53,smoking,Lifestyle,Smoking — all causes,0.0721311860220886,DALY/capita,Human Capital,Health and well-being,"HEALTH | VI — IHME GBD 2019, Valuing Impact"
St. Kitts and Nevis,KNA,Latin America & Caribbean,High income,1114.37,wash_handwashing_diarrheal,WASH,No handwashing facility — diarrheal disease,0.00039544264055274,DALY/capita,Human Capital,Health and well-being,"HEALTH | VI — IHME GBD 2019, Valuing Impact"
St. Kitts and Nevis,KNA,Latin America & Caribbean,High income,1114.37,wash_sanitation_diarrheal,WASH,Unsafe sanitation — diarrheal disease,0.000534209174973317,DALY/capita,Human Capital,Health and well-being,"HEALTH | VI — IHME GBD 2019, Valuing Impact"
St. Kitts and Nevis,KNA,Latin America & Caribbean,High income,1114.37,wash_water_diarrheal,WASH,Unsafe water source — diarrheal disease,0.00245017452678046,DALY/capita,Human Capital,Health and well-being,"HEALTH | VI — IHME GBD 2019, Valuing Impact"
St. Kitts and Nevis,KNA,Latin America & Caribbean,High income,1114.37,wash_handwashing_respiratory,WASH,No handwashing — lower respiratory infections,0.000579420515737159,DALY/capita,Human Capital,Health and well-being,"HEALTH | VI — IHME GBD 2019, Valuing Impact"
St. Kitts and Nevis,KNA,Latin America & Caribbean,High income,1114.37,ohs_secondhand_smoke,OHS,Second-hand smoke — all causes,0.003627783959094,DALY/capita,Human Capital,Health and well-being,"HEALTH | VI — IHME GBD 2019, Valuing Impact"
St. Kitts and Nevis,KNA,Latin America & Caribbean,High income,1114.37,ohs_occupational_pm,OHS,Occupational PM/gases/fumes — all causes,0.000500116977259182,DALY/capita,Human Capital,Health and well-being,"HEALTH | VI — IHME GBD 2019, Valuing Impact"
St. Kitts and Nevis,KNA,Latin America & Caribbean,High income,1114.37,ohs_occupational_injuries,OHS,Occupational injuries — all causes,0.00124522480079417,DALY/capita,Human Capital,Health and well-being,"HEALTH | VI — IHME GBD 2019, Valuing Impact"
St. Kitts and Nevis,KNA,Latin America & Caribbean,High income,1114.37,diet_processed_meat,Diet,Diet high in processed meat,0.0009123768093787839,DALY/capita,Human Capital,Health and well-being,"HEALTH | VI — IHME GBD 2019, Valuing Impact"
St. Kitts and Nevis,KNA,Latin America & Caribbean,High income,1114.37,diet_red_meat,Diet,Diet high in red meat,0.0034425728720488,DALY/capita,Human Capital,Health and well-being,"HEALTH | VI — IHME GBD 2019, Valuing Impact"
St. Kitts and Nevis,KNA,Latin America & Caribbean,High income,1114.37,diet_sodium,Diet,Diet high in sodium,0.00326563251253957,DALY/capita,Human Capital,Health and well-being,"HEALTH | VI — IHME GBD 2019, Valuing Impact"
St. Kitts and Nevis,KNA,Latin America & Caribbean,High income,1114.37,diet_sugary_beverages,Diet,Diet high in sugar-sweetened beverages,0.0011379551378682602,DALY/capita,Human Capital,Health and well-being,"HEALTH | VI — IHME GBD 2019, Valuing Impact"
St. Kitts and Nevis,KNA,Latin America & Caribbean,High income,1114.37,diet_trans_fats,Diet,Diet high in trans fats,0.0010467113318765099,DALY/capita,Human Capital,Health and well-being,"HEALTH | VI — IHME GBD 2019, Valuing Impact"
St. Kitts and Nevis,KNA,Latin America & Caribbean,High income,1114.37,diet_low_vegetables,Diet,Diet low in vegetables,0.00289996353057725,DALY/capita,Human Capital,Health and well-being,"HEALTH | VI — IHME GBD 2019, Valuing Impact"
St. Kitts and Nevis,KNA,Latin America & Caribbean,High income,1114.37,diet_low_whole_grains,Diet,Diet low in whole grains,0.0066036898559888695,DALY/capita,Human Capital,Health and well-being,"HEALTH | VI — IHME GBD 2019, Valuing Impact"
St. Kitts and Nevis,KNA,Latin America & Caribbean,High income,1114.37,diet_risks_total,Diet,Dietary risks — aggregate,0.0280971635575527,DALY/capita,Human Capital,Health and well-being,"HEALTH | VI — IHME GBD 2019, Valuing Impact"
St. Kitts and Nevis,KNA,Latin America & Caribbean,High income,1114.37,smoking,Lifestyle,Smoking — all causes,0.0125423724688842,DALY/capita,Human Capital,Health and well-being,"HEALTH | VI — IHME GBD 2019, Valuing Impact"
"Korea, Rep.",KOR,East Asia & Pacific,High income,3260.45,wash_handwashing_diarrheal,WASH,No handwashing facility — diarrheal disease,2.37307935834022e-05,DALY/capita,Human Capital,Health and well-being,"HEALTH | VI — IHME GBD 2019, Valuing Impact"
"Korea, Rep.",KOR,East Asia & Pacific,High income,3260.45,wash_sanitation_diarrheal,WASH,Unsafe sanitation — diarrheal disease,1.96155857991491e-05,DALY/capita,Human Capital,Health and well-being,"HEALTH | VI — IHME GBD 2019, Valuing Impact"
"Korea, Rep.",KOR,East Asia & Pacific,High income,3260.45,wash_water_diarrheal,WASH,Unsafe water source — diarrheal disease,0.00010945128297277201,DALY/capita,Human Capital,Health and well-being,"HEALTH | VI — IHME GBD 2019, Valuing Impact"
"Korea, Rep.",KOR,East Asia & Pacific,High income,3260.45,wash_handwashing_respiratory,WASH,No handwashing — lower respiratory infections,7.02953118562814e-05,DALY/capita,Human Capital,Health and well-being,"HEALTH | VI — IHME GBD 2019, Valuing Impact"
"Korea, Rep.",KOR,East Asia & Pacific,High income,3260.45,ohs_secondhand_smoke,OHS,Second-hand smoke — all causes,0.0020105317237492097,DALY/capita,Human Capital,Health and well-being,"HEALTH | VI — IHME GBD 2019, Valuing Impact"
"Korea, Rep.",KOR,East Asia & Pacific,High income,3260.45,ohs_occupational_pm,OHS,Occupational PM/gases/fumes — all causes,0.000710540771085413,DALY/capita,Human Capital,Health and well-being,"HEALTH | VI — IHME GBD 2019, Valuing Impact"
"Korea, Rep.",KOR,East Asia & Pacific,High income,3260.45,ohs_occupational_injuries,OHS,Occupational injuries — all causes,0.00103499246609817,DALY/capita,Human Capital,Health and well-being,"HEALTH | VI — IHME GBD 2019, Valuing Impact"
"Korea, Rep.",KOR,East Asia & Pacific,High income,3260.45,diet_processed_meat,Diet,Diet high in processed meat,0.00112838700167966,DALY/capita,Human Capital,Health and well-being,"HEALTH | VI — IHME GBD 2019, Valuing Impact"
"Korea, Rep.",KOR,East Asia & Pacific,High income,3260.45,diet_red_meat,Diet,Diet high in red meat,0.00285085247669436,DALY/capita,Human Capital,Health and well-being,"HEALTH | VI — IHME GBD 2019, Valuing Impact"
"Korea, Rep.",KOR,East Asia & Pacific,High income,3260.45,diet_sodium,Diet,Diet high in sodium,0.00434787628970281,DALY/capita,Human Capital,Health and well-being,"HEALTH | VI — IHME GBD 2019, Valuing Impact"
"Korea, Rep.",KOR,East Asia & Pacific,High income,3260.45,diet_sugary_beverages,Diet,Diet high in sugar-sweetened beverages,0.00041534131152788395,DALY/capita,Human Capital,Health and well-being,"HEALTH | VI — IHME GBD 2019, Valuing Impact"
"Korea, Rep.",KOR,East Asia & Pacific,High income,3260.45,diet_trans_fats,Diet,Diet high in trans fats,0.000832217858444538,DALY/capita,Human Capital,Health and well-being,"HEALTH | VI — IHME GBD 2019, Valuing Impact"
"Korea, Rep.",KOR,East Asia & Pacific,High income,3260.45,diet_low_vegetables,Diet,Diet low in vegetables,0.000303399954532819,DALY/capita,Human Capital,Health and well-being,"HEALTH | VI — IHME GBD 2019, Valuing Impact"
"Korea, Rep.",KOR,East Asia & Pacific,High income,3260.45,diet_low_whole_grains,Diet,Diet low in whole grains,0.00228215396393984,DALY/capita,Human Capital,Health and well-being,"HEALTH | VI — IHME GBD 2019, Valuing Impact"
"Korea, Rep.",KOR,East Asia & Pacific,High income,3260.45,diet_risks_total,Diet,Dietary risks — aggregate,0.015105645031920802,DALY/capita,Human Capital,Health and well-being,"HEALTH | VI — IHME GBD 2019, Valuing Impact"
"Korea, Rep.",KOR,East Asia & Pacific,High income,3260.45,smoking,Lifestyle,Smoking — all causes,0.024217508443409502,DALY/capita,Human Capital,Health and well-being,"HEALTH | VI — IHME GBD 2019, Valuing Impact"
Kuwait,KWT,Middle East & North Africa,High income,1860.78,wash_handwashing_diarrheal,WASH,No handwashing facility — diarrheal disease,8.14763908717838e-05,DALY/capita,Human Capital,Health and well-being,"HEALTH | VI — IHME GBD 2019, Valuing Impact"
Kuwait,KWT,Middle East & North Africa,High income,1860.78,wash_sanitation_diarrheal,WASH,Unsafe sanitation — diarrheal disease,5.0555392275967703e-05,DALY/capita,Human Capital,Health and well-being,"HEALTH | VI — IHME GBD 2019, Valuing Impact"
Kuwait,KWT,Middle East & North Africa,High income,1860.78,wash_water_diarrheal,WASH,Unsafe water source — diarrheal disease,0.000550983855048254,DALY/capita,Human Capital,Health and well-being,"HEALTH | VI — IHME GBD 2019, Valuing Impact"
Kuwait,KWT,Middle East & North Africa,High income,1860.78,wash_handwashing_respiratory,WASH,No handwashing — lower respiratory infections,0.00012150162500608,DALY/capita,Human Capital,Health and well-being,"HEALTH | VI — IHME GBD 2019, Valuing Impact"
Kuwait,KWT,Middle East & North Africa,High income,1860.78,ohs_secondhand_smoke,OHS,Second-hand smoke — all causes,0.00304322935569197,DALY/capita,Human Capital,Health and well-being,"HEALTH | VI — IHME GBD 2019, Valuing Impact"
Kuwait,KWT,Middle East & North Africa,High income,1860.78,ohs_occupational_pm,OHS,Occupational PM/gases/fumes — all causes,0.00012921392477642098,DALY/capita,Human Capital,Health and well-being,"HEALTH | VI — IHME GBD 2019, Valuing Impact"
Kuwait,KWT,Middle East & North Africa,High income,1860.78,ohs_occupational_injuries,OHS,Occupational injuries — all causes,0.00192823106133139,DALY/capita,Human Capital,Health and well-being,"HEALTH | VI — IHME GBD 2019, Valuing Impact"
Kuwait,KWT,Middle East & North Africa,High income,1860.78,diet_processed_meat,Diet,Diet high in processed meat,0.000455667043078386,DALY/capita,Human Capital,Health and well-being,"HEALTH | VI — IHME GBD 2019, Valuing Impact"
Kuwait,KWT,Middle East & North Africa,High income,1860.78,diet_red_meat,Diet,Diet high in red meat,0.00242044721537137,DALY/capita,Human Capital,Health and well-being,"HEALTH | VI — IHME GBD 2019, Valuing Impact"
Kuwait,KWT,Middle East & North Africa,High income,1860.78,diet_sodium,Diet,Diet high in sodium,0.00133927653933232,DALY/capita,Human Capital,Health and well-being,"HEALTH | VI — IHME GBD 2019, Valuing Impact"
Kuwait,KWT,Middle East & North Africa,High income,1860.78,diet_sugary_beverages,Diet,Diet high in sugar-sweetened beverages,0.0008869509815434979,DALY/capita,Human Capital,Health and well-being,"HEALTH | VI — IHME GBD 2019, Valuing Impact"
Kuwait,KWT,Middle East & North Africa,High income,1860.78,diet_trans_fats,Diet,Diet high in trans fats,0.00137720793940954,DALY/capita,Human Capital,Health and well-being,"HEALTH | VI — IHME GBD 2019, Valuing Impact"
Kuwait,KWT,Middle East & North Africa,High income,1860.78,diet_low_vegetables,Diet,Diet low in vegetables,0.000147226290013952,DALY/capita,Human Capital,Health and well-being,"HEALTH | VI — IHME GBD 2019, Valuing Impact"
Kuwait,KWT,Middle East & North Africa,High income,1860.78,diet_low_whole_grains,Diet,Diet low in whole grains,0.00463781214598141,DALY/capita,Human Capital,Health and well-being,"HEALTH | VI — IHME GBD 2019, Valuing Impact"
Kuwait,KWT,Middle East & North Africa,High income,1860.78,diet_risks_total,Diet,Dietary risks — aggregate,0.013590136476278799,DALY/capita,Human Capital,Health and well-being,"HEALTH | VI — IHME GBD 2019, Valuing Impact"
Kuwait,KWT,Middle East & North Africa,High income,1860.78,smoking,Lifestyle,Smoking — all causes,0.0130068007139539,DALY/capita,Human Capital,Health and well-being,"HEALTH | VI — IHME GBD 2019, Valuing Impact"
Lao PDR,LAO,East Asia & Pacific,Lower middle income,68.88,wash_handwashing_diarrheal,WASH,No handwashing facility — diarrheal disease,0.00131927610316856,DALY/capita,Human Capital,Health and well-being,"HEALTH | VI — IHME GBD 2019, Valuing Impact"
Lao PDR,LAO,East Asia & Pacific,Lower middle income,68.88,wash_sanitation_diarrheal,WASH,Unsafe sanitation — diarrheal disease,0.00461005052113229,DALY/capita,Human Capital,Health and well-being,"HEALTH | VI — IHME GBD 2019, Valuing Impact"
Lao PDR,LAO,East Asia & Pacific,Lower middle income,68.88,wash_water_diarrheal,WASH,Unsafe water source — diarrheal disease,0.00691507483844876,DALY/capita,Human Capital,Health and well-being,"HEALTH | VI — IHME GBD 2019, Valuing Impact"
Lao PDR,LAO,East Asia & Pacific,Lower middle income,68.88,wash_handwashing_respiratory,WASH,No handwashing — lower respiratory infections,0.0025664253049242597,DALY/capita,Human Capital,Health and well-being,"HEALTH | VI — IHME GBD 2019, Valuing Impact"
Lao PDR,LAO,East Asia & Pacific,Lower middle income,68.88,ohs_secondhand_smoke,OHS,Second-hand smoke — all causes,0.00742825656460438,DALY/capita,Human Capital,Health and well-being,"HEALTH | VI — IHME GBD 2019, Valuing Impact"
Lao PDR,LAO,East Asia & Pacific,Lower middle income,68.88,ohs_occupational_pm,OHS,Occupational PM/gases/fumes — all causes,0.0012688134707278202,DALY/capita,Human Capital,Health and well-being,"HEALTH | VI — IHME GBD 2019, Valuing Impact"
Lao PDR,LAO,East Asia & Pacific,Lower middle income,68.88,ohs_occupational_injuries,OHS,Occupational injuries — all causes,0.0039380861183960095,DALY/capita,Human Capital,Health and well-being,"HEALTH | VI — IHME GBD 2019, Valuing Impact"
Lao PDR,LAO,East Asia & Pacific,Lower middle income,68.88,diet_processed_meat,Diet,Diet high in processed meat,0.00026999123929989,DALY/capita,Human Capital,Health and well-being,"HEALTH | VI — IHME GBD 2019, Valuing Impact"
Lao PDR,LAO,East Asia & Pacific,Lower middle income,68.88,diet_red_meat,Diet,Diet high in red meat,0.00260899896031809,DALY/capita,Human Capital,Health and well-being,"HEALTH | VI — IHME GBD 2019, Valuing Impact"
Lao PDR,LAO,East Asia & Pacific,Lower middle income,68.88,diet_sodium,Diet,Diet high in sodium,0.00649437958435694,DALY/capita,Human Capital,Health and well-being,"HEALTH | VI — IHME GBD 2019, Valuing Impact"
Lao PDR,LAO,East Asia & Pacific,Lower middle income,68.88,diet_sugary_beverages,Diet,Diet high in sugar-sweetened beverages,0.000589493240551415,DALY/capita,Human Capital,Health and well-being,"HEALTH | VI — IHME GBD 2019, Valuing Impact"
Lao PDR,LAO,East Asia & Pacific,Lower middle income,68.88,diet_trans_fats,Diet,Diet high in trans fats,0.00101423334638966,DALY/capita,Human Capital,Health and well-being,"HEALTH | VI — IHME GBD 2019, Valuing Impact"
Lao PDR,LAO,East Asia & Pacific,Lower middle income,68.88,diet_low_vegetables,Diet,Diet low in vegetables,0.00262831098511912,DALY/capita,Human Capital,Health and well-being,"HEALTH | VI — IHME GBD 2019, Valuing Impact"
Lao PDR,LAO,East Asia & Pacific,Lower middle income,68.88,diet_low_whole_grains,Diet,Diet low in whole grains,0.00276008524975333,DALY/capita,Human Capital,Health and well-being,"HEALTH | VI — IHME GBD 2019, Valuing Impact"
Lao PDR,LAO,East Asia & Pacific,Lower middle income,68.88,diet_risks_total,Diet,Dietary risks — aggregate,0.0229083306823371,DALY/capita,Human Capital,Health and well-being,"HEALTH | VI — IHME GBD 2019, Valuing Impact"
Lao PDR,LAO,East Asia & Pacific,Lower middle income,68.88,smoking,Lifestyle,Smoking — all causes,0.023564827698731302,DALY/capita,Human Capital,Health and well-being,"HEALTH | VI — IHME GBD 2019, Valuing Impact"
Lebanon,LBN,Middle East & North Africa,Lower middle income,307.13,wash_handwashing_diarrheal,WASH,No handwashing facility — diarrheal disease,0.000183245791976024,DALY/capita,Human Capital,Health and well-being,"HEALTH | VI — IHME GBD 2019, Valuing Impact"
Lebanon,LBN,Middle East & North Africa,Lower middle income,307.13,wash_sanitation_diarrheal,WASH,Unsafe sanitation — diarrheal disease,8.15017024836426e-05,DALY/capita,Human Capital,Health and well-being,"HEALTH | VI — IHME GBD 2019, Valuing Impact"
Lebanon,LBN,Middle East & North Africa,Lower middle income,307.13,wash_water_diarrheal,WASH,Unsafe water source — diarrheal disease,0.00151831266003585,DALY/capita,Human Capital,Health and well-being,"HEALTH | VI — IHME GBD 2019, Valuing Impact"
Lebanon,LBN,Middle East & North Africa,Lower middle income,307.13,wash_handwashing_respiratory,WASH,No handwashing — lower respiratory infections,0.00017846648601110298,DALY/capita,Human Capital,Health and well-being,"HEALTH | VI — IHME GBD 2019, Valuing Impact"
Lebanon,LBN,Middle East & North Africa,Lower middle income,307.13,ohs_secondhand_smoke,OHS,Second-hand smoke — all causes,0.00706652351242018,DALY/capita,Human Capital,Health and well-being,"HEALTH | VI — IHME GBD 2019, Valuing Impact"
Lebanon,LBN,Middle East & North Africa,Lower middle income,307.13,ohs_occupational_pm,OHS,Occupational PM/gases/fumes — all causes,0.000544975317681228,DALY/capita,Human Capital,Health and well-being,"HEALTH | VI — IHME GBD 2019, Valuing Impact"
Lebanon,LBN,Middle East & North Africa,Lower middle income,307.13,ohs_occupational_injuries,OHS,Occupational injuries — all causes,0.00296647794474733,DALY/capita,Human Capital,Health and well-being,"HEALTH | VI — IHME GBD 2019, Valuing Impact"
Lebanon,LBN,Middle East & North Africa,Lower middle income,307.13,diet_processed_meat,Diet,Diet high in processed meat,0.000665570184366577,DALY/capita,Human Capital,Health and well-being,"HEALTH | VI — IHME GBD 2019, Valuing Impact"
Lebanon,LBN,Middle East & North Africa,Lower middle income,307.13,diet_red_meat,Diet,Diet high in red meat,0.0032076067678269904,DALY/capita,Human Capital,Health and well-being,"HEALTH | VI — IHME GBD 2019, Valuing Impact"
Lebanon,LBN,Middle East & North Africa,Lower middle income,307.13,diet_sodium,Diet,Diet high in sodium,0.00147908456267327,DALY/capita,Human Capital,Health and well-being,"HEALTH | VI — IHME GBD 2019, Valuing Impact"
Lebanon,LBN,Middle East & North Africa,Lower middle income,307.13,diet_sugary_beverages,Diet,Diet high in sugar-sweetened beverages,0.00118076845106424,DALY/capita,Human Capital,Health and well-being,"HEALTH | VI — IHME GBD 2019, Valuing Impact"
Lebanon,LBN,Middle East & North Africa,Lower middle income,307.13,diet_trans_fats,Diet,Diet high in trans fats,0.00323531603663577,DALY/capita,Human Capital,Health and well-being,"HEALTH | VI — IHME GBD 2019, Valuing Impact"
Lebanon,LBN,Middle East & North Africa,Lower middle income,307.13,diet_low_vegetables,Diet,Diet low in vegetables,0.000142042723876558,DALY/capita,Human Capital,Health and well-being,"HEALTH | VI — IHME GBD 2019, Valuing Impact"
Lebanon,LBN,Middle East & North Africa,Lower middle income,307.13,diet_low_whole_grains,Diet,Diet low in whole grains,0.013339847674741199,DALY/capita,Human Capital,Health and well-being,"HEALTH | VI — IHME GBD 2019, Valuing Impact"
Lebanon,LBN,Middle East & North Africa,Lower middle income,307.13,diet_risks_total,Diet,Dietary risks — aggregate,0.0261135844199808,DALY/capita,Human Capital,Health and well-being,"HEALTH | VI — IHME GBD 2019, Valuing Impact"
Lebanon,LBN,Middle East & North Africa,Lower middle income,307.13,smoking,Lifestyle,Smoking — all causes,0.039166550214683196,DALY/capita,Human Capital,Health and well-being,"HEALTH | VI — IHME GBD 2019, Valuing Impact"
Liberia,LBR,Sub-Saharan Africa,Low income,112.27,wash_handwashing_diarrheal,WASH,No handwashing facility — diarrheal disease,0.011583993076342499,DALY/capita,Human Capital,Health and well-being,"HEALTH | VI — IHME GBD 2019, Valuing Impact"
Liberia,LBR,Sub-Saharan Africa,Low income,112.27,wash_sanitation_diarrheal,WASH,Unsafe sanitation — diarrheal disease,0.0206131609910078,DALY/capita,Human Capital,Health and well-being,"HEALTH | VI — IHME GBD 2019, Valuing Impact"
Liberia,LBR,Sub-Saharan Africa,Low income,112.27,wash_water_diarrheal,WASH,Unsafe water source — diarrheal disease,0.0300108126982225,DALY/capita,Human Capital,Health and well-being,"HEALTH | VI — IHME GBD 2019, Valuing Impact"
Liberia,LBR,Sub-Saharan Africa,Low income,112.27,wash_handwashing_respiratory,WASH,No handwashing — lower respiratory infections,0.00436684671789587,DALY/capita,Human Capital,Health and well-being,"HEALTH | VI — IHME GBD 2019, Valuing Impact"
Liberia,LBR,Sub-Saharan Africa,Low income,112.27,ohs_secondhand_smoke,OHS,Second-hand smoke — all causes,0.00141468938978725,DALY/capita,Human Capital,Health and well-being,"HEALTH | VI — IHME GBD 2019, Valuing Impact"
Liberia,LBR,Sub-Saharan Africa,Low income,112.27,ohs_occupational_pm,OHS,Occupational PM/gases/fumes — all causes,0.000346052358474559,DALY/capita,Human Capital,Health and well-being,"HEALTH | VI — IHME GBD 2019, Valuing Impact"
Liberia,LBR,Sub-Saharan Africa,Low income,112.27,ohs_occupational_injuries,OHS,Occupational injuries — all causes,0.0024490071856807,DALY/capita,Human Capital,Health and well-being,"HEALTH | VI — IHME GBD 2019, Valuing Impact"
Liberia,LBR,Sub-Saharan Africa,Low income,112.27,diet_processed_meat,Diet,Diet high in processed meat,0.000546281452628572,DALY/capita,Human Capital,Health and well-being,"HEALTH | VI — IHME GBD 2019, Valuing Impact"
Liberia,LBR,Sub-Saharan Africa,Low income,112.27,diet_red_meat,Diet,Diet high in red meat,0.000460249701198738,DALY/capita,Human Capital,Health and well-being,"HEALTH | VI — IHME GBD 2019, Valuing Impact"
Liberia,LBR,Sub-Saharan Africa,Low income,112.27,diet_sodium,Diet,Diet high in sodium,0.00142132290688813,DALY/capita,Human Capital,Health and well-being,"HEALTH | VI — IHME GBD 2019, Valuing Impact"
Liberia,LBR,Sub-Saharan Africa,Low income,112.27,diet_sugary_beverages,Diet,Diet high in sugar-sweetened beverages,0.000362191217264537,DALY/capita,Human Capital,Health and well-being,"HEALTH | VI — IHME GBD 2019, Valuing Impact"
Liberia,LBR,Sub-Saharan Africa,Low income,112.27,diet_trans_fats,Diet,Diet high in trans fats,0.000457433901816542,DALY/capita,Human Capital,Health and well-being,"HEALTH | VI — IHME GBD 2019, Valuing Impact"
Liberia,LBR,Sub-Saharan Africa,Low income,112.27,diet_low_vegetables,Diet,Diet low in vegetables,0.00178420111903796,DALY/capita,Human Capital,Health and well-being,"HEALTH | VI — IHME GBD 2019, Valuing Impact"
Liberia,LBR,Sub-Saharan Africa,Low income,112.27,diet_low_whole_grains,Diet,Diet low in whole grains,0.00202916299134749,DALY/capita,Human Capital,Health and well-being,"HEALTH | VI — IHME GBD 2019, Valuing Impact"
Liberia,LBR,Sub-Saharan Africa,Low income,112.27,diet_risks_total,Diet,Dietary risks — aggregate,0.0102953868663449,DALY/capita,Human Capital,Health and well-being,"HEALTH | VI — IHME GBD 2019, Valuing Impact"
Liberia,LBR,Sub-Saharan Africa,Low income,112.27,smoking,Lifestyle,Smoking — all causes,0.00465836720908931,DALY/capita,Human Capital,Health and well-being,"HEALTH | VI — IHME GBD 2019, Valuing Impact"
Libya,LBY,Middle East & North Africa,Upper middle income,0.0,wash_handwashing_diarrheal,WASH,No handwashing facility — diarrheal disease,0.000156415074990938,DALY/capita,Human Capital,Health and well-being,"HEALTH | VI — IHME GBD 2019, Valuing Impact"
Libya,LBY,Middle East & North Africa,Upper middle income,0.0,wash_sanitation_diarrheal,WASH,Unsafe sanitation — diarrheal disease,0.000408503694888215,DALY/capita,Human Capital,Health and well-being,"HEALTH | VI — IHME GBD 2019, Valuing Impact"
Libya,LBY,Middle East & North Africa,Upper middle income,0.0,wash_water_diarrheal,WASH,Unsafe water source — diarrheal disease,0.00113820114516494,DALY/capita,Human Capital,Health and well-being,"HEALTH | VI — IHME GBD 2019, Valuing Impact"
Libya,LBY,Middle East & North Africa,Upper middle income,0.0,wash_handwashing_respiratory,WASH,No handwashing — lower respiratory infections,0.00015406655231164,DALY/capita,Human Capital,Health and well-being,"HEALTH | VI — IHME GBD 2019, Valuing Impact"
Libya,LBY,Middle East & North Africa,Upper middle income,0.0,ohs_secondhand_smoke,OHS,Second-hand smoke — all causes,0.00585303426018278,DALY/capita,Human Capital,Health and well-being,"HEALTH | VI — IHME GBD 2019, Valuing Impact"
Libya,LBY,Middle East & North Africa,Upper middle income,0.0,ohs_occupational_pm,OHS,Occupational PM/gases/fumes — all causes,0.000392676763665102,DALY/capita,Human Capital,Health and well-being,"HEALTH | VI — IHME GBD 2019, Valuing Impact"
Libya,LBY,Middle East & North Africa,Upper middle income,0.0,ohs_occupational_injuries,OHS,Occupational injuries — all causes,0.00121644822828358,DALY/capita,Human Capital,Health and well-being,"HEALTH | VI — IHME GBD 2019, Valuing Impact"
Libya,LBY,Middle East & North Africa,Upper middle income,0.0,diet_processed_meat,Diet,Diet high in processed meat,0.000516446722748089,DALY/capita,Human Capital,Health and well-being,"HEALTH | VI — IHME GBD 2019, Valuing Impact"
Libya,LBY,Middle East & North Africa,Upper middle income,0.0,diet_red_meat,Diet,Diet high in red meat,0.00205128979743981,DALY/capita,Human Capital,Health and well-being,"HEALTH | VI — IHME GBD 2019, Valuing Impact"
Libya,LBY,Middle East & North Africa,Upper middle income,0.0,diet_sodium,Diet,Diet high in sodium,0.00117261842293036,DALY/capita,Human Capital,Health and well-being,"HEALTH | VI — IHME GBD 2019, Valuing Impact"
Libya,LBY,Middle East & North Africa,Upper middle income,0.0,diet_sugary_beverages,Diet,Diet high in sugar-sweetened beverages,0.000837929630545983,DALY/capita,Human Capital,Health and well-being,"HEALTH | VI — IHME GBD 2019, Valuing Impact"
Libya,LBY,Middle East & North Africa,Upper middle income,0.0,diet_trans_fats,Diet,Diet high in trans fats,0.00214234684041504,DALY/capita,Human Capital,Health and well-being,"HEALTH | VI — IHME GBD 2019, Valuing Impact"
Libya,LBY,Middle East & North Africa,Upper middle income,0.0,diet_low_vegetables,Diet,Diet low in vegetables,0.00135548574048265,DALY/capita,Human Capital,Health and well-being,"HEALTH | VI — IHME GBD 2019, Valuing Impact"
Libya,LBY,Middle East & North Africa,Upper middle income,0.0,diet_low_whole_grains,Diet,Diet low in whole grains,0.00877473948520977,DALY/capita,Human Capital,Health and well-being,"HEALTH | VI — IHME GBD 2019, Valuing Impact"
Libya,LBY,Middle East & North Africa,Upper middle income,0.0,diet_risks_total,Diet,Dietary risks — aggregate,0.021130277776128,DALY/capita,Human Capital,Health and well-being,"HEALTH | VI — IHME GBD 2019, Valuing Impact"
Libya,LBY,Middle East & North Africa,Upper middle income,0.0,smoking,Lifestyle,Smoking — all causes,0.0177501857261114,DALY/capita,Human Capital,Health and well-being,"HEALTH | VI — IHME GBD 2019, Valuing Impact"
St. Lucia,LCA,Latin America & Caribbean,Upper middle income,584.67,wash_handwashing_diarrheal,WASH,No handwashing facility — diarrheal disease,0.000247815474055628,DALY/capita,Human Capital,Health and well-being,"HEALTH | VI — IHME GBD 2019, Valuing Impact"
St. Lucia,LCA,Latin America & Caribbean,Upper middle income,584.67,wash_sanitation_diarrheal,WASH,Unsafe sanitation — diarrheal disease,0.000772300933867633,DALY/capita,Human Capital,Health and well-being,"HEALTH | VI — IHME GBD 2019, Valuing Impact"
St. Lucia,LCA,Latin America & Caribbean,Upper middle income,584.67,wash_water_diarrheal,WASH,Unsafe water source — diarrheal disease,0.00204167235691444,DALY/capita,Human Capital,Health and well-being,"HEALTH | VI — IHME GBD 2019, Valuing Impact"
St. Lucia,LCA,Latin America & Caribbean,Upper middle income,584.67,wash_handwashing_respiratory,WASH,No handwashing — lower respiratory infections,0.00034306816350695003,DALY/capita,Human Capital,Health and well-being,"HEALTH | VI — IHME GBD 2019, Valuing Impact"
St. Lucia,LCA,Latin America & Caribbean,Upper middle income,584.67,ohs_secondhand_smoke,OHS,Second-hand smoke — all causes,0.0029771334651940403,DALY/capita,Human Capital,Health and well-being,"HEALTH | VI — IHME GBD 2019, Valuing Impact"
St. Lucia,LCA,Latin America & Caribbean,Upper middle income,584.67,ohs_occupational_pm,OHS,Occupational PM/gases/fumes — all causes,0.000768808018743965,DALY/capita,Human Capital,Health and well-being,"HEALTH | VI — IHME GBD 2019, Valuing Impact"
St. Lucia,LCA,Latin America & Caribbean,Upper middle income,584.67,ohs_occupational_injuries,OHS,Occupational injuries — all causes,0.00113775189089581,DALY/capita,Human Capital,Health and well-being,"HEALTH | VI — IHME GBD 2019, Valuing Impact"
St. Lucia,LCA,Latin America & Caribbean,Upper middle income,584.67,diet_processed_meat,Diet,Diet high in processed meat,0.00105078747130507,DALY/capita,Human Capital,Health and well-being,"HEALTH | VI — IHME GBD 2019, Valuing Impact"
St. Lucia,LCA,Latin America & Caribbean,Upper middle income,584.67,diet_red_meat,Diet,Diet high in red meat,0.00395513186398834,DALY/capita,Human Capital,Health and well-being,"HEALTH | VI — IHME GBD 2019, Valuing Impact"
St. Lucia,LCA,Latin America & Caribbean,Upper middle income,584.67,diet_sodium,Diet,Diet high in sodium,0.00266972609646135,DALY/capita,Human Capital,Health and well-being,"HEALTH | VI — IHME GBD 2019, Valuing Impact"
St. Lucia,LCA,Latin America & Caribbean,Upper middle income,584.67,diet_sugary_beverages,Diet,Diet high in sugar-sweetened beverages,0.00107764248667831,DALY/capita,Human Capital,Health and well-being,"HEALTH | VI — IHME GBD 2019, Valuing Impact"
St. Lucia,LCA,Latin America & Caribbean,Upper middle income,584.67,diet_trans_fats,Diet,Diet high in trans fats,0.000763022387523883,DALY/capita,Human Capital,Health and well-being,"HEALTH | VI — IHME GBD 2019, Valuing Impact"
St. Lucia,LCA,Latin America & Caribbean,Upper middle income,584.67,diet_low_vegetables,Diet,Diet low in vegetables,0.00259516479571202,DALY/capita,Human Capital,Health and well-being,"HEALTH | VI — IHME GBD 2019, Valuing Impact"
St. Lucia,LCA,Latin America & Caribbean,Upper middle income,584.67,diet_low_whole_grains,Diet,Diet low in whole grains,0.00599374555246617,DALY/capita,Human Capital,Health and well-being,"HEALTH | VI — IHME GBD 2019, Valuing Impact"
St. Lucia,LCA,Latin America & Caribbean,Upper middle income,584.67,diet_risks_total,Diet,Dietary risks — aggregate,0.0229236772413495,DALY/capita,Human Capital,Health and well-being,"HEALTH | VI — IHME GBD 2019, Valuing Impact"
St. Lucia,LCA,Latin America & Caribbean,Upper middle income,584.67,smoking,Lifestyle,Smoking — all causes,0.0167818837222929,DALY/capita,Human Capital,Health and well-being,"HEALTH | VI — IHME GBD 2019, Valuing Impact"
Liechtenstein,LIE,Europe & Central Asia,High income,0.0,diet_processed_meat,Diet,Diet high in processed meat,0.0,DALY/capita,Human Capital,Health and well-being,"HEALTH | VI — IHME GBD 2019, Valuing Impact"
Liechtenstein,LIE,Europe & Central Asia,High income,0.0,diet_red_meat,Diet,Diet high in red meat,0.0,DALY/capita,Human Capital,Health and well-being,"HEALTH | VI — IHME GBD 2019, Valuing Impact"
Liechtenstein,LIE,Europe & Central Asia,High income,0.0,diet_sodium,Diet,Diet high in sodium,0.0,DALY/capita,Human Capital,Health and well-being,"HEALTH | VI — IHME GBD 2019, Valuing Impact"
Liechtenstein,LIE,Europe & Central Asia,High income,0.0,diet_sugary_beverages,Diet,Diet high in sugar-sweetened beverages,0.0,DALY/capita,Human Capital,Health and well-being,"HEALTH | VI — IHME GBD 2019, Valuing Impact"
Liechtenstein,LIE,Europe & Central Asia,High income,0.0,diet_trans_fats,Diet,Diet high in trans fats,0.0,DALY/capita,Human Capital,Health and well-being,"HEALTH | VI — IHME GBD 2019, Valuing Impact"
Liechtenstein,LIE,Europe & Central Asia,High income,0.0,diet_low_vegetables,Diet,Diet low in vegetables,0.0,DALY/capita,Human Capital,Health and well-being,"HEALTH | VI — IHME GBD 2019, Valuing Impact"
Liechtenstein,LIE,Europe & Central Asia,High income,0.0,diet_low_whole_grains,Diet,Diet low in whole grains,0.0,DALY/capita,Human Capital,Health and well-being,"HEALTH | VI — IHME GBD 2019, Valuing Impact"
Liechtenstein,LIE,Europe & Central Asia,High income,0.0,diet_risks_total,Diet,Dietary risks — aggregate,0.0,DALY/capita,Human Capital,Health and well-being,"HEALTH | VI — IHME GBD 2019, Valuing Impact"
Sri Lanka,LKA,South Asia,Lower middle income,166.18,wash_handwashing_diarrheal,WASH,No handwashing facility — diarrheal disease,0.00016436408910019,DALY/capita,Human Capital,Health and well-being,"HEALTH | VI — IHME GBD 2019, Valuing Impact"
Sri Lanka,LKA,South Asia,Lower middle income,166.18,wash_sanitation_diarrheal,WASH,Unsafe sanitation — diarrheal disease,0.000762621537581161,DALY/capita,Human Capital,Health and well-being,"HEALTH | VI — IHME GBD 2019, Valuing Impact"
Sri Lanka,LKA,South Asia,Lower middle income,166.18,wash_water_diarrheal,WASH,Unsafe water source — diarrheal disease,0.00151867743037016,DALY/capita,Human Capital,Health and well-being,"HEALTH | VI — IHME GBD 2019, Valuing Impact"
Sri Lanka,LKA,South Asia,Lower middle income,166.18,wash_handwashing_respiratory,WASH,No handwashing — lower respiratory infections,0.000250646565973942,DALY/capita,Human Capital,Health and well-being,"HEALTH | VI — IHME GBD 2019, Valuing Impact"
Sri Lanka,LKA,South Asia,Lower middle income,166.18,ohs_secondhand_smoke,OHS,Second-hand smoke — all causes,0.00422811747182514,DALY/capita,Human Capital,Health and well-being,"HEALTH | VI — IHME GBD 2019, Valuing Impact"
Sri Lanka,LKA,South Asia,Lower middle income,166.18,ohs_occupational_pm,OHS,Occupational PM/gases/fumes — all causes,0.0008897632582575331,DALY/capita,Human Capital,Health and well-being,"HEALTH | VI — IHME GBD 2019, Valuing Impact"
Sri Lanka,LKA,South Asia,Lower middle income,166.18,ohs_occupational_injuries,OHS,Occupational injuries — all causes,0.0016465112839744798,DALY/capita,Human Capital,Health and well-being,"HEALTH | VI — IHME GBD 2019, Valuing Impact"
Sri Lanka,LKA,South Asia,Lower middle income,166.18,diet_processed_meat,Diet,Diet high in processed meat,0.000515288155040776,DALY/capita,Human Capital,Health and well-being,"HEALTH | VI — IHME GBD 2019, Valuing Impact"
Sri Lanka,LKA,South Asia,Lower middle income,166.18,diet_red_meat,Diet,Diet high in red meat,0.000497766888160872,DALY/capita,Human Capital,Health and well-being,"HEALTH | VI — IHME GBD 2019, Valuing Impact"
Sri Lanka,LKA,South Asia,Lower middle income,166.18,diet_sodium,Diet,Diet high in sodium,0.006406055957893,DALY/capita,Human Capital,Health and well-being,"HEALTH | VI — IHME GBD 2019, Valuing Impact"
Sri Lanka,LKA,South Asia,Lower middle income,166.18,diet_sugary_beverages,Diet,Diet high in sugar-sweetened beverages,0.000958206767263746,DALY/capita,Human Capital,Health and well-being,"HEALTH | VI — IHME GBD 2019, Valuing Impact"
Sri Lanka,LKA,South Asia,Lower middle income,166.18,diet_trans_fats,Diet,Diet high in trans fats,0.0011184030605639,DALY/capita,Human Capital,Health and well-being,"HEALTH | VI — IHME GBD 2019, Valuing Impact"
Sri Lanka,LKA,South Asia,Lower middle income,166.18,diet_low_vegetables,Diet,Diet low in vegetables,0.0025037373430662397,DALY/capita,Human Capital,Health and well-being,"HEALTH | VI — IHME GBD 2019, Valuing Impact"
Sri Lanka,LKA,South Asia,Lower middle income,166.18,diet_low_whole_grains,Diet,Diet low in whole grains,0.0047932771623907,DALY/capita,Human Capital,Health and well-being,"HEALTH | VI — IHME GBD 2019, Valuing Impact"
Sri Lanka,LKA,South Asia,Lower middle income,166.18,diet_risks_total,Diet,Dietary risks — aggregate,0.0230380842268848,DALY/capita,Human Capital,Health and well-being,"HEALTH | VI — IHME GBD 2019, Valuing Impact"
Sri Lanka,LKA,South Asia,Lower middle income,166.18,smoking,Lifestyle,Smoking — all causes,0.014312896158907799,DALY/capita,Human Capital,Health and well-being,"HEALTH | VI — IHME GBD 2019, Valuing Impact"
Lesotho,LSO,Sub-Saharan Africa,Lower middle income,114.71,wash_handwashing_diarrheal,WASH,No handwashing facility — diarrheal disease,0.0115694207295822,DALY/capita,Human Capital,Health and well-being,"HEALTH | VI — IHME GBD 2019, Valuing Impact"
Lesotho,LSO,Sub-Saharan Africa,Lower middle income,114.71,wash_sanitation_diarrheal,WASH,Unsafe sanitation — diarrheal disease,0.021672783198633503,DALY/capita,Human Capital,Health and well-being,"HEALTH | VI — IHME GBD 2019, Valuing Impact"
Lesotho,LSO,Sub-Saharan Africa,Lower middle income,114.71,wash_water_diarrheal,WASH,Unsafe water source — diarrheal disease,0.0295505870348552,DALY/capita,Human Capital,Health and well-being,"HEALTH | VI — IHME GBD 2019, Valuing Impact"
Lesotho,LSO,Sub-Saharan Africa,Lower middle income,114.71,wash_handwashing_respiratory,WASH,No handwashing — lower respiratory infections,0.010331824310967299,DALY/capita,Human Capital,Health and well-being,"HEALTH | VI — IHME GBD 2019, Valuing Impact"
Lesotho,LSO,Sub-Saharan Africa,Lower middle income,114.71,ohs_secondhand_smoke,OHS,Second-hand smoke — all causes,0.00868544944223862,DALY/capita,Human Capital,Health and well-being,"HEALTH | VI — IHME GBD 2019, Valuing Impact"
Lesotho,LSO,Sub-Saharan Africa,Lower middle income,114.71,ohs_occupational_pm,OHS,Occupational PM/gases/fumes — all causes,0.00146311421411736,DALY/capita,Human Capital,Health and well-being,"HEALTH | VI — IHME GBD 2019, Valuing Impact"
Lesotho,LSO,Sub-Saharan Africa,Lower middle income,114.71,ohs_occupational_injuries,OHS,Occupational injuries — all causes,0.0021465430094678,DALY/capita,Human Capital,Health and well-being,"HEALTH | VI — IHME GBD 2019, Valuing Impact"
Lesotho,LSO,Sub-Saharan Africa,Lower middle income,114.71,diet_processed_meat,Diet,Diet high in processed meat,0.000876236076197375,DALY/capita,Human Capital,Health and well-being,"HEALTH | VI — IHME GBD 2019, Valuing Impact"
Lesotho,LSO,Sub-Saharan Africa,Lower middle income,114.71,diet_red_meat,Diet,Diet high in red meat,0.00278982374036218,DALY/capita,Human Capital,Health and well-being,"HEALTH | VI — IHME GBD 2019, Valuing Impact"
Lesotho,LSO,Sub-Saharan Africa,Lower middle income,114.71,diet_sodium,Diet,Diet high in sodium,0.0026619374986905503,DALY/capita,Human Capital,Health and well-being,"HEALTH | VI — IHME GBD 2019, Valuing Impact"
Lesotho,LSO,Sub-Saharan Africa,Lower middle income,114.71,diet_sugary_beverages,Diet,Diet high in sugar-sweetened beverages,0.0007352853576436191,DALY/capita,Human Capital,Health and well-being,"HEALTH | VI — IHME GBD 2019, Valuing Impact"
Lesotho,LSO,Sub-Saharan Africa,Lower middle income,114.71,diet_trans_fats,Diet,Diet high in trans fats,0.00070959714313375,DALY/capita,Human Capital,Health and well-being,"HEALTH | VI — IHME GBD 2019, Valuing Impact"
Lesotho,LSO,Sub-Saharan Africa,Lower middle income,114.71,diet_low_vegetables,Diet,Diet low in vegetables,0.00356798871295742,DALY/capita,Human Capital,Health and well-being,"HEALTH | VI — IHME GBD 2019, Valuing Impact"
Lesotho,LSO,Sub-Saharan Africa,Lower middle income,114.71,diet_low_whole_grains,Diet,Diet low in whole grains,0.0027508744731096603,DALY/capita,Human Capital,Health and well-being,"HEALTH | VI — IHME GBD 2019, Valuing Impact"
Lesotho,LSO,Sub-Saharan Africa,Lower middle income,114.71,diet_risks_total,Diet,Dietary risks — aggregate,0.0213836341876399,DALY/capita,Human Capital,Health and well-being,"HEALTH | VI — IHME GBD 2019, Valuing Impact"
Lesotho,LSO,Sub-Saharan Africa,Lower middle income,114.71,smoking,Lifestyle,Smoking — all causes,0.0347570111540649,DALY/capita,Human Capital,Health and well-being,"HEALTH | VI — IHME GBD 2019, Valuing Impact"
Lithuania,LTU,Europe & Central Asia,High income,1858.59,wash_handwashing_diarrheal,WASH,No handwashing facility — diarrheal disease,5.6908107962244306e-05,DALY/capita,Human Capital,Health and well-being,"HEALTH | VI — IHME GBD 2019, Valuing Impact"
Lithuania,LTU,Europe & Central Asia,High income,1858.59,wash_sanitation_diarrheal,WASH,Unsafe sanitation — diarrheal disease,0.000373382428317138,DALY/capita,Human Capital,Health and well-being,"HEALTH | VI — IHME GBD 2019, Valuing Impact"
Lithuania,LTU,Europe & Central Asia,High income,1858.59,wash_water_diarrheal,WASH,Unsafe water source — diarrheal disease,0.000646144768820391,DALY/capita,Human Capital,Health and well-being,"HEALTH | VI — IHME GBD 2019, Valuing Impact"
Lithuania,LTU,Europe & Central Asia,High income,1858.59,wash_handwashing_respiratory,WASH,No handwashing — lower respiratory infections,8.568916788940801e-05,DALY/capita,Human Capital,Health and well-being,"HEALTH | VI — IHME GBD 2019, Valuing Impact"
Lithuania,LTU,Europe & Central Asia,High income,1858.59,ohs_secondhand_smoke,OHS,Second-hand smoke — all causes,0.00441182497504552,DALY/capita,Human Capital,Health and well-being,"HEALTH | VI — IHME GBD 2019, Valuing Impact"
Lithuania,LTU,Europe & Central Asia,High income,1858.59,ohs_occupational_pm,OHS,Occupational PM/gases/fumes — all causes,0.000580380109665228,DALY/capita,Human Capital,Health and well-being,"HEALTH | VI — IHME GBD 2019, Valuing Impact"
Lithuania,LTU,Europe & Central Asia,High income,1858.59,ohs_occupational_injuries,OHS,Occupational injuries — all causes,0.00180203299711983,DALY/capita,Human Capital,Health and well-being,"HEALTH | VI — IHME GBD 2019, Valuing Impact"
Lithuania,LTU,Europe & Central Asia,High income,1858.59,diet_processed_meat,Diet,Diet high in processed meat,0.00775374127072434,DALY/capita,Human Capital,Health and well-being,"HEALTH | VI — IHME GBD 2019, Valuing Impact"
Lithuania,LTU,Europe & Central Asia,High income,1858.59,diet_red_meat,Diet,Diet high in red meat,0.00781888421855618,DALY/capita,Human Capital,Health and well-being,"HEALTH | VI — IHME GBD 2019, Valuing Impact"
Lithuania,LTU,Europe & Central Asia,High income,1858.59,diet_sodium,Diet,Diet high in sodium,0.0056364291106519,DALY/capita,Human Capital,Health and well-being,"HEALTH | VI — IHME GBD 2019, Valuing Impact"
Lithuania,LTU,Europe & Central Asia,High income,1858.59,diet_sugary_beverages,Diet,Diet high in sugar-sweetened beverages,0.0013873244086654401,DALY/capita,Human Capital,Health and well-being,"HEALTH | VI — IHME GBD 2019, Valuing Impact"
Lithuania,LTU,Europe & Central Asia,High income,1858.59,diet_trans_fats,Diet,Diet high in trans fats,0.005692160249853169,DALY/capita,Human Capital,Health and well-being,"HEALTH | VI — IHME GBD 2019, Valuing Impact"
Lithuania,LTU,Europe & Central Asia,High income,1858.59,diet_low_vegetables,Diet,Diet low in vegetables,0.00298387689301313,DALY/capita,Human Capital,Health and well-being,"HEALTH | VI — IHME GBD 2019, Valuing Impact"
Lithuania,LTU,Europe & Central Asia,High income,1858.59,diet_low_whole_grains,Diet,Diet low in whole grains,0.014940478250398001,DALY/capita,Human Capital,Health and well-being,"HEALTH | VI — IHME GBD 2019, Valuing Impact"
Lithuania,LTU,Europe & Central Asia,High income,1858.59,diet_risks_total,Diet,Dietary risks — aggregate,0.055260333500424204,DALY/capita,Human Capital,Health and well-being,"HEALTH | VI — IHME GBD 2019, Valuing Impact"
Lithuania,LTU,Europe & Central Asia,High income,1858.59,smoking,Lifestyle,Smoking — all causes,0.045907644801523304,DALY/capita,Human Capital,Health and well-being,"HEALTH | VI — IHME GBD 2019, Valuing Impact"
Luxembourg,LUX,Europe & Central Asia,High income,7635.7,wash_handwashing_diarrheal,WASH,No handwashing facility — diarrheal disease,1.8251489786917097e-05,DALY/capita,Human Capital,Health and well-being,"HEALTH | VI — IHME GBD 2019, Valuing Impact"
Luxembourg,LUX,Europe & Central Asia,High income,7635.7,wash_sanitation_diarrheal,WASH,Unsafe sanitation — diarrheal disease,1.46989281093429e-05,DALY/capita,Human Capital,Health and well-being,"HEALTH | VI — IHME GBD 2019, Valuing Impact"
Luxembourg,LUX,Europe & Central Asia,High income,7635.7,wash_water_diarrheal,WASH,Unsafe water source — diarrheal disease,3.02184808515001e-05,DALY/capita,Human Capital,Health and well-being,"HEALTH | VI — IHME GBD 2019, Valuing Impact"
Luxembourg,LUX,Europe & Central Asia,High income,7635.7,wash_handwashing_respiratory,WASH,No handwashing — lower respiratory infections,2.59333596722736e-05,DALY/capita,Human Capital,Health and well-being,"HEALTH | VI — IHME GBD 2019, Valuing Impact"
Luxembourg,LUX,Europe & Central Asia,High income,7635.7,ohs_secondhand_smoke,OHS,Second-hand smoke — all causes,0.00226079151015472,DALY/capita,Human Capital,Health and well-being,"HEALTH | VI — IHME GBD 2019, Valuing Impact"
Luxembourg,LUX,Europe & Central Asia,High income,7635.7,ohs_occupational_pm,OHS,Occupational PM/gases/fumes — all causes,0.000541230934373168,DALY/capita,Human Capital,Health and well-being,"HEALTH | VI — IHME GBD 2019, Valuing Impact"
Luxembourg,LUX,Europe & Central Asia,High income,7635.7,ohs_occupational_injuries,OHS,Occupational injuries — all causes,0.00146598598601677,DALY/capita,Human Capital,Health and well-being,"HEALTH | VI — IHME GBD 2019, Valuing Impact"
Luxembourg,LUX,Europe & Central Asia,High income,7635.7,diet_processed_meat,Diet,Diet high in processed meat,0.0027180143742973097,DALY/capita,Human Capital,Health and well-being,"HEALTH | VI — IHME GBD 2019, Valuing Impact"
Luxembourg,LUX,Europe & Central Asia,High income,7635.7,diet_red_meat,Diet,Diet high in red meat,0.00403939501262693,DALY/capita,Human Capital,Health and well-being,"HEALTH | VI — IHME GBD 2019, Valuing Impact"
Luxembourg,LUX,Europe & Central Asia,High income,7635.7,diet_sodium,Diet,Diet high in sodium,0.00162249734359543,DALY/capita,Human Capital,Health and well-being,"HEALTH | VI — IHME GBD 2019, Valuing Impact"
Luxembourg,LUX,Europe & Central Asia,High income,7635.7,diet_sugary_beverages,Diet,Diet high in sugar-sweetened beverages,0.000894031468857151,DALY/capita,Human Capital,Health and well-being,"HEALTH | VI — IHME GBD 2019, Valuing Impact"
Luxembourg,LUX,Europe & Central Asia,High income,7635.7,diet_trans_fats,Diet,Diet high in trans fats,0.00089780394423915,DALY/capita,Human Capital,Health and well-being,"HEALTH | VI — IHME GBD 2019, Valuing Impact"
Luxembourg,LUX,Europe & Central Asia,High income,7635.7,diet_low_vegetables,Diet,Diet low in vegetables,0.000814406286327538,DALY/capita,Human Capital,Health and well-being,"HEALTH | VI — IHME GBD 2019, Valuing Impact"
Luxembourg,LUX,Europe & Central Asia,High income,7635.7,diet_low_whole_grains,Diet,Diet low in whole grains,0.00367008601149031,DALY/capita,Human Capital,Health and well-being,"HEALTH | VI — IHME GBD 2019, Valuing Impact"
Luxembourg,LUX,Europe & Central Asia,High income,7635.7,diet_risks_total,Diet,Dietary risks — aggregate,0.0171276129554814,DALY/capita,Human Capital,Health and well-being,"HEALTH | VI — IHME GBD 2019, Valuing Impact"
Luxembourg,LUX,Europe & Central Asia,High income,7635.7,smoking,Lifestyle,Smoking — all causes,0.0284822555142661,DALY/capita,Human Capital,Health and well-being,"HEALTH | VI — IHME GBD 2019, Valuing Impact"
Latvia,LVA,Europe & Central Asia,High income,1897.95,wash_handwashing_diarrheal,WASH,No handwashing facility — diarrheal disease,5.3831419219567e-05,DALY/capita,Human Capital,Health and well-being,"HEALTH | VI — IHME GBD 2019, Valuing Impact"
Latvia,LVA,Europe & Central Asia,High income,1897.95,wash_sanitation_diarrheal,WASH,Unsafe sanitation — diarrheal disease,0.000327828922897333,DALY/capita,Human Capital,Health and well-being,"HEALTH | VI — IHME GBD 2019, Valuing Impact"
Latvia,LVA,Europe & Central Asia,High income,1897.95,wash_water_diarrheal,WASH,Unsafe water source — diarrheal disease,0.000612412377458334,DALY/capita,Human Capital,Health and well-being,"HEALTH | VI — IHME GBD 2019, Valuing Impact"
Latvia,LVA,Europe & Central Asia,High income,1897.95,wash_handwashing_respiratory,WASH,No handwashing — lower respiratory infections,8.550826565653489e-05,DALY/capita,Human Capital,Health and well-being,"HEALTH | VI — IHME GBD 2019, Valuing Impact"
Latvia,LVA,Europe & Central Asia,High income,1897.95,ohs_secondhand_smoke,OHS,Second-hand smoke — all causes,0.0054776752678469594,DALY/capita,Human Capital,Health and well-being,"HEALTH | VI — IHME GBD 2019, Valuing Impact"
Latvia,LVA,Europe & Central Asia,High income,1897.95,ohs_occupational_pm,OHS,Occupational PM/gases/fumes — all causes,0.000430517547933683,DALY/capita,Human Capital,Health and well-being,"HEALTH | VI — IHME GBD 2019, Valuing Impact"
Latvia,LVA,Europe & Central Asia,High income,1897.95,ohs_occupational_injuries,OHS,Occupational injuries — all causes,0.00203342735614579,DALY/capita,Human Capital,Health and well-being,"HEALTH | VI — IHME GBD 2019, Valuing Impact"
Latvia,LVA,Europe & Central Asia,High income,1897.95,diet_processed_meat,Diet,Diet high in processed meat,0.00780757860393217,DALY/capita,Human Capital,Health and well-being,"HEALTH | VI — IHME GBD 2019, Valuing Impact"
Latvia,LVA,Europe & Central Asia,High income,1897.95,diet_red_meat,Diet,Diet high in red meat,0.0068994809706463605,DALY/capita,Human Capital,Health and well-being,"HEALTH | VI — IHME GBD 2019, Valuing Impact"
Latvia,LVA,Europe & Central Asia,High income,1897.95,diet_sodium,Diet,Diet high in sodium,0.00625742084046497,DALY/capita,Human Capital,Health and well-being,"HEALTH | VI — IHME GBD 2019, Valuing Impact"
Latvia,LVA,Europe & Central Asia,High income,1897.95,diet_sugary_beverages,Diet,Diet high in sugar-sweetened beverages,0.00137256399762755,DALY/capita,Human Capital,Health and well-being,"HEALTH | VI — IHME GBD 2019, Valuing Impact"
Latvia,LVA,Europe & Central Asia,High income,1897.95,diet_trans_fats,Diet,Diet high in trans fats,0.00775246728316793,DALY/capita,Human Capital,Health and well-being,"HEALTH | VI — IHME GBD 2019, Valuing Impact"
Latvia,LVA,Europe & Central Asia,High income,1897.95,diet_low_vegetables,Diet,Diet low in vegetables,0.00310878890369327,DALY/capita,Human Capital,Health and well-being,"HEALTH | VI — IHME GBD 2019, Valuing Impact"
Latvia,LVA,Europe & Central Asia,High income,1897.95,diet_low_whole_grains,Diet,Diet low in whole grains,0.015829428221088498,DALY/capita,Human Capital,Health and well-being,"HEALTH | VI — IHME GBD 2019, Valuing Impact"
Latvia,LVA,Europe & Central Asia,High income,1897.95,diet_risks_total,Diet,Dietary risks — aggregate,0.0584967637325716,DALY/capita,Human Capital,Health and well-being,"HEALTH | VI — IHME GBD 2019, Valuing Impact"
Latvia,LVA,Europe & Central Asia,High income,1897.95,smoking,Lifestyle,Smoking — all causes,0.050513703089878,DALY/capita,Human Capital,Health and well-being,"HEALTH | VI — IHME GBD 2019, Valuing Impact"
"Macao SAR, China",MAC,East Asia & Pacific,High income,0.0,diet_processed_meat,Diet,Diet high in processed meat,0.0,DALY/capita,Human Capital,Health and well-being,"HEALTH | VI — IHME GBD 2019, Valuing Impact"
"Macao SAR, China",MAC,East Asia & Pacific,High income,0.0,diet_red_meat,Diet,Diet high in red meat,0.0,DALY/capita,Human Capital,Health and well-being,"HEALTH | VI — IHME GBD 2019, Valuing Impact"
"Macao SAR, China",MAC,East Asia & Pacific,High income,0.0,diet_sodium,Diet,Diet high in sodium,0.0,DALY/capita,Human Capital,Health and well-being,"HEALTH | VI — IHME GBD 2019, Valuing Impact"
"Macao SAR, China",MAC,East Asia & Pacific,High income,0.0,diet_sugary_beverages,Diet,Diet high in sugar-sweetened beverages,0.0,DALY/capita,Human Capital,Health and well-being,"HEALTH | VI — IHME GBD 2019, Valuing Impact"
"Macao SAR, China",MAC,East Asia & Pacific,High income,0.0,diet_trans_fats,Diet,Diet high in trans fats,0.0,DALY/capita,Human Capital,Health and well-being,"HEALTH | VI — IHME GBD 2019, Valuing Impact"
"Macao SAR, China",MAC,East Asia & Pacific,High income,0.0,diet_low_vegetables,Diet,Diet low in vegetables,0.0,DALY/capita,Human Capital,Health and well-being,"HEALTH | VI — IHME GBD 2019, Valuing Impact"
"Macao SAR, China",MAC,East Asia & Pacific,High income,0.0,diet_low_whole_grains,Diet,Diet low in whole grains,0.0,DALY/capita,Human Capital,Health and well-being,"HEALTH | VI — IHME GBD 2019, Valuing Impact"
"Macao SAR, China",MAC,East Asia & Pacific,High income,0.0,diet_risks_total,Diet,Dietary risks — aggregate,0.0,DALY/capita,Human Capital,Health and well-being,"HEALTH | VI — IHME GBD 2019, Valuing Impact"
St. Martin (French part),MAF,Latin America & Caribbean,High income,0.0,diet_processed_meat,Diet,Diet high in processed meat,0.0,DALY/capita,Human Capital,Health and well-being,"HEALTH | VI — IHME GBD 2019, Valuing Impact"
St. Martin (French part),MAF,Latin America & Caribbean,High income,0.0,diet_red_meat,Diet,Diet high in red meat,0.0,DALY/capita,Human Capital,Health and well-being,"HEALTH | VI — IHME GBD 2019, Valuing Impact"
St. Martin (French part),MAF,Latin America & Caribbean,High income,0.0,diet_sodium,Diet,Diet high in sodium,0.0,DALY/capita,Human Capital,Health and well-being,"HEALTH | VI — IHME GBD 2019, Valuing Impact"
St. Martin (French part),MAF,Latin America & Caribbean,High income,0.0,diet_sugary_beverages,Diet,Diet high in sugar-sweetened beverages,0.0,DALY/capita,Human Capital,Health and well-being,"HEALTH | VI — IHME GBD 2019, Valuing Impact"
St. Martin (French part),MAF,Latin America & Caribbean,High income,0.0,diet_trans_fats,Diet,Diet high in trans fats,0.0,DALY/capita,Human Capital,Health and well-being,"HEALTH | VI — IHME GBD 2019, Valuing Impact"
St. Martin (French part),MAF,Latin America & Caribbean,High income,0.0,diet_low_vegetables,Diet,Diet low in vegetables,0.0,DALY/capita,Human Capital,Health and well-being,"HEALTH | VI — IHME GBD 2019, Valuing Impact"
St. Martin (French part),MAF,Latin America & Caribbean,High income,0.0,diet_low_whole_grains,Diet,Diet low in whole grains,0.0,DALY/capita,Human Capital,Health and well-being,"HEALTH | VI — IHME GBD 2019, Valuing Impact"
St. Martin (French part),MAF,Latin America & Caribbean,High income,0.0,diet_risks_total,Diet,Dietary risks — aggregate,0.0,DALY/capita,Human Capital,Health and well-being,"HEALTH | VI — IHME GBD 2019, Valuing Impact"
Morocco,MAR,Middle East & North Africa,Lower middle income,221.11,wash_handwashing_diarrheal,WASH,No handwashing facility — diarrheal disease,0.000491888104390545,DALY/capita,Human Capital,Health and well-being,"HEALTH | VI — IHME GBD 2019, Valuing Impact"
Morocco,MAR,Middle East & North Africa,Lower middle income,221.11,wash_sanitation_diarrheal,WASH,Unsafe sanitation — diarrheal disease,0.000908385863589446,DALY/capita,Human Capital,Health and well-being,"HEALTH | VI — IHME GBD 2019, Valuing Impact"
Morocco,MAR,Middle East & North Africa,Lower middle income,221.11,wash_water_diarrheal,WASH,Unsafe water source — diarrheal disease,0.00289960410577725,DALY/capita,Human Capital,Health and well-being,"HEALTH | VI — IHME GBD 2019, Valuing Impact"
Morocco,MAR,Middle East & North Africa,Lower middle income,221.11,wash_handwashing_respiratory,WASH,No handwashing — lower respiratory infections,0.00042987615371463595,DALY/capita,Human Capital,Health and well-being,"HEALTH | VI — IHME GBD 2019, Valuing Impact"
Morocco,MAR,Middle East & North Africa,Lower middle income,221.11,ohs_secondhand_smoke,OHS,Second-hand smoke — all causes,0.00543156520210541,DALY/capita,Human Capital,Health and well-being,"HEALTH | VI — IHME GBD 2019, Valuing Impact"
Morocco,MAR,Middle East & North Africa,Lower middle income,221.11,ohs_occupational_pm,OHS,Occupational PM/gases/fumes — all causes,0.000541804266001943,DALY/capita,Human Capital,Health and well-being,"HEALTH | VI — IHME GBD 2019, Valuing Impact"
Morocco,MAR,Middle East & North Africa,Lower middle income,221.11,ohs_occupational_injuries,OHS,Occupational injuries — all causes,0.0029726881546106605,DALY/capita,Human Capital,Health and well-being,"HEALTH | VI — IHME GBD 2019, Valuing Impact"
Morocco,MAR,Middle East & North Africa,Lower middle income,221.11,diet_processed_meat,Diet,Diet high in processed meat,0.000587695149857382,DALY/capita,Human Capital,Health and well-being,"HEALTH | VI — IHME GBD 2019, Valuing Impact"
Morocco,MAR,Middle East & North Africa,Lower middle income,221.11,diet_red_meat,Diet,Diet high in red meat,0.00289446700080491,DALY/capita,Human Capital,Health and well-being,"HEALTH | VI — IHME GBD 2019, Valuing Impact"
Morocco,MAR,Middle East & North Africa,Lower middle income,221.11,diet_sodium,Diet,Diet high in sodium,0.00173371289344343,DALY/capita,Human Capital,Health and well-being,"HEALTH | VI — IHME GBD 2019, Valuing Impact"
Morocco,MAR,Middle East & North Africa,Lower middle income,221.11,diet_sugary_beverages,Diet,Diet high in sugar-sweetened beverages,0.000695104132773494,DALY/capita,Human Capital,Health and well-being,"HEALTH | VI — IHME GBD 2019, Valuing Impact"
Morocco,MAR,Middle East & North Africa,Lower middle income,221.11,diet_trans_fats,Diet,Diet high in trans fats,0.0032171642761900897,DALY/capita,Human Capital,Health and well-being,"HEALTH | VI — IHME GBD 2019, Valuing Impact"
Morocco,MAR,Middle East & North Africa,Lower middle income,221.11,diet_low_vegetables,Diet,Diet low in vegetables,0.0011586224849030199,DALY/capita,Human Capital,Health and well-being,"HEALTH | VI — IHME GBD 2019, Valuing Impact"
Morocco,MAR,Middle East & North Africa,Lower middle income,221.11,diet_low_whole_grains,Diet,Diet low in whole grains,0.013247492611367,DALY/capita,Human Capital,Health and well-being,"HEALTH | VI — IHME GBD 2019, Valuing Impact"
Morocco,MAR,Middle East & North Africa,Lower middle income,221.11,diet_risks_total,Diet,Dietary risks — aggregate,0.026516083410968398,DALY/capita,Human Capital,Health and well-being,"HEALTH | VI — IHME GBD 2019, Valuing Impact"
Morocco,MAR,Middle East & North Africa,Lower middle income,221.11,smoking,Lifestyle,Smoking — all causes,0.0177214978232902,DALY/capita,Human Capital,Health and well-being,"HEALTH | VI — IHME GBD 2019, Valuing Impact"
Monaco,MCO,Europe & Central Asia,High income,8634.26,wash_handwashing_diarrheal,WASH,No handwashing facility — diarrheal disease,1.07424647633027e-05,DALY/capita,Human Capital,Health and well-being,"HEALTH | VI — IHME GBD 2019, Valuing Impact"
Monaco,MCO,Europe & Central Asia,High income,8634.26,wash_sanitation_diarrheal,WASH,Unsafe sanitation — diarrheal disease,7.5985669623014995e-06,DALY/capita,Human Capital,Health and well-being,"HEALTH | VI — IHME GBD 2019, Valuing Impact"
Monaco,MCO,Europe & Central Asia,High income,8634.26,wash_water_diarrheal,WASH,Unsafe water source — diarrheal disease,1.4715883437459601e-05,DALY/capita,Human Capital,Health and well-being,"HEALTH | VI — IHME GBD 2019, Valuing Impact"
Monaco,MCO,Europe & Central Asia,High income,8634.26,wash_handwashing_respiratory,WASH,No handwashing — lower respiratory infections,6.95908899870968e-05,DALY/capita,Human Capital,Health and well-being,"HEALTH | VI — IHME GBD 2019, Valuing Impact"
Monaco,MCO,Europe & Central Asia,High income,8634.26,ohs_secondhand_smoke,OHS,Second-hand smoke — all causes,0.00412191877935279,DALY/capita,Human Capital,Health and well-being,"HEALTH | VI — IHME GBD 2019, Valuing Impact"
Monaco,MCO,Europe & Central Asia,High income,8634.26,ohs_occupational_pm,OHS,Occupational PM/gases/fumes — all causes,0.000893909779549358,DALY/capita,Human Capital,Health and well-being,"HEALTH | VI — IHME GBD 2019, Valuing Impact"
Monaco,MCO,Europe & Central Asia,High income,8634.26,ohs_occupational_injuries,OHS,Occupational injuries — all causes,0.00103715768522762,DALY/capita,Human Capital,Health and well-being,"HEALTH | VI — IHME GBD 2019, Valuing Impact"
Monaco,MCO,Europe & Central Asia,High income,8634.26,diet_processed_meat,Diet,Diet high in processed meat,0.0036315790921016703,DALY/capita,Human Capital,Health and well-being,"HEALTH | VI — IHME GBD 2019, Valuing Impact"
Monaco,MCO,Europe & Central Asia,High income,8634.26,diet_red_meat,Diet,Diet high in red meat,0.00732618443956299,DALY/capita,Human Capital,Health and well-being,"HEALTH | VI — IHME GBD 2019, Valuing Impact"
Monaco,MCO,Europe & Central Asia,High income,8634.26,diet_sodium,Diet,Diet high in sodium,0.00270948151800526,DALY/capita,Human Capital,Health and well-being,"HEALTH | VI — IHME GBD 2019, Valuing Impact"
Monaco,MCO,Europe & Central Asia,High income,8634.26,diet_sugary_beverages,Diet,Diet high in sugar-sweetened beverages,0.00238453957091228,DALY/capita,Human Capital,Health and well-being,"HEALTH | VI — IHME GBD 2019, Valuing Impact"
Monaco,MCO,Europe & Central Asia,High income,8634.26,diet_trans_fats,Diet,Diet high in trans fats,0.0017944671241685401,DALY/capita,Human Capital,Health and well-being,"HEALTH | VI — IHME GBD 2019, Valuing Impact"
Monaco,MCO,Europe & Central Asia,High income,8634.26,diet_low_vegetables,Diet,Diet low in vegetables,0.00020179174648408502,DALY/capita,Human Capital,Health and well-being,"HEALTH | VI — IHME GBD 2019, Valuing Impact"
Monaco,MCO,Europe & Central Asia,High income,8634.26,diet_low_whole_grains,Diet,Diet low in whole grains,0.007538733200504019,DALY/capita,Human Capital,Health and well-being,"HEALTH | VI — IHME GBD 2019, Valuing Impact"
Monaco,MCO,Europe & Central Asia,High income,8634.26,diet_risks_total,Diet,Dietary risks — aggregate,0.0253026422107679,DALY/capita,Human Capital,Health and well-being,"HEALTH | VI — IHME GBD 2019, Valuing Impact"
Monaco,MCO,Europe & Central Asia,High income,8634.26,smoking,Lifestyle,Smoking — all causes,0.0582502299666465,DALY/capita,Human Capital,Health and well-being,"HEALTH | VI — IHME GBD 2019, Valuing Impact"
Moldova,MDA,Europe & Central Asia,Upper middle income,410.12,wash_handwashing_diarrheal,WASH,No handwashing facility — diarrheal disease,0.000117027825438266,DALY/capita,Human Capital,Health and well-being,"HEALTH | VI — IHME GBD 2019, Valuing Impact"
Moldova,MDA,Europe & Central Asia,Upper middle income,410.12,wash_sanitation_diarrheal,WASH,Unsafe sanitation — diarrheal disease,0.000845261780913228,DALY/capita,Human Capital,Health and well-being,"HEALTH | VI — IHME GBD 2019, Valuing Impact"
Moldova,MDA,Europe & Central Asia,Upper middle income,410.12,wash_water_diarrheal,WASH,Unsafe water source — diarrheal disease,0.0010268596781444399,DALY/capita,Human Capital,Health and well-being,"HEALTH | VI — IHME GBD 2019, Valuing Impact"
Moldova,MDA,Europe & Central Asia,Upper middle income,410.12,wash_handwashing_respiratory,WASH,No handwashing — lower respiratory infections,0.000376041586577478,DALY/capita,Human Capital,Health and well-being,"HEALTH | VI — IHME GBD 2019, Valuing Impact"
Moldova,MDA,Europe & Central Asia,Upper middle income,410.12,ohs_secondhand_smoke,OHS,Second-hand smoke — all causes,0.00531013519469552,DALY/capita,Human Capital,Health and well-being,"HEALTH | VI — IHME GBD 2019, Valuing Impact"
Moldova,MDA,Europe & Central Asia,Upper middle income,410.12,ohs_occupational_pm,OHS,Occupational PM/gases/fumes — all causes,0.000513993913753378,DALY/capita,Human Capital,Health and well-being,"HEALTH | VI — IHME GBD 2019, Valuing Impact"
Moldova,MDA,Europe & Central Asia,Upper middle income,410.12,ohs_occupational_injuries,OHS,Occupational injuries — all causes,0.0018229191839127799,DALY/capita,Human Capital,Health and well-being,"HEALTH | VI — IHME GBD 2019, Valuing Impact"
Moldova,MDA,Europe & Central Asia,Upper middle income,410.12,diet_processed_meat,Diet,Diet high in processed meat,0.004486500525470461,DALY/capita,Human Capital,Health and well-being,"HEALTH | VI — IHME GBD 2019, Valuing Impact"
Moldova,MDA,Europe & Central Asia,Upper middle income,410.12,diet_red_meat,Diet,Diet high in red meat,0.00428634569481136,DALY/capita,Human Capital,Health and well-being,"HEALTH | VI — IHME GBD 2019, Valuing Impact"
Moldova,MDA,Europe & Central Asia,Upper middle income,410.12,diet_sodium,Diet,Diet high in sodium,0.004411323910802689,DALY/capita,Human Capital,Health and well-being,"HEALTH | VI — IHME GBD 2019, Valuing Impact"
Moldova,MDA,Europe & Central Asia,Upper middle income,410.12,diet_sugary_beverages,Diet,Diet high in sugar-sweetened beverages,0.00170746489972717,DALY/capita,Human Capital,Health and well-being,"HEALTH | VI — IHME GBD 2019, Valuing Impact"
Moldova,MDA,Europe & Central Asia,Upper middle income,410.12,diet_trans_fats,Diet,Diet high in trans fats,0.00448365377783668,DALY/capita,Human Capital,Health and well-being,"HEALTH | VI — IHME GBD 2019, Valuing Impact"
Moldova,MDA,Europe & Central Asia,Upper middle income,410.12,diet_low_vegetables,Diet,Diet low in vegetables,0.00394383998267127,DALY/capita,Human Capital,Health and well-being,"HEALTH | VI — IHME GBD 2019, Valuing Impact"
Moldova,MDA,Europe & Central Asia,Upper middle income,410.12,diet_low_whole_grains,Diet,Diet low in whole grains,0.0135501000781276,DALY/capita,Human Capital,Health and well-being,"HEALTH | VI — IHME GBD 2019, Valuing Impact"
Moldova,MDA,Europe & Central Asia,Upper middle income,410.12,diet_risks_total,Diet,Dietary risks — aggregate,0.0512693504950268,DALY/capita,Human Capital,Health and well-being,"HEALTH | VI — IHME GBD 2019, Valuing Impact"
Moldova,MDA,Europe & Central Asia,Upper middle income,410.12,smoking,Lifestyle,Smoking — all causes,0.0462302281112912,DALY/capita,Human Capital,Health and well-being,"HEALTH | VI — IHME GBD 2019, Valuing Impact"
Madagascar,MDG,Sub-Saharan Africa,Low income,17.64,wash_handwashing_diarrheal,WASH,No handwashing facility — diarrheal disease,0.0163995081936172,DALY/capita,Human Capital,Health and well-being,"HEALTH | VI — IHME GBD 2019, Valuing Impact"
Madagascar,MDG,Sub-Saharan Africa,Low income,17.64,wash_sanitation_diarrheal,WASH,Unsafe sanitation — diarrheal disease,0.033478492455937696,DALY/capita,Human Capital,Health and well-being,"HEALTH | VI — IHME GBD 2019, Valuing Impact"
Madagascar,MDG,Sub-Saharan Africa,Low income,17.64,wash_water_diarrheal,WASH,Unsafe water source — diarrheal disease,0.0433198880814142,DALY/capita,Human Capital,Health and well-being,"HEALTH | VI — IHME GBD 2019, Valuing Impact"
Madagascar,MDG,Sub-Saharan Africa,Low income,17.64,wash_handwashing_respiratory,WASH,No handwashing — lower respiratory infections,0.00656503940169802,DALY/capita,Human Capital,Health and well-being,"HEALTH | VI — IHME GBD 2019, Valuing Impact"
Madagascar,MDG,Sub-Saharan Africa,Low income,17.64,ohs_secondhand_smoke,OHS,Second-hand smoke — all causes,0.00239366530213423,DALY/capita,Human Capital,Health and well-being,"HEALTH | VI — IHME GBD 2019, Valuing Impact"
Madagascar,MDG,Sub-Saharan Africa,Low income,17.64,ohs_occupational_pm,OHS,Occupational PM/gases/fumes — all causes,0.0009177119743235799,DALY/capita,Human Capital,Health and well-being,"HEALTH | VI — IHME GBD 2019, Valuing Impact"
Madagascar,MDG,Sub-Saharan Africa,Low income,17.64,ohs_occupational_injuries,OHS,Occupational injuries — all causes,0.0045311036818479,DALY/capita,Human Capital,Health and well-being,"HEALTH | VI — IHME GBD 2019, Valuing Impact"
Madagascar,MDG,Sub-Saharan Africa,Low income,17.64,diet_processed_meat,Diet,Diet high in processed meat,0.00034276402374349097,DALY/capita,Human Capital,Health and well-being,"HEALTH | VI — IHME GBD 2019, Valuing Impact"
Madagascar,MDG,Sub-Saharan Africa,Low income,17.64,diet_red_meat,Diet,Diet high in red meat,0.00133965461011545,DALY/capita,Human Capital,Health and well-being,"HEALTH | VI — IHME GBD 2019, Valuing Impact"
Madagascar,MDG,Sub-Saharan Africa,Low income,17.64,diet_sodium,Diet,Diet high in sodium,0.003506721944148,DALY/capita,Human Capital,Health and well-being,"HEALTH | VI — IHME GBD 2019, Valuing Impact"
Madagascar,MDG,Sub-Saharan Africa,Low income,17.64,diet_sugary_beverages,Diet,Diet high in sugar-sweetened beverages,0.00026294930916223,DALY/capita,Human Capital,Health and well-being,"HEALTH | VI — IHME GBD 2019, Valuing Impact"
Madagascar,MDG,Sub-Saharan Africa,Low income,17.64,diet_trans_fats,Diet,Diet high in trans fats,0.000560838262316073,DALY/capita,Human Capital,Health and well-being,"HEALTH | VI — IHME GBD 2019, Valuing Impact"
Madagascar,MDG,Sub-Saharan Africa,Low income,17.64,diet_low_vegetables,Diet,Diet low in vegetables,0.00307292564359731,DALY/capita,Human Capital,Health and well-being,"HEALTH | VI — IHME GBD 2019, Valuing Impact"
Madagascar,MDG,Sub-Saharan Africa,Low income,17.64,diet_low_whole_grains,Diet,Diet low in whole grains,0.00204821633704306,DALY/capita,Human Capital,Health and well-being,"HEALTH | VI — IHME GBD 2019, Valuing Impact"
Madagascar,MDG,Sub-Saharan Africa,Low income,17.64,diet_risks_total,Diet,Dietary risks — aggregate,0.015382157692523102,DALY/capita,Human Capital,Health and well-being,"HEALTH | VI — IHME GBD 2019, Valuing Impact"
Madagascar,MDG,Sub-Saharan Africa,Low income,17.64,smoking,Lifestyle,Smoking — all causes,0.007275329042710611,DALY/capita,Human Capital,Health and well-being,"HEALTH | VI — IHME GBD 2019, Valuing Impact"
Maldives,MDV,South Asia,Upper middle income,1038.67,wash_handwashing_diarrheal,WASH,No handwashing facility — diarrheal disease,0.00022341167549813298,DALY/capita,Human Capital,Health and well-being,"HEALTH | VI — IHME GBD 2019, Valuing Impact"
Maldives,MDV,South Asia,Upper middle income,1038.67,wash_sanitation_diarrheal,WASH,Unsafe sanitation — diarrheal disease,0.00050630411070331,DALY/capita,Human Capital,Health and well-being,"HEALTH | VI — IHME GBD 2019, Valuing Impact"
Maldives,MDV,South Asia,Upper middle income,1038.67,wash_water_diarrheal,WASH,Unsafe water source — diarrheal disease,0.0014541466935551301,DALY/capita,Human Capital,Health and well-being,"HEALTH | VI — IHME GBD 2019, Valuing Impact"
Maldives,MDV,South Asia,Upper middle income,1038.67,wash_handwashing_respiratory,WASH,No handwashing — lower respiratory infections,0.00016027024505065298,DALY/capita,Human Capital,Health and well-being,"HEALTH | VI — IHME GBD 2019, Valuing Impact"
Maldives,MDV,South Asia,Upper middle income,1038.67,ohs_secondhand_smoke,OHS,Second-hand smoke — all causes,0.00288208395522485,DALY/capita,Human Capital,Health and well-being,"HEALTH | VI — IHME GBD 2019, Valuing Impact"
Maldives,MDV,South Asia,Upper middle income,1038.67,ohs_occupational_pm,OHS,Occupational PM/gases/fumes — all causes,0.0006277941198877209,DALY/capita,Human Capital,Health and well-being,"HEALTH | VI — IHME GBD 2019, Valuing Impact"
Maldives,MDV,South Asia,Upper middle income,1038.67,ohs_occupational_injuries,OHS,Occupational injuries — all causes,0.00429288649927579,DALY/capita,Human Capital,Health and well-being,"HEALTH | VI — IHME GBD 2019, Valuing Impact"
Maldives,MDV,South Asia,Upper middle income,1038.67,diet_processed_meat,Diet,Diet high in processed meat,0.000167701983433519,DALY/capita,Human Capital,Health and well-being,"HEALTH | VI — IHME GBD 2019, Valuing Impact"
Maldives,MDV,South Asia,Upper middle income,1038.67,diet_red_meat,Diet,Diet high in red meat,0.000458264952258835,DALY/capita,Human Capital,Health and well-being,"HEALTH | VI — IHME GBD 2019, Valuing Impact"
Maldives,MDV,South Asia,Upper middle income,1038.67,diet_sodium,Diet,Diet high in sodium,0.0031737864023500904,DALY/capita,Human Capital,Health and well-being,"HEALTH | VI — IHME GBD 2019, Valuing Impact"
Maldives,MDV,South Asia,Upper middle income,1038.67,diet_sugary_beverages,Diet,Diet high in sugar-sweetened beverages,0.000550930442854862,DALY/capita,Human Capital,Health and well-being,"HEALTH | VI — IHME GBD 2019, Valuing Impact"
Maldives,MDV,South Asia,Upper middle income,1038.67,diet_trans_fats,Diet,Diet high in trans fats,0.000697660854235766,DALY/capita,Human Capital,Health and well-being,"HEALTH | VI — IHME GBD 2019, Valuing Impact"
Maldives,MDV,South Asia,Upper middle income,1038.67,diet_low_vegetables,Diet,Diet low in vegetables,0.0011284569004346601,DALY/capita,Human Capital,Health and well-being,"HEALTH | VI — IHME GBD 2019, Valuing Impact"
Maldives,MDV,South Asia,Upper middle income,1038.67,diet_low_whole_grains,Diet,Diet low in whole grains,0.00342408971017194,DALY/capita,Human Capital,Health and well-being,"HEALTH | VI — IHME GBD 2019, Valuing Impact"
Maldives,MDV,South Asia,Upper middle income,1038.67,diet_risks_total,Diet,Dietary risks — aggregate,0.012760243820159702,DALY/capita,Human Capital,Health and well-being,"HEALTH | VI — IHME GBD 2019, Valuing Impact"
Maldives,MDV,South Asia,Upper middle income,1038.67,smoking,Lifestyle,Smoking — all causes,0.0124073299883423,DALY/capita,Human Capital,Health and well-being,"HEALTH | VI — IHME GBD 2019, Valuing Impact"
Mexico,MEX,Latin America & Caribbean,Upper middle income,610.65,wash_handwashing_diarrheal,WASH,No handwashing facility — diarrheal disease,0.00018342076841322398,DALY/capita,Human Capital,Health and well-being,"HEALTH | VI — IHME GBD 2019, Valuing Impact"
Mexico,MEX,Latin America & Caribbean,Upper middle income,610.65,wash_sanitation_diarrheal,WASH,Unsafe sanitation — diarrheal disease,0.00043080830793484405,DALY/capita,Human Capital,Health and well-being,"HEALTH | VI — IHME GBD 2019, Valuing Impact"
Mexico,MEX,Latin America & Caribbean,Upper middle income,610.65,wash_water_diarrheal,WASH,Unsafe water source — diarrheal disease,0.0010787273772446299,DALY/capita,Human Capital,Health and well-being,"HEALTH | VI — IHME GBD 2019, Valuing Impact"
Mexico,MEX,Latin America & Caribbean,Upper middle income,610.65,wash_handwashing_respiratory,WASH,No handwashing — lower respiratory infections,0.000278794395019828,DALY/capita,Human Capital,Health and well-being,"HEALTH | VI — IHME GBD 2019, Valuing Impact"
Mexico,MEX,Latin America & Caribbean,Upper middle income,610.65,ohs_secondhand_smoke,OHS,Second-hand smoke — all causes,0.0027501001472259997,DALY/capita,Human Capital,Health and well-being,"HEALTH | VI — IHME GBD 2019, Valuing Impact"
Mexico,MEX,Latin America & Caribbean,Upper middle income,610.65,ohs_occupational_pm,OHS,Occupational PM/gases/fumes — all causes,0.000704455871830814,DALY/capita,Human Capital,Health and well-being,"HEALTH | VI — IHME GBD 2019, Valuing Impact"
Mexico,MEX,Latin America & Caribbean,Upper middle income,610.65,ohs_occupational_injuries,OHS,Occupational injuries — all causes,0.00241985281163167,DALY/capita,Human Capital,Health and well-being,"HEALTH | VI — IHME GBD 2019, Valuing Impact"
Mexico,MEX,Latin America & Caribbean,Upper middle income,610.65,diet_processed_meat,Diet,Diet high in processed meat,0.00123643697932267,DALY/capita,Human Capital,Health and well-being,"HEALTH | VI — IHME GBD 2019, Valuing Impact"
Mexico,MEX,Latin America & Caribbean,Upper middle income,610.65,diet_red_meat,Diet,Diet high in red meat,0.0035572245891706098,DALY/capita,Human Capital,Health and well-being,"HEALTH | VI — IHME GBD 2019, Valuing Impact"
Mexico,MEX,Latin America & Caribbean,Upper middle income,610.65,diet_sodium,Diet,Diet high in sodium,0.00233006415826762,DALY/capita,Human Capital,Health and well-being,"HEALTH | VI — IHME GBD 2019, Valuing Impact"
Mexico,MEX,Latin America & Caribbean,Upper middle income,610.65,diet_sugary_beverages,Diet,Diet high in sugar-sweetened beverages,0.0021339372011533997,DALY/capita,Human Capital,Health and well-being,"HEALTH | VI — IHME GBD 2019, Valuing Impact"
Mexico,MEX,Latin America & Caribbean,Upper middle income,610.65,diet_trans_fats,Diet,Diet high in trans fats,0.0017077601352813202,DALY/capita,Human Capital,Health and well-being,"HEALTH | VI — IHME GBD 2019, Valuing Impact"
Mexico,MEX,Latin America & Caribbean,Upper middle income,610.65,diet_low_vegetables,Diet,Diet low in vegetables,0.00134322293404909,DALY/capita,Human Capital,Health and well-being,"HEALTH | VI — IHME GBD 2019, Valuing Impact"
Mexico,MEX,Latin America & Caribbean,Upper middle income,610.65,diet_low_whole_grains,Diet,Diet low in whole grains,0.00317718313409713,DALY/capita,Human Capital,Health and well-being,"HEALTH | VI — IHME GBD 2019, Valuing Impact"
Mexico,MEX,Latin America & Caribbean,Upper middle income,610.65,diet_risks_total,Diet,Dietary risks — aggregate,0.0170246737798295,DALY/capita,Human Capital,Health and well-being,"HEALTH | VI — IHME GBD 2019, Valuing Impact"
Mexico,MEX,Latin America & Caribbean,Upper middle income,610.65,smoking,Lifestyle,Smoking — all causes,0.009747259982960799,DALY/capita,Human Capital,Health and well-being,"HEALTH | VI — IHME GBD 2019, Valuing Impact"
Marshall Islands,MHL,East Asia & Pacific,Upper middle income,766.94,wash_handwashing_diarrheal,WASH,No handwashing facility — diarrheal disease,0.000392882049301005,DALY/capita,Human Capital,Health and well-being,"HEALTH | VI — IHME GBD 2019, Valuing Impact"
Marshall Islands,MHL,East Asia & Pacific,Upper middle income,766.94,wash_sanitation_diarrheal,WASH,Unsafe sanitation — diarrheal disease,0.00203459371038668,DALY/capita,Human Capital,Health and well-being,"HEALTH | VI — IHME GBD 2019, Valuing Impact"
Marshall Islands,MHL,East Asia & Pacific,Upper middle income,766.94,wash_water_diarrheal,WASH,Unsafe water source — diarrheal disease,0.00415119118650506,DALY/capita,Human Capital,Health and well-being,"HEALTH | VI — IHME GBD 2019, Valuing Impact"
Marshall Islands,MHL,East Asia & Pacific,Upper middle income,766.94,wash_handwashing_respiratory,WASH,No handwashing — lower respiratory infections,0.000733680693536772,DALY/capita,Human Capital,Health and well-being,"HEALTH | VI — IHME GBD 2019, Valuing Impact"
Marshall Islands,MHL,East Asia & Pacific,Upper middle income,766.94,ohs_secondhand_smoke,OHS,Second-hand smoke — all causes,0.0112572657876323,DALY/capita,Human Capital,Health and well-being,"HEALTH | VI — IHME GBD 2019, Valuing Impact"
Marshall Islands,MHL,East Asia & Pacific,Upper middle income,766.94,ohs_occupational_pm,OHS,Occupational PM/gases/fumes — all causes,0.0006805140079217659,DALY/capita,Human Capital,Health and well-being,"HEALTH | VI — IHME GBD 2019, Valuing Impact"
Marshall Islands,MHL,East Asia & Pacific,Upper middle income,766.94,ohs_occupational_injuries,OHS,Occupational injuries — all causes,0.0018703170281376298,DALY/capita,Human Capital,Health and well-being,"HEALTH | VI — IHME GBD 2019, Valuing Impact"
Marshall Islands,MHL,East Asia & Pacific,Upper middle income,766.94,diet_processed_meat,Diet,Diet high in processed meat,0.0011046934657623,DALY/capita,Human Capital,Health and well-being,"HEALTH | VI — IHME GBD 2019, Valuing Impact"
Marshall Islands,MHL,East Asia & Pacific,Upper middle income,766.94,diet_red_meat,Diet,Diet high in red meat,0.0060125405897364,DALY/capita,Human Capital,Health and well-being,"HEALTH | VI — IHME GBD 2019, Valuing Impact"
Marshall Islands,MHL,East Asia & Pacific,Upper middle income,766.94,diet_sodium,Diet,Diet high in sodium,0.006395156548194771,DALY/capita,Human Capital,Health and well-being,"HEALTH | VI — IHME GBD 2019, Valuing Impact"
Marshall Islands,MHL,East Asia & Pacific,Upper middle income,766.94,diet_sugary_beverages,Diet,Diet high in sugar-sweetened beverages,0.0013840881929786499,DALY/capita,Human Capital,Health and well-being,"HEALTH | VI — IHME GBD 2019, Valuing Impact"
Marshall Islands,MHL,East Asia & Pacific,Upper middle income,766.94,diet_trans_fats,Diet,Diet high in trans fats,0.0026564584033225403,DALY/capita,Human Capital,Health and well-being,"HEALTH | VI — IHME GBD 2019, Valuing Impact"
Marshall Islands,MHL,East Asia & Pacific,Upper middle income,766.94,diet_low_vegetables,Diet,Diet low in vegetables,0.0078073386336559,DALY/capita,Human Capital,Health and well-being,"HEALTH | VI — IHME GBD 2019, Valuing Impact"
Marshall Islands,MHL,East Asia & Pacific,Upper middle income,766.94,diet_low_whole_grains,Diet,Diet low in whole grains,0.012273365456952299,DALY/capita,Human Capital,Health and well-being,"HEALTH | VI — IHME GBD 2019, Valuing Impact"
Marshall Islands,MHL,East Asia & Pacific,Upper middle income,766.94,diet_risks_total,Diet,Dietary risks — aggregate,0.0456011017160944,DALY/capita,Human Capital,Health and well-being,"HEALTH | VI — IHME GBD 2019, Valuing Impact"
Marshall Islands,MHL,East Asia & Pacific,Upper middle income,766.94,smoking,Lifestyle,Smoking — all causes,0.033259200573673105,DALY/capita,Human Capital,Health and well-being,"HEALTH | VI — IHME GBD 2019, Valuing Impact"
North Macedonia,MKD,Europe & Central Asia,Upper middle income,560.31,wash_handwashing_diarrheal,WASH,No handwashing facility — diarrheal disease,2.85474672117145e-05,DALY/capita,Human Capital,Health and well-being,"HEALTH | VI — IHME GBD 2019, Valuing Impact"
North Macedonia,MKD,Europe & Central Asia,Upper middle income,560.31,wash_sanitation_diarrheal,WASH,Unsafe sanitation — diarrheal disease,0.000218674077489555,DALY/capita,Human Capital,Health and well-being,"HEALTH | VI — IHME GBD 2019, Valuing Impact"
North Macedonia,MKD,Europe & Central Asia,Upper middle income,560.31,wash_water_diarrheal,WASH,Unsafe water source — diarrheal disease,0.000547619316790986,DALY/capita,Human Capital,Health and well-being,"HEALTH | VI — IHME GBD 2019, Valuing Impact"
North Macedonia,MKD,Europe & Central Asia,Upper middle income,560.31,wash_handwashing_respiratory,WASH,No handwashing — lower respiratory infections,2.062078247494e-05,DALY/capita,Human Capital,Health and well-being,"HEALTH | VI — IHME GBD 2019, Valuing Impact"
North Macedonia,MKD,Europe & Central Asia,Upper middle income,560.31,ohs_secondhand_smoke,OHS,Second-hand smoke — all causes,0.0100994378556664,DALY/capita,Human Capital,Health and well-being,"HEALTH | VI — IHME GBD 2019, Valuing Impact"
North Macedonia,MKD,Europe & Central Asia,Upper middle income,560.31,ohs_occupational_pm,OHS,Occupational PM/gases/fumes — all causes,0.000514880330096626,DALY/capita,Human Capital,Health and well-being,"HEALTH | VI — IHME GBD 2019, Valuing Impact"
North Macedonia,MKD,Europe & Central Asia,Upper middle income,560.31,ohs_occupational_injuries,OHS,Occupational injuries — all causes,0.00233031452148436,DALY/capita,Human Capital,Health and well-being,"HEALTH | VI — IHME GBD 2019, Valuing Impact"
North Macedonia,MKD,Europe & Central Asia,Upper middle income,560.31,diet_processed_meat,Diet,Diet high in processed meat,0.00392167507255086,DALY/capita,Human Capital,Health and well-being,"HEALTH | VI — IHME GBD 2019, Valuing Impact"
North Macedonia,MKD,Europe & Central Asia,Upper middle income,560.31,diet_red_meat,Diet,Diet high in red meat,0.005506785233441379,DALY/capita,Human Capital,Health and well-being,"HEALTH | VI — IHME GBD 2019, Valuing Impact"
North Macedonia,MKD,Europe & Central Asia,Upper middle income,560.31,diet_sodium,Diet,Diet high in sodium,0.022390608001565903,DALY/capita,Human Capital,Health and well-being,"HEALTH | VI — IHME GBD 2019, Valuing Impact"
North Macedonia,MKD,Europe & Central Asia,Upper middle income,560.31,diet_sugary_beverages,Diet,Diet high in sugar-sweetened beverages,0.00169366734187646,DALY/capita,Human Capital,Health and well-being,"HEALTH | VI — IHME GBD 2019, Valuing Impact"
North Macedonia,MKD,Europe & Central Asia,Upper middle income,560.31,diet_trans_fats,Diet,Diet high in trans fats,0.00257115569618409,DALY/capita,Human Capital,Health and well-being,"HEALTH | VI — IHME GBD 2019, Valuing Impact"
North Macedonia,MKD,Europe & Central Asia,Upper middle income,560.31,diet_low_vegetables,Diet,Diet low in vegetables,0.000372416514307479,DALY/capita,Human Capital,Health and well-being,"HEALTH | VI — IHME GBD 2019, Valuing Impact"
North Macedonia,MKD,Europe & Central Asia,Upper middle income,560.31,diet_low_whole_grains,Diet,Diet low in whole grains,0.0137566963992473,DALY/capita,Human Capital,Health and well-being,"HEALTH | VI — IHME GBD 2019, Valuing Impact"
North Macedonia,MKD,Europe & Central Asia,Upper middle income,560.31,diet_risks_total,Diet,Dietary risks — aggregate,0.0543091412551256,DALY/capita,Human Capital,Health and well-being,"HEALTH | VI — IHME GBD 2019, Valuing Impact"
North Macedonia,MKD,Europe & Central Asia,Upper middle income,560.31,smoking,Lifestyle,Smoking — all causes,0.0668329478956251,DALY/capita,Human Capital,Health and well-being,"HEALTH | VI — IHME GBD 2019, Valuing Impact"
Mali,MLI,Sub-Saharan Africa,Low income,40.12,wash_handwashing_diarrheal,WASH,No handwashing facility — diarrheal disease,0.0127930636366273,DALY/capita,Human Capital,Health and well-being,"HEALTH | VI — IHME GBD 2019, Valuing Impact"
Mali,MLI,Sub-Saharan Africa,Low income,40.12,wash_sanitation_diarrheal,WASH,Unsafe sanitation — diarrheal disease,0.025561099929534998,DALY/capita,Human Capital,Health and well-being,"HEALTH | VI — IHME GBD 2019, Valuing Impact"
Mali,MLI,Sub-Saharan Africa,Low income,40.12,wash_water_diarrheal,WASH,Unsafe water source — diarrheal disease,0.0344413467791874,DALY/capita,Human Capital,Health and well-being,"HEALTH | VI — IHME GBD 2019, Valuing Impact"
Mali,MLI,Sub-Saharan Africa,Low income,40.12,wash_handwashing_respiratory,WASH,No handwashing — lower respiratory infections,0.0113244281092516,DALY/capita,Human Capital,Health and well-being,"HEALTH | VI — IHME GBD 2019, Valuing Impact"
Mali,MLI,Sub-Saharan Africa,Low income,40.12,ohs_secondhand_smoke,OHS,Second-hand smoke — all causes,0.00298335088136658,DALY/capita,Human Capital,Health and well-being,"HEALTH | VI — IHME GBD 2019, Valuing Impact"
Mali,MLI,Sub-Saharan Africa,Low income,40.12,ohs_occupational_pm,OHS,Occupational PM/gases/fumes — all causes,0.000652190973711964,DALY/capita,Human Capital,Health and well-being,"HEALTH | VI — IHME GBD 2019, Valuing Impact"
Mali,MLI,Sub-Saharan Africa,Low income,40.12,ohs_occupational_injuries,OHS,Occupational injuries — all causes,0.00292609725622606,DALY/capita,Human Capital,Health and well-being,"HEALTH | VI — IHME GBD 2019, Valuing Impact"
Mali,MLI,Sub-Saharan Africa,Low income,40.12,diet_processed_meat,Diet,Diet high in processed meat,0.000502804307560052,DALY/capita,Human Capital,Health and well-being,"HEALTH | VI — IHME GBD 2019, Valuing Impact"
Mali,MLI,Sub-Saharan Africa,Low income,40.12,diet_red_meat,Diet,Diet high in red meat,0.00128240622216257,DALY/capita,Human Capital,Health and well-being,"HEALTH | VI — IHME GBD 2019, Valuing Impact"
Mali,MLI,Sub-Saharan Africa,Low income,40.12,diet_sodium,Diet,Diet high in sodium,0.00127932334128432,DALY/capita,Human Capital,Health and well-being,"HEALTH | VI — IHME GBD 2019, Valuing Impact"
Mali,MLI,Sub-Saharan Africa,Low income,40.12,diet_sugary_beverages,Diet,Diet high in sugar-sweetened beverages,0.000240545742527298,DALY/capita,Human Capital,Health and well-being,"HEALTH | VI — IHME GBD 2019, Valuing Impact"
Mali,MLI,Sub-Saharan Africa,Low income,40.12,diet_trans_fats,Diet,Diet high in trans fats,0.000353917787558619,DALY/capita,Human Capital,Health and well-being,"HEALTH | VI — IHME GBD 2019, Valuing Impact"
Mali,MLI,Sub-Saharan Africa,Low income,40.12,diet_low_vegetables,Diet,Diet low in vegetables,0.0014093872904675498,DALY/capita,Human Capital,Health and well-being,"HEALTH | VI — IHME GBD 2019, Valuing Impact"
Mali,MLI,Sub-Saharan Africa,Low income,40.12,diet_low_whole_grains,Diet,Diet low in whole grains,0.00162287656818176,DALY/capita,Human Capital,Health and well-being,"HEALTH | VI — IHME GBD 2019, Valuing Impact"
Mali,MLI,Sub-Saharan Africa,Low income,40.12,diet_risks_total,Diet,Dietary risks — aggregate,0.00848423691816771,DALY/capita,Human Capital,Health and well-being,"HEALTH | VI — IHME GBD 2019, Valuing Impact"
Mali,MLI,Sub-Saharan Africa,Low income,40.12,smoking,Lifestyle,Smoking — all causes,0.00495336852587353,DALY/capita,Human Capital,Health and well-being,"HEALTH | VI — IHME GBD 2019, Valuing Impact"
Malta,MLT,Middle East & North Africa,High income,3641.62,wash_handwashing_diarrheal,WASH,No handwashing facility — diarrheal disease,9.35539235389783e-06,DALY/capita,Human Capital,Health and well-being,"HEALTH | VI — IHME GBD 2019, Valuing Impact"
Malta,MLT,Middle East & North Africa,High income,3641.62,wash_sanitation_diarrheal,WASH,Unsafe sanitation — diarrheal disease,1.65965407592197e-05,DALY/capita,Human Capital,Health and well-being,"HEALTH | VI — IHME GBD 2019, Valuing Impact"
Malta,MLT,Middle East & North Africa,High income,3641.62,wash_water_diarrheal,WASH,Unsafe water source — diarrheal disease,1.91924468117383e-05,DALY/capita,Human Capital,Health and well-being,"HEALTH | VI — IHME GBD 2019, Valuing Impact"
Malta,MLT,Middle East & North Africa,High income,3641.62,wash_handwashing_respiratory,WASH,No handwashing — lower respiratory infections,5.36735860890085e-05,DALY/capita,Human Capital,Health and well-being,"HEALTH | VI — IHME GBD 2019, Valuing Impact"
Malta,MLT,Middle East & North Africa,High income,3641.62,ohs_secondhand_smoke,OHS,Second-hand smoke — all causes,0.00297983103006762,DALY/capita,Human Capital,Health and well-being,"HEALTH | VI — IHME GBD 2019, Valuing Impact"
Malta,MLT,Middle East & North Africa,High income,3641.62,ohs_occupational_pm,OHS,Occupational PM/gases/fumes — all causes,0.000620636484334202,DALY/capita,Human Capital,Health and well-being,"HEALTH | VI — IHME GBD 2019, Valuing Impact"
Malta,MLT,Middle East & North Africa,High income,3641.62,ohs_occupational_injuries,OHS,Occupational injuries — all causes,0.0020120606992142,DALY/capita,Human Capital,Health and well-being,"HEALTH | VI — IHME GBD 2019, Valuing Impact"
Malta,MLT,Middle East & North Africa,High income,3641.62,diet_processed_meat,Diet,Diet high in processed meat,0.00435476812372343,DALY/capita,Human Capital,Health and well-being,"HEALTH | VI — IHME GBD 2019, Valuing Impact"
Malta,MLT,Middle East & North Africa,High income,3641.62,diet_red_meat,Diet,Diet high in red meat,0.0040694618390503595,DALY/capita,Human Capital,Health and well-being,"HEALTH | VI — IHME GBD 2019, Valuing Impact"
Malta,MLT,Middle East & North Africa,High income,3641.62,diet_sodium,Diet,Diet high in sodium,0.00337159873879593,DALY/capita,Human Capital,Health and well-being,"HEALTH | VI — IHME GBD 2019, Valuing Impact"
Malta,MLT,Middle East & North Africa,High income,3641.62,diet_sugary_beverages,Diet,Diet high in sugar-sweetened beverages,0.00175900338409095,DALY/capita,Human Capital,Health and well-being,"HEALTH | VI — IHME GBD 2019, Valuing Impact"
Malta,MLT,Middle East & North Africa,High income,3641.62,diet_trans_fats,Diet,Diet high in trans fats,0.0018978003737207,DALY/capita,Human Capital,Health and well-being,"HEALTH | VI — IHME GBD 2019, Valuing Impact"
Malta,MLT,Middle East & North Africa,High income,3641.62,diet_low_vegetables,Diet,Diet low in vegetables,0.0005639093313808111,DALY/capita,Human Capital,Health and well-being,"HEALTH | VI — IHME GBD 2019, Valuing Impact"
Malta,MLT,Middle East & North Africa,High income,3641.62,diet_low_whole_grains,Diet,Diet low in whole grains,0.00959334850658009,DALY/capita,Human Capital,Health and well-being,"HEALTH | VI — IHME GBD 2019, Valuing Impact"
Malta,MLT,Middle East & North Africa,High income,3641.62,diet_risks_total,Diet,Dietary risks — aggregate,0.0277929871513875,DALY/capita,Human Capital,Health and well-being,"HEALTH | VI — IHME GBD 2019, Valuing Impact"
Malta,MLT,Middle East & North Africa,High income,3641.62,smoking,Lifestyle,Smoking — all causes,0.0326614193445656,DALY/capita,Human Capital,Health and well-being,"HEALTH | VI — IHME GBD 2019, Valuing Impact"
Myanmar,MMR,East Asia & Pacific,Lower middle income,65.23,wash_handwashing_diarrheal,WASH,No handwashing facility — diarrheal disease,0.00103043821898883,DALY/capita,Human Capital,Health and well-being,"HEALTH | VI — IHME GBD 2019, Valuing Impact"
Myanmar,MMR,East Asia & Pacific,Lower middle income,65.23,wash_sanitation_diarrheal,WASH,Unsafe sanitation — diarrheal disease,0.00304250751561902,DALY/capita,Human Capital,Health and well-being,"HEALTH | VI — IHME GBD 2019, Valuing Impact"
Myanmar,MMR,East Asia & Pacific,Lower middle income,65.23,wash_water_diarrheal,WASH,Unsafe water source — diarrheal disease,0.00502745480166636,DALY/capita,Human Capital,Health and well-being,"HEALTH | VI — IHME GBD 2019, Valuing Impact"
Myanmar,MMR,East Asia & Pacific,Lower middle income,65.23,wash_handwashing_respiratory,WASH,No handwashing — lower respiratory infections,0.0018861522117108501,DALY/capita,Human Capital,Health and well-being,"HEALTH | VI — IHME GBD 2019, Valuing Impact"
Myanmar,MMR,East Asia & Pacific,Lower middle income,65.23,ohs_secondhand_smoke,OHS,Second-hand smoke — all causes,0.006196637039535081,DALY/capita,Human Capital,Health and well-being,"HEALTH | VI — IHME GBD 2019, Valuing Impact"
Myanmar,MMR,East Asia & Pacific,Lower middle income,65.23,ohs_occupational_pm,OHS,Occupational PM/gases/fumes — all causes,0.0018470369332938298,DALY/capita,Human Capital,Health and well-being,"HEALTH | VI — IHME GBD 2019, Valuing Impact"
Myanmar,MMR,East Asia & Pacific,Lower middle income,65.23,ohs_occupational_injuries,OHS,Occupational injuries — all causes,0.0017969104602135598,DALY/capita,Human Capital,Health and well-being,"HEALTH | VI — IHME GBD 2019, Valuing Impact"
Myanmar,MMR,East Asia & Pacific,Lower middle income,65.23,diet_processed_meat,Diet,Diet high in processed meat,0.00032775980462297497,DALY/capita,Human Capital,Health and well-being,"HEALTH | VI — IHME GBD 2019, Valuing Impact"
Myanmar,MMR,East Asia & Pacific,Lower middle income,65.23,diet_red_meat,Diet,Diet high in red meat,0.00273058506289959,DALY/capita,Human Capital,Health and well-being,"HEALTH | VI — IHME GBD 2019, Valuing Impact"
Myanmar,MMR,East Asia & Pacific,Lower middle income,65.23,diet_sodium,Diet,Diet high in sodium,0.00795309488010376,DALY/capita,Human Capital,Health and well-being,"HEALTH | VI — IHME GBD 2019, Valuing Impact"
Myanmar,MMR,East Asia & Pacific,Lower middle income,65.23,diet_sugary_beverages,Diet,Diet high in sugar-sweetened beverages,0.000637677378773325,DALY/capita,Human Capital,Health and well-being,"HEALTH | VI — IHME GBD 2019, Valuing Impact"
Myanmar,MMR,East Asia & Pacific,Lower middle income,65.23,diet_trans_fats,Diet,Diet high in trans fats,0.000860852573231064,DALY/capita,Human Capital,Health and well-being,"HEALTH | VI — IHME GBD 2019, Valuing Impact"
Myanmar,MMR,East Asia & Pacific,Lower middle income,65.23,diet_low_vegetables,Diet,Diet low in vegetables,0.00279507007623066,DALY/capita,Human Capital,Health and well-being,"HEALTH | VI — IHME GBD 2019, Valuing Impact"
Myanmar,MMR,East Asia & Pacific,Lower middle income,65.23,diet_low_whole_grains,Diet,Diet low in whole grains,0.00364547542343084,DALY/capita,Human Capital,Health and well-being,"HEALTH | VI — IHME GBD 2019, Valuing Impact"
Myanmar,MMR,East Asia & Pacific,Lower middle income,65.23,diet_risks_total,Diet,Dietary risks — aggregate,0.0273602369211831,DALY/capita,Human Capital,Health and well-being,"HEALTH | VI — IHME GBD 2019, Valuing Impact"
Myanmar,MMR,East Asia & Pacific,Lower middle income,65.23,smoking,Lifestyle,Smoking — all causes,0.028325820655510602,DALY/capita,Human Capital,Health and well-being,"HEALTH | VI — IHME GBD 2019, Valuing Impact"
Montenegro,MNE,Europe & Central Asia,Upper middle income,985.09,wash_handwashing_diarrheal,WASH,No handwashing facility — diarrheal disease,2.36451186754869e-05,DALY/capita,Human Capital,Health and well-being,"HEALTH | VI — IHME GBD 2019, Valuing Impact"
Montenegro,MNE,Europe & Central Asia,Upper middle income,985.09,wash_sanitation_diarrheal,WASH,Unsafe sanitation — diarrheal disease,7.735790678215099e-05,DALY/capita,Human Capital,Health and well-being,"HEALTH | VI — IHME GBD 2019, Valuing Impact"
Montenegro,MNE,Europe & Central Asia,Upper middle income,985.09,wash_water_diarrheal,WASH,Unsafe water source — diarrheal disease,0.000629294361333202,DALY/capita,Human Capital,Health and well-being,"HEALTH | VI — IHME GBD 2019, Valuing Impact"
Montenegro,MNE,Europe & Central Asia,Upper middle income,985.09,wash_handwashing_respiratory,WASH,No handwashing — lower respiratory infections,2.6944298123594602e-05,DALY/capita,Human Capital,Health and well-being,"HEALTH | VI — IHME GBD 2019, Valuing Impact"
Montenegro,MNE,Europe & Central Asia,Upper middle income,985.09,ohs_secondhand_smoke,OHS,Second-hand smoke — all causes,0.0091919103529955,DALY/capita,Human Capital,Health and well-being,"HEALTH | VI — IHME GBD 2019, Valuing Impact"
Montenegro,MNE,Europe & Central Asia,Upper middle income,985.09,ohs_occupational_pm,OHS,Occupational PM/gases/fumes — all causes,0.000223223441330808,DALY/capita,Human Capital,Health and well-being,"HEALTH | VI — IHME GBD 2019, Valuing Impact"
Montenegro,MNE,Europe & Central Asia,Upper middle income,985.09,ohs_occupational_injuries,OHS,Occupational injuries — all causes,0.0016878023413523801,DALY/capita,Human Capital,Health and well-being,"HEALTH | VI — IHME GBD 2019, Valuing Impact"
Montenegro,MNE,Europe & Central Asia,Upper middle income,985.09,diet_processed_meat,Diet,Diet high in processed meat,0.00432947469441279,DALY/capita,Human Capital,Health and well-being,"HEALTH | VI — IHME GBD 2019, Valuing Impact"
Montenegro,MNE,Europe & Central Asia,Upper middle income,985.09,diet_red_meat,Diet,Diet high in red meat,0.00934253599679732,DALY/capita,Human Capital,Health and well-being,"HEALTH | VI — IHME GBD 2019, Valuing Impact"
Montenegro,MNE,Europe & Central Asia,Upper middle income,985.09,diet_sodium,Diet,Diet high in sodium,0.0202288834324574,DALY/capita,Human Capital,Health and well-being,"HEALTH | VI — IHME GBD 2019, Valuing Impact"
Montenegro,MNE,Europe & Central Asia,Upper middle income,985.09,diet_sugary_beverages,Diet,Diet high in sugar-sweetened beverages,0.00107153049218364,DALY/capita,Human Capital,Health and well-being,"HEALTH | VI — IHME GBD 2019, Valuing Impact"
Montenegro,MNE,Europe & Central Asia,Upper middle income,985.09,diet_trans_fats,Diet,Diet high in trans fats,0.0027015587024561104,DALY/capita,Human Capital,Health and well-being,"HEALTH | VI — IHME GBD 2019, Valuing Impact"
Montenegro,MNE,Europe & Central Asia,Upper middle income,985.09,diet_low_vegetables,Diet,Diet low in vegetables,0.000298519068863666,DALY/capita,Human Capital,Health and well-being,"HEALTH | VI — IHME GBD 2019, Valuing Impact"
Montenegro,MNE,Europe & Central Asia,Upper middle income,985.09,diet_low_whole_grains,Diet,Diet low in whole grains,0.0107304768187308,DALY/capita,Human Capital,Health and well-being,"HEALTH | VI — IHME GBD 2019, Valuing Impact"
Montenegro,MNE,Europe & Central Asia,Upper middle income,985.09,diet_risks_total,Diet,Dietary risks — aggregate,0.0506603739456122,DALY/capita,Human Capital,Health and well-being,"HEALTH | VI — IHME GBD 2019, Valuing Impact"
Montenegro,MNE,Europe & Central Asia,Upper middle income,985.09,smoking,Lifestyle,Smoking — all causes,0.0742271305462637,DALY/capita,Human Capital,Health and well-being,"HEALTH | VI — IHME GBD 2019, Valuing Impact"
Mongolia,MNG,East Asia & Pacific,Lower middle income,315.58,wash_handwashing_diarrheal,WASH,No handwashing facility — diarrheal disease,0.00037704815003130595,DALY/capita,Human Capital,Health and well-being,"HEALTH | VI — IHME GBD 2019, Valuing Impact"
Mongolia,MNG,East Asia & Pacific,Lower middle income,315.58,wash_sanitation_diarrheal,WASH,Unsafe sanitation — diarrheal disease,0.0016772575670029098,DALY/capita,Human Capital,Health and well-being,"HEALTH | VI — IHME GBD 2019, Valuing Impact"
Mongolia,MNG,East Asia & Pacific,Lower middle income,315.58,wash_water_diarrheal,WASH,Unsafe water source — diarrheal disease,0.00207827373457059,DALY/capita,Human Capital,Health and well-being,"HEALTH | VI — IHME GBD 2019, Valuing Impact"
Mongolia,MNG,East Asia & Pacific,Lower middle income,315.58,wash_handwashing_respiratory,WASH,No handwashing — lower respiratory infections,0.000875208599833045,DALY/capita,Human Capital,Health and well-being,"HEALTH | VI — IHME GBD 2019, Valuing Impact"
Mongolia,MNG,East Asia & Pacific,Lower middle income,315.58,ohs_secondhand_smoke,OHS,Second-hand smoke — all causes,0.005695675854640229,DALY/capita,Human Capital,Health and well-being,"HEALTH | VI — IHME GBD 2019, Valuing Impact"
Mongolia,MNG,East Asia & Pacific,Lower middle income,315.58,ohs_occupational_pm,OHS,Occupational PM/gases/fumes — all causes,0.0003603679815461,DALY/capita,Human Capital,Health and well-being,"HEALTH | VI — IHME GBD 2019, Valuing Impact"
Mongolia,MNG,East Asia & Pacific,Lower middle income,315.58,ohs_occupational_injuries,OHS,Occupational injuries — all causes,0.0016956339294626301,DALY/capita,Human Capital,Health and well-being,"HEALTH | VI — IHME GBD 2019, Valuing Impact"
Mongolia,MNG,East Asia & Pacific,Lower middle income,315.58,diet_processed_meat,Diet,Diet high in processed meat,0.00158160558212745,DALY/capita,Human Capital,Health and well-being,"HEALTH | VI — IHME GBD 2019, Valuing Impact"
Mongolia,MNG,East Asia & Pacific,Lower middle income,315.58,diet_red_meat,Diet,Diet high in red meat,0.0138557527210277,DALY/capita,Human Capital,Health and well-being,"HEALTH | VI — IHME GBD 2019, Valuing Impact"
Mongolia,MNG,East Asia & Pacific,Lower middle income,315.58,diet_sodium,Diet,Diet high in sodium,0.00674328236053251,DALY/capita,Human Capital,Health and well-being,"HEALTH | VI — IHME GBD 2019, Valuing Impact"
Mongolia,MNG,East Asia & Pacific,Lower middle income,315.58,diet_sugary_beverages,Diet,Diet high in sugar-sweetened beverages,0.000793871288367794,DALY/capita,Human Capital,Health and well-being,"HEALTH | VI — IHME GBD 2019, Valuing Impact"
Mongolia,MNG,East Asia & Pacific,Lower middle income,315.58,diet_trans_fats,Diet,Diet high in trans fats,0.00238744033500965,DALY/capita,Human Capital,Health and well-being,"HEALTH | VI — IHME GBD 2019, Valuing Impact"
Mongolia,MNG,East Asia & Pacific,Lower middle income,315.58,diet_low_vegetables,Diet,Diet low in vegetables,0.0057794281431103505,DALY/capita,Human Capital,Health and well-being,"HEALTH | VI — IHME GBD 2019, Valuing Impact"
Mongolia,MNG,East Asia & Pacific,Lower middle income,315.58,diet_low_whole_grains,Diet,Diet low in whole grains,0.0105526645098062,DALY/capita,Human Capital,Health and well-being,"HEALTH | VI — IHME GBD 2019, Valuing Impact"
Mongolia,MNG,East Asia & Pacific,Lower middle income,315.58,diet_risks_total,Diet,Dietary risks — aggregate,0.0476962900712572,DALY/capita,Human Capital,Health and well-being,"HEALTH | VI — IHME GBD 2019, Valuing Impact"
Mongolia,MNG,East Asia & Pacific,Lower middle income,315.58,smoking,Lifestyle,Smoking — all causes,0.0346606403469405,DALY/capita,Human Capital,Health and well-being,"HEALTH | VI — IHME GBD 2019, Valuing Impact"
Northern Mariana Islands,MNP,East Asia & Pacific,High income,0.0,wash_handwashing_diarrheal,WASH,No handwashing facility — diarrheal disease,0.000146261086504963,DALY/capita,Human Capital,Health and well-being,"HEALTH | VI — IHME GBD 2019, Valuing Impact"
Northern Mariana Islands,MNP,East Asia & Pacific,High income,0.0,wash_sanitation_diarrheal,WASH,Unsafe sanitation — diarrheal disease,0.00038949312135795703,DALY/capita,Human Capital,Health and well-being,"HEALTH | VI — IHME GBD 2019, Valuing Impact"
Northern Mariana Islands,MNP,East Asia & Pacific,High income,0.0,wash_water_diarrheal,WASH,Unsafe water source — diarrheal disease,0.00256567964881104,DALY/capita,Human Capital,Health and well-being,"HEALTH | VI — IHME GBD 2019, Valuing Impact"
Northern Mariana Islands,MNP,East Asia & Pacific,High income,0.0,wash_handwashing_respiratory,WASH,No handwashing — lower respiratory infections,0.000158116491197315,DALY/capita,Human Capital,Health and well-being,"HEALTH | VI — IHME GBD 2019, Valuing Impact"
Northern Mariana Islands,MNP,East Asia & Pacific,High income,0.0,ohs_secondhand_smoke,OHS,Second-hand smoke — all causes,0.0096820058415575,DALY/capita,Human Capital,Health and well-being,"HEALTH | VI — IHME GBD 2019, Valuing Impact"
Northern Mariana Islands,MNP,East Asia & Pacific,High income,0.0,ohs_occupational_pm,OHS,Occupational PM/gases/fumes — all causes,0.000945060116790051,DALY/capita,Human Capital,Health and well-being,"HEALTH | VI — IHME GBD 2019, Valuing Impact"
Northern Mariana Islands,MNP,East Asia & Pacific,High income,0.0,ohs_occupational_injuries,OHS,Occupational injuries — all causes,0.0013781769751550499,DALY/capita,Human Capital,Health and well-being,"HEALTH | VI — IHME GBD 2019, Valuing Impact"
Northern Mariana Islands,MNP,East Asia & Pacific,High income,0.0,diet_processed_meat,Diet,Diet high in processed meat,0.00120986591370942,DALY/capita,Human Capital,Health and well-being,"HEALTH | VI — IHME GBD 2019, Valuing Impact"
Northern Mariana Islands,MNP,East Asia & Pacific,High income,0.0,diet_red_meat,Diet,Diet high in red meat,0.0069192997466718306,DALY/capita,Human Capital,Health and well-being,"HEALTH | VI — IHME GBD 2019, Valuing Impact"
Northern Mariana Islands,MNP,East Asia & Pacific,High income,0.0,diet_sodium,Diet,Diet high in sodium,0.00793027992457937,DALY/capita,Human Capital,Health and well-being,"HEALTH | VI — IHME GBD 2019, Valuing Impact"
Northern Mariana Islands,MNP,East Asia & Pacific,High income,0.0,diet_sugary_beverages,Diet,Diet high in sugar-sweetened beverages,0.00204934929452668,DALY/capita,Human Capital,Health and well-being,"HEALTH | VI — IHME GBD 2019, Valuing Impact"
Northern Mariana Islands,MNP,East Asia & Pacific,High income,0.0,diet_trans_fats,Diet,Diet high in trans fats,0.0022912339289560897,DALY/capita,Human Capital,Health and well-being,"HEALTH | VI — IHME GBD 2019, Valuing Impact"
Northern Mariana Islands,MNP,East Asia & Pacific,High income,0.0,diet_low_vegetables,Diet,Diet low in vegetables,0.00534661939126491,DALY/capita,Human Capital,Health and well-being,"HEALTH | VI — IHME GBD 2019, Valuing Impact"
Northern Mariana Islands,MNP,East Asia & Pacific,High income,0.0,diet_low_whole_grains,Diet,Diet low in whole grains,0.0109118798944161,DALY/capita,Human Capital,Health and well-being,"HEALTH | VI — IHME GBD 2019, Valuing Impact"
Northern Mariana Islands,MNP,East Asia & Pacific,High income,0.0,diet_risks_total,Diet,Dietary risks — aggregate,0.040593830079857396,DALY/capita,Human Capital,Health and well-being,"HEALTH | VI — IHME GBD 2019, Valuing Impact"
Northern Mariana Islands,MNP,East Asia & Pacific,High income,0.0,smoking,Lifestyle,Smoking — all causes,0.0444945740605833,DALY/capita,Human Capital,Health and well-being,"HEALTH | VI — IHME GBD 2019, Valuing Impact"
Mozambique,MOZ,Sub-Saharan Africa,Low income,44.52,wash_handwashing_diarrheal,WASH,No handwashing facility — diarrheal disease,0.0066114557276124196,DALY/capita,Human Capital,Health and well-being,"HEALTH | VI — IHME GBD 2019, Valuing Impact"
Mozambique,MOZ,Sub-Saharan Africa,Low income,44.52,wash_sanitation_diarrheal,WASH,Unsafe sanitation — diarrheal disease,0.0131973593258053,DALY/capita,Human Capital,Health and well-being,"HEALTH | VI — IHME GBD 2019, Valuing Impact"
Mozambique,MOZ,Sub-Saharan Africa,Low income,44.52,wash_water_diarrheal,WASH,Unsafe water source — diarrheal disease,0.0177012142530335,DALY/capita,Human Capital,Health and well-being,"HEALTH | VI — IHME GBD 2019, Valuing Impact"
Mozambique,MOZ,Sub-Saharan Africa,Low income,44.52,wash_handwashing_respiratory,WASH,No handwashing — lower respiratory infections,0.006810075258969269,DALY/capita,Human Capital,Health and well-being,"HEALTH | VI — IHME GBD 2019, Valuing Impact"
Mozambique,MOZ,Sub-Saharan Africa,Low income,44.52,ohs_secondhand_smoke,OHS,Second-hand smoke — all causes,0.0020713892709824902,DALY/capita,Human Capital,Health and well-being,"HEALTH | VI — IHME GBD 2019, Valuing Impact"
Mozambique,MOZ,Sub-Saharan Africa,Low income,44.52,ohs_occupational_pm,OHS,Occupational PM/gases/fumes — all causes,0.000471329524816273,DALY/capita,Human Capital,Health and well-being,"HEALTH | VI — IHME GBD 2019, Valuing Impact"
Mozambique,MOZ,Sub-Saharan Africa,Low income,44.52,ohs_occupational_injuries,OHS,Occupational injuries — all causes,0.00404841792607562,DALY/capita,Human Capital,Health and well-being,"HEALTH | VI — IHME GBD 2019, Valuing Impact"
Mozambique,MOZ,Sub-Saharan Africa,Low income,44.52,diet_processed_meat,Diet,Diet high in processed meat,0.000350247434100046,DALY/capita,Human Capital,Health and well-being,"HEALTH | VI — IHME GBD 2019, Valuing Impact"
Mozambique,MOZ,Sub-Saharan Africa,Low income,44.52,diet_red_meat,Diet,Diet high in red meat,0.000600409296497799,DALY/capita,Human Capital,Health and well-being,"HEALTH | VI — IHME GBD 2019, Valuing Impact"
Mozambique,MOZ,Sub-Saharan Africa,Low income,44.52,diet_sodium,Diet,Diet high in sodium,0.00271076331235215,DALY/capita,Human Capital,Health and well-being,"HEALTH | VI — IHME GBD 2019, Valuing Impact"
Mozambique,MOZ,Sub-Saharan Africa,Low income,44.52,diet_sugary_beverages,Diet,Diet high in sugar-sweetened beverages,0.000213741176917577,DALY/capita,Human Capital,Health and well-being,"HEALTH | VI — IHME GBD 2019, Valuing Impact"
Mozambique,MOZ,Sub-Saharan Africa,Low income,44.52,diet_trans_fats,Diet,Diet high in trans fats,0.000377517282731639,DALY/capita,Human Capital,Health and well-being,"HEALTH | VI — IHME GBD 2019, Valuing Impact"
Mozambique,MOZ,Sub-Saharan Africa,Low income,44.52,diet_low_vegetables,Diet,Diet low in vegetables,0.00210540157083717,DALY/capita,Human Capital,Health and well-being,"HEALTH | VI — IHME GBD 2019, Valuing Impact"
Mozambique,MOZ,Sub-Saharan Africa,Low income,44.52,diet_low_whole_grains,Diet,Diet low in whole grains,0.00201347582374168,DALY/capita,Human Capital,Health and well-being,"HEALTH | VI — IHME GBD 2019, Valuing Impact"
Mozambique,MOZ,Sub-Saharan Africa,Low income,44.52,diet_risks_total,Diet,Dietary risks — aggregate,0.0113040955871801,DALY/capita,Human Capital,Health and well-being,"HEALTH | VI — IHME GBD 2019, Valuing Impact"
Mozambique,MOZ,Sub-Saharan Africa,Low income,44.52,smoking,Lifestyle,Smoking — all causes,0.00898956405401267,DALY/capita,Human Capital,Health and well-being,"HEALTH | VI — IHME GBD 2019, Valuing Impact"
Mauritania,MRT,Sub-Saharan Africa,Lower middle income,89.29,wash_handwashing_diarrheal,WASH,No handwashing facility — diarrheal disease,0.00753516657849993,DALY/capita,Human Capital,Health and well-being,"HEALTH | VI — IHME GBD 2019, Valuing Impact"
Mauritania,MRT,Sub-Saharan Africa,Lower middle income,89.29,wash_sanitation_diarrheal,WASH,Unsafe sanitation — diarrheal disease,0.0158839842190445,DALY/capita,Human Capital,Health and well-being,"HEALTH | VI — IHME GBD 2019, Valuing Impact"
Mauritania,MRT,Sub-Saharan Africa,Lower middle income,89.29,wash_water_diarrheal,WASH,Unsafe water source — diarrheal disease,0.0218126242990209,DALY/capita,Human Capital,Health and well-being,"HEALTH | VI — IHME GBD 2019, Valuing Impact"
Mauritania,MRT,Sub-Saharan Africa,Lower middle income,89.29,wash_handwashing_respiratory,WASH,No handwashing — lower respiratory infections,0.0035306410001134996,DALY/capita,Human Capital,Health and well-being,"HEALTH | VI — IHME GBD 2019, Valuing Impact"
Mauritania,MRT,Sub-Saharan Africa,Lower middle income,89.29,ohs_secondhand_smoke,OHS,Second-hand smoke — all causes,0.00179686545046747,DALY/capita,Human Capital,Health and well-being,"HEALTH | VI — IHME GBD 2019, Valuing Impact"
Mauritania,MRT,Sub-Saharan Africa,Lower middle income,89.29,ohs_occupational_pm,OHS,Occupational PM/gases/fumes — all causes,0.000314090638892281,DALY/capita,Human Capital,Health and well-being,"HEALTH | VI — IHME GBD 2019, Valuing Impact"
Mauritania,MRT,Sub-Saharan Africa,Lower middle income,89.29,ohs_occupational_injuries,OHS,Occupational injuries — all causes,0.0010135286327627399,DALY/capita,Human Capital,Health and well-being,"HEALTH | VI — IHME GBD 2019, Valuing Impact"
Mauritania,MRT,Sub-Saharan Africa,Lower middle income,89.29,diet_processed_meat,Diet,Diet high in processed meat,0.000588763936413551,DALY/capita,Human Capital,Health and well-being,"HEALTH | VI — IHME GBD 2019, Valuing Impact"
Mauritania,MRT,Sub-Saharan Africa,Lower middle income,89.29,diet_red_meat,Diet,Diet high in red meat,0.0013260728963136901,DALY/capita,Human Capital,Health and well-being,"HEALTH | VI — IHME GBD 2019, Valuing Impact"
Mauritania,MRT,Sub-Saharan Africa,Lower middle income,89.29,diet_sodium,Diet,Diet high in sodium,0.0013873895254678701,DALY/capita,Human Capital,Health and well-being,"HEALTH | VI — IHME GBD 2019, Valuing Impact"
Mauritania,MRT,Sub-Saharan Africa,Lower middle income,89.29,diet_sugary_beverages,Diet,Diet high in sugar-sweetened beverages,0.000293358326615107,DALY/capita,Human Capital,Health and well-being,"HEALTH | VI — IHME GBD 2019, Valuing Impact"
Mauritania,MRT,Sub-Saharan Africa,Lower middle income,89.29,diet_trans_fats,Diet,Diet high in trans fats,0.000435336198378971,DALY/capita,Human Capital,Health and well-being,"HEALTH | VI — IHME GBD 2019, Valuing Impact"
Mauritania,MRT,Sub-Saharan Africa,Lower middle income,89.29,diet_low_vegetables,Diet,Diet low in vegetables,0.00158033099493545,DALY/capita,Human Capital,Health and well-being,"HEALTH | VI — IHME GBD 2019, Valuing Impact"
Mauritania,MRT,Sub-Saharan Africa,Lower middle income,89.29,diet_low_whole_grains,Diet,Diet low in whole grains,0.00242613178863683,DALY/capita,Human Capital,Health and well-being,"HEALTH | VI — IHME GBD 2019, Valuing Impact"
Mauritania,MRT,Sub-Saharan Africa,Lower middle income,89.29,diet_risks_total,Diet,Dietary risks — aggregate,0.0105989937706138,DALY/capita,Human Capital,Health and well-being,"HEALTH | VI — IHME GBD 2019, Valuing Impact"
Mauritania,MRT,Sub-Saharan Africa,Lower middle income,89.29,smoking,Lifestyle,Smoking — all causes,0.005892911294799489,DALY/capita,Human Capital,Health and well-being,"HEALTH | VI — IHME GBD 2019, Valuing Impact"
Mauritius,MUS,Sub-Saharan Africa,Upper middle income,564.9,wash_handwashing_diarrheal,WASH,No handwashing facility — diarrheal disease,3.25577674249372e-05,DALY/capita,Human Capital,Health and well-being,"HEALTH | VI — IHME GBD 2019, Valuing Impact"
Mauritius,MUS,Sub-Saharan Africa,Upper middle income,564.9,wash_sanitation_diarrheal,WASH,Unsafe sanitation — diarrheal disease,0.000175987265105386,DALY/capita,Human Capital,Health and well-being,"HEALTH | VI — IHME GBD 2019, Valuing Impact"
Mauritius,MUS,Sub-Saharan Africa,Upper middle income,564.9,wash_water_diarrheal,WASH,Unsafe water source — diarrheal disease,0.00037176909406072295,DALY/capita,Human Capital,Health and well-being,"HEALTH | VI — IHME GBD 2019, Valuing Impact"
Mauritius,MUS,Sub-Saharan Africa,Upper middle income,564.9,wash_handwashing_respiratory,WASH,No handwashing — lower respiratory infections,5.1746756335438705e-05,DALY/capita,Human Capital,Health and well-being,"HEALTH | VI — IHME GBD 2019, Valuing Impact"
Mauritius,MUS,Sub-Saharan Africa,Upper middle income,564.9,ohs_secondhand_smoke,OHS,Second-hand smoke — all causes,0.00870418416163591,DALY/capita,Human Capital,Health and well-being,"HEALTH | VI — IHME GBD 2019, Valuing Impact"
Mauritius,MUS,Sub-Saharan Africa,Upper middle income,564.9,ohs_occupational_pm,OHS,Occupational PM/gases/fumes — all causes,0.000899855450564215,DALY/capita,Human Capital,Health and well-being,"HEALTH | VI — IHME GBD 2019, Valuing Impact"
Mauritius,MUS,Sub-Saharan Africa,Upper middle income,564.9,ohs_occupational_injuries,OHS,Occupational injuries — all causes,0.00051630620237896,DALY/capita,Human Capital,Health and well-being,"HEALTH | VI — IHME GBD 2019, Valuing Impact"
Mauritius,MUS,Sub-Saharan Africa,Upper middle income,564.9,diet_processed_meat,Diet,Diet high in processed meat,0.0010326878920537501,DALY/capita,Human Capital,Health and well-being,"HEALTH | VI — IHME GBD 2019, Valuing Impact"
Mauritius,MUS,Sub-Saharan Africa,Upper middle income,564.9,diet_red_meat,Diet,Diet high in red meat,0.00352322811926945,DALY/capita,Human Capital,Health and well-being,"HEALTH | VI — IHME GBD 2019, Valuing Impact"
Mauritius,MUS,Sub-Saharan Africa,Upper middle income,564.9,diet_sodium,Diet,Diet high in sodium,0.00988026209277513,DALY/capita,Human Capital,Health and well-being,"HEALTH | VI — IHME GBD 2019, Valuing Impact"
Mauritius,MUS,Sub-Saharan Africa,Upper middle income,564.9,diet_sugary_beverages,Diet,Diet high in sugar-sweetened beverages,0.00198929980029158,DALY/capita,Human Capital,Health and well-being,"HEALTH | VI — IHME GBD 2019, Valuing Impact"
Mauritius,MUS,Sub-Saharan Africa,Upper middle income,564.9,diet_trans_fats,Diet,Diet high in trans fats,0.00137778185809851,DALY/capita,Human Capital,Health and well-being,"HEALTH | VI — IHME GBD 2019, Valuing Impact"
Mauritius,MUS,Sub-Saharan Africa,Upper middle income,564.9,diet_low_vegetables,Diet,Diet low in vegetables,0.00247298577470725,DALY/capita,Human Capital,Health and well-being,"HEALTH | VI — IHME GBD 2019, Valuing Impact"
Mauritius,MUS,Sub-Saharan Africa,Upper middle income,564.9,diet_low_whole_grains,Diet,Diet low in whole grains,0.008197694454511191,DALY/capita,Human Capital,Health and well-being,"HEALTH | VI — IHME GBD 2019, Valuing Impact"
Mauritius,MUS,Sub-Saharan Africa,Upper middle income,564.9,diet_risks_total,Diet,Dietary risks — aggregate,0.0376535220330501,DALY/capita,Human Capital,Health and well-being,"HEALTH | VI — IHME GBD 2019, Valuing Impact"
Mauritius,MUS,Sub-Saharan Africa,Upper middle income,564.9,smoking,Lifestyle,Smoking — all causes,0.0238897138789282,DALY/capita,Human Capital,Health and well-being,"HEALTH | VI — IHME GBD 2019, Valuing Impact"
Malawi,MWI,Sub-Saharan Africa,Low income,46.56,wash_handwashing_diarrheal,WASH,No handwashing facility — diarrheal disease,0.00817937315683879,DALY/capita,Human Capital,Health and well-being,"HEALTH | VI — IHME GBD 2019, Valuing Impact"
Malawi,MWI,Sub-Saharan Africa,Low income,46.56,wash_sanitation_diarrheal,WASH,Unsafe sanitation — diarrheal disease,0.015812222965749398,DALY/capita,Human Capital,Health and well-being,"HEALTH | VI — IHME GBD 2019, Valuing Impact"
Malawi,MWI,Sub-Saharan Africa,Low income,46.56,wash_water_diarrheal,WASH,Unsafe water source — diarrheal disease,0.0213405240369958,DALY/capita,Human Capital,Health and well-being,"HEALTH | VI — IHME GBD 2019, Valuing Impact"
Malawi,MWI,Sub-Saharan Africa,Low income,46.56,wash_handwashing_respiratory,WASH,No handwashing — lower respiratory infections,0.00628197162325577,DALY/capita,Human Capital,Health and well-being,"HEALTH | VI — IHME GBD 2019, Valuing Impact"
Malawi,MWI,Sub-Saharan Africa,Low income,46.56,ohs_secondhand_smoke,OHS,Second-hand smoke — all causes,0.00175190135885416,DALY/capita,Human Capital,Health and well-being,"HEALTH | VI — IHME GBD 2019, Valuing Impact"
Malawi,MWI,Sub-Saharan Africa,Low income,46.56,ohs_occupational_pm,OHS,Occupational PM/gases/fumes — all causes,0.000428726647408952,DALY/capita,Human Capital,Health and well-being,"HEALTH | VI — IHME GBD 2019, Valuing Impact"
Malawi,MWI,Sub-Saharan Africa,Low income,46.56,ohs_occupational_injuries,OHS,Occupational injuries — all causes,0.0042069767766331695,DALY/capita,Human Capital,Health and well-being,"HEALTH | VI — IHME GBD 2019, Valuing Impact"
Malawi,MWI,Sub-Saharan Africa,Low income,46.56,diet_processed_meat,Diet,Diet high in processed meat,0.000328799945171989,DALY/capita,Human Capital,Health and well-being,"HEALTH | VI — IHME GBD 2019, Valuing Impact"
Malawi,MWI,Sub-Saharan Africa,Low income,46.56,diet_red_meat,Diet,Diet high in red meat,0.000477054168963288,DALY/capita,Human Capital,Health and well-being,"HEALTH | VI — IHME GBD 2019, Valuing Impact"
Malawi,MWI,Sub-Saharan Africa,Low income,46.56,diet_sodium,Diet,Diet high in sodium,0.00207490451088649,DALY/capita,Human Capital,Health and well-being,"HEALTH | VI — IHME GBD 2019, Valuing Impact"
Malawi,MWI,Sub-Saharan Africa,Low income,46.56,diet_sugary_beverages,Diet,Diet high in sugar-sweetened beverages,0.00019426856400324202,DALY/capita,Human Capital,Health and well-being,"HEALTH | VI — IHME GBD 2019, Valuing Impact"
Malawi,MWI,Sub-Saharan Africa,Low income,46.56,diet_trans_fats,Diet,Diet high in trans fats,0.000369231439658601,DALY/capita,Human Capital,Health and well-being,"HEALTH | VI — IHME GBD 2019, Valuing Impact"
Malawi,MWI,Sub-Saharan Africa,Low income,46.56,diet_low_vegetables,Diet,Diet low in vegetables,0.0017702404149248202,DALY/capita,Human Capital,Health and well-being,"HEALTH | VI — IHME GBD 2019, Valuing Impact"
Malawi,MWI,Sub-Saharan Africa,Low income,46.56,diet_low_whole_grains,Diet,Diet low in whole grains,0.00131672040199774,DALY/capita,Human Capital,Health and well-being,"HEALTH | VI — IHME GBD 2019, Valuing Impact"
Malawi,MWI,Sub-Saharan Africa,Low income,46.56,diet_risks_total,Diet,Dietary risks — aggregate,0.008499323300084299,DALY/capita,Human Capital,Health and well-being,"HEALTH | VI — IHME GBD 2019, Valuing Impact"
Malawi,MWI,Sub-Saharan Africa,Low income,46.56,smoking,Lifestyle,Smoking — all causes,0.0077911165695552596,DALY/capita,Human Capital,Health and well-being,"HEALTH | VI — IHME GBD 2019, Valuing Impact"
Malaysia,MYS,East Asia & Pacific,Upper middle income,487.01,wash_handwashing_diarrheal,WASH,No handwashing facility — diarrheal disease,6.93436843348692e-05,DALY/capita,Human Capital,Health and well-being,"HEALTH | VI — IHME GBD 2019, Valuing Impact"
Malaysia,MYS,East Asia & Pacific,Upper middle income,487.01,wash_sanitation_diarrheal,WASH,Unsafe sanitation — diarrheal disease,0.000128592465841784,DALY/capita,Human Capital,Health and well-being,"HEALTH | VI — IHME GBD 2019, Valuing Impact"
Malaysia,MYS,East Asia & Pacific,Upper middle income,487.01,wash_water_diarrheal,WASH,Unsafe water source — diarrheal disease,0.00116521881139561,DALY/capita,Human Capital,Health and well-being,"HEALTH | VI — IHME GBD 2019, Valuing Impact"
Malaysia,MYS,East Asia & Pacific,Upper middle income,487.01,wash_handwashing_respiratory,WASH,No handwashing — lower respiratory infections,0.000292821302298077,DALY/capita,Human Capital,Health and well-being,"HEALTH | VI — IHME GBD 2019, Valuing Impact"
Malaysia,MYS,East Asia & Pacific,Upper middle income,487.01,ohs_secondhand_smoke,OHS,Second-hand smoke — all causes,0.005304908309554699,DALY/capita,Human Capital,Health and well-being,"HEALTH | VI — IHME GBD 2019, Valuing Impact"
Malaysia,MYS,East Asia & Pacific,Upper middle income,487.01,ohs_occupational_pm,OHS,Occupational PM/gases/fumes — all causes,0.000862161773846962,DALY/capita,Human Capital,Health and well-being,"HEALTH | VI — IHME GBD 2019, Valuing Impact"
Malaysia,MYS,East Asia & Pacific,Upper middle income,487.01,ohs_occupational_injuries,OHS,Occupational injuries — all causes,0.0022910480113216202,DALY/capita,Human Capital,Health and well-being,"HEALTH | VI — IHME GBD 2019, Valuing Impact"
Malaysia,MYS,East Asia & Pacific,Upper middle income,487.01,diet_processed_meat,Diet,Diet high in processed meat,0.000687547413514825,DALY/capita,Human Capital,Health and well-being,"HEALTH | VI — IHME GBD 2019, Valuing Impact"
Malaysia,MYS,East Asia & Pacific,Upper middle income,487.01,diet_red_meat,Diet,Diet high in red meat,0.00172770374454012,DALY/capita,Human Capital,Health and well-being,"HEALTH | VI — IHME GBD 2019, Valuing Impact"
Malaysia,MYS,East Asia & Pacific,Upper middle income,487.01,diet_sodium,Diet,Diet high in sodium,0.0063507702515249,DALY/capita,Human Capital,Health and well-being,"HEALTH | VI — IHME GBD 2019, Valuing Impact"
Malaysia,MYS,East Asia & Pacific,Upper middle income,487.01,diet_sugary_beverages,Diet,Diet high in sugar-sweetened beverages,0.000548267286840863,DALY/capita,Human Capital,Health and well-being,"HEALTH | VI — IHME GBD 2019, Valuing Impact"
Malaysia,MYS,East Asia & Pacific,Upper middle income,487.01,diet_trans_fats,Diet,Diet high in trans fats,0.00160874218572803,DALY/capita,Human Capital,Health and well-being,"HEALTH | VI — IHME GBD 2019, Valuing Impact"
Malaysia,MYS,East Asia & Pacific,Upper middle income,487.01,diet_low_vegetables,Diet,Diet low in vegetables,0.00262029774115485,DALY/capita,Human Capital,Health and well-being,"HEALTH | VI — IHME GBD 2019, Valuing Impact"
Malaysia,MYS,East Asia & Pacific,Upper middle income,487.01,diet_low_whole_grains,Diet,Diet low in whole grains,0.00560473944763556,DALY/capita,Human Capital,Health and well-being,"HEALTH | VI — IHME GBD 2019, Valuing Impact"
Malaysia,MYS,East Asia & Pacific,Upper middle income,487.01,diet_risks_total,Diet,Dietary risks — aggregate,0.023388462354025,DALY/capita,Human Capital,Health and well-being,"HEALTH | VI — IHME GBD 2019, Valuing Impact"
Malaysia,MYS,East Asia & Pacific,Upper middle income,487.01,smoking,Lifestyle,Smoking — all causes,0.0223890459590098,DALY/capita,Human Capital,Health and well-being,"HEALTH | VI — IHME GBD 2019, Valuing Impact"
Namibia,NAM,Sub-Saharan Africa,Upper middle income,456.44,wash_handwashing_diarrheal,WASH,No handwashing facility — diarrheal disease,0.00348674006537077,DALY/capita,Human Capital,Health and well-being,"HEALTH | VI — IHME GBD 2019, Valuing Impact"
Namibia,NAM,Sub-Saharan Africa,Upper middle income,456.44,wash_sanitation_diarrheal,WASH,Unsafe sanitation — diarrheal disease,0.008075490649736509,DALY/capita,Human Capital,Health and well-being,"HEALTH | VI — IHME GBD 2019, Valuing Impact"
Namibia,NAM,Sub-Saharan Africa,Upper middle income,456.44,wash_water_diarrheal,WASH,Unsafe water source — diarrheal disease,0.0127848951773039,DALY/capita,Human Capital,Health and well-being,"HEALTH | VI — IHME GBD 2019, Valuing Impact"
Namibia,NAM,Sub-Saharan Africa,Upper middle income,456.44,wash_handwashing_respiratory,WASH,No handwashing — lower respiratory infections,0.0033492200605668102,DALY/capita,Human Capital,Health and well-being,"HEALTH | VI — IHME GBD 2019, Valuing Impact"
Namibia,NAM,Sub-Saharan Africa,Upper middle income,456.44,ohs_secondhand_smoke,OHS,Second-hand smoke — all causes,0.00300525735949627,DALY/capita,Human Capital,Health and well-being,"HEALTH | VI — IHME GBD 2019, Valuing Impact"
Namibia,NAM,Sub-Saharan Africa,Upper middle income,456.44,ohs_occupational_pm,OHS,Occupational PM/gases/fumes — all causes,0.000712046804434889,DALY/capita,Human Capital,Health and well-being,"HEALTH | VI — IHME GBD 2019, Valuing Impact"
Namibia,NAM,Sub-Saharan Africa,Upper middle income,456.44,ohs_occupational_injuries,OHS,Occupational injuries — all causes,0.000778175595783217,DALY/capita,Human Capital,Health and well-being,"HEALTH | VI — IHME GBD 2019, Valuing Impact"
Namibia,NAM,Sub-Saharan Africa,Upper middle income,456.44,diet_processed_meat,Diet,Diet high in processed meat,0.000409568936473065,DALY/capita,Human Capital,Health and well-being,"HEALTH | VI — IHME GBD 2019, Valuing Impact"
Namibia,NAM,Sub-Saharan Africa,Upper middle income,456.44,diet_red_meat,Diet,Diet high in red meat,0.0022400870909216,DALY/capita,Human Capital,Health and well-being,"HEALTH | VI — IHME GBD 2019, Valuing Impact"
Namibia,NAM,Sub-Saharan Africa,Upper middle income,456.44,diet_sodium,Diet,Diet high in sodium,0.0016320787428886101,DALY/capita,Human Capital,Health and well-being,"HEALTH | VI — IHME GBD 2019, Valuing Impact"
Namibia,NAM,Sub-Saharan Africa,Upper middle income,456.44,diet_sugary_beverages,Diet,Diet high in sugar-sweetened beverages,0.0006887677163753681,DALY/capita,Human Capital,Health and well-being,"HEALTH | VI — IHME GBD 2019, Valuing Impact"
Namibia,NAM,Sub-Saharan Africa,Upper middle income,456.44,diet_trans_fats,Diet,Diet high in trans fats,0.00054102062603278,DALY/capita,Human Capital,Health and well-being,"HEALTH | VI — IHME GBD 2019, Valuing Impact"
Namibia,NAM,Sub-Saharan Africa,Upper middle income,456.44,diet_low_vegetables,Diet,Diet low in vegetables,0.00200230316944827,DALY/capita,Human Capital,Health and well-being,"HEALTH | VI — IHME GBD 2019, Valuing Impact"
Namibia,NAM,Sub-Saharan Africa,Upper middle income,456.44,diet_low_whole_grains,Diet,Diet low in whole grains,0.0028392106800519097,DALY/capita,Human Capital,Health and well-being,"HEALTH | VI — IHME GBD 2019, Valuing Impact"
Namibia,NAM,Sub-Saharan Africa,Upper middle income,456.44,diet_risks_total,Diet,Dietary risks — aggregate,0.0151455838401161,DALY/capita,Human Capital,Health and well-being,"HEALTH | VI — IHME GBD 2019, Valuing Impact"
Namibia,NAM,Sub-Saharan Africa,Upper middle income,456.44,smoking,Lifestyle,Smoking — all causes,0.012246992495757699,DALY/capita,Human Capital,Health and well-being,"HEALTH | VI — IHME GBD 2019, Valuing Impact"
New Caledonia,NCL,East Asia & Pacific,High income,0.0,diet_processed_meat,Diet,Diet high in processed meat,0.0,DALY/capita,Human Capital,Health and well-being,"HEALTH | VI — IHME GBD 2019, Valuing Impact"
New Caledonia,NCL,East Asia & Pacific,High income,0.0,diet_red_meat,Diet,Diet high in red meat,0.0,DALY/capita,Human Capital,Health and well-being,"HEALTH | VI — IHME GBD 2019, Valuing Impact"
New Caledonia,NCL,East Asia & Pacific,High income,0.0,diet_sodium,Diet,Diet high in sodium,0.0,DALY/capita,Human Capital,Health and well-being,"HEALTH | VI — IHME GBD 2019, Valuing Impact"
New Caledonia,NCL,East Asia & Pacific,High income,0.0,diet_sugary_beverages,Diet,Diet high in sugar-sweetened beverages,0.0,DALY/capita,Human Capital,Health and well-being,"HEALTH | VI — IHME GBD 2019, Valuing Impact"
New Caledonia,NCL,East Asia & Pacific,High income,0.0,diet_trans_fats,Diet,Diet high in trans fats,0.0,DALY/capita,Human Capital,Health and well-being,"HEALTH | VI — IHME GBD 2019, Valuing Impact"
New Caledonia,NCL,East Asia & Pacific,High income,0.0,diet_low_vegetables,Diet,Diet low in vegetables,0.0,DALY/capita,Human Capital,Health and well-being,"HEALTH | VI — IHME GBD 2019, Valuing Impact"
New Caledonia,NCL,East Asia & Pacific,High income,0.0,diet_low_whole_grains,Diet,Diet low in whole grains,0.0,DALY/capita,Human Capital,Health and well-being,"HEALTH | VI — IHME GBD 2019, Valuing Impact"
New Caledonia,NCL,East Asia & Pacific,High income,0.0,diet_risks_total,Diet,Dietary risks — aggregate,0.0,DALY/capita,Human Capital,Health and well-being,"HEALTH | VI — IHME GBD 2019, Valuing Impact"
Niger,NER,Sub-Saharan Africa,Low income,34.34,wash_handwashing_diarrheal,WASH,No handwashing facility — diarrheal disease,0.0305369000739934,DALY/capita,Human Capital,Health and well-being,"HEALTH | VI — IHME GBD 2019, Valuing Impact"
Niger,NER,Sub-Saharan Africa,Low income,34.34,wash_sanitation_diarrheal,WASH,Unsafe sanitation — diarrheal disease,0.0649226245043242,DALY/capita,Human Capital,Health and well-being,"HEALTH | VI — IHME GBD 2019, Valuing Impact"
Niger,NER,Sub-Saharan Africa,Low income,34.34,wash_water_diarrheal,WASH,Unsafe water source — diarrheal disease,0.08442876644913709,DALY/capita,Human Capital,Health and well-being,"HEALTH | VI — IHME GBD 2019, Valuing Impact"
Niger,NER,Sub-Saharan Africa,Low income,34.34,wash_handwashing_respiratory,WASH,No handwashing — lower respiratory infections,0.0158496144422559,DALY/capita,Human Capital,Health and well-being,"HEALTH | VI — IHME GBD 2019, Valuing Impact"
Niger,NER,Sub-Saharan Africa,Low income,34.34,ohs_secondhand_smoke,OHS,Second-hand smoke — all causes,0.0035649276968361698,DALY/capita,Human Capital,Health and well-being,"HEALTH | VI — IHME GBD 2019, Valuing Impact"
Niger,NER,Sub-Saharan Africa,Low income,34.34,ohs_occupational_pm,OHS,Occupational PM/gases/fumes — all causes,0.00043703610061298595,DALY/capita,Human Capital,Health and well-being,"HEALTH | VI — IHME GBD 2019, Valuing Impact"
Niger,NER,Sub-Saharan Africa,Low income,34.34,ohs_occupational_injuries,OHS,Occupational injuries — all causes,0.00429256431760952,DALY/capita,Human Capital,Health and well-being,"HEALTH | VI — IHME GBD 2019, Valuing Impact"
Niger,NER,Sub-Saharan Africa,Low income,34.34,diet_processed_meat,Diet,Diet high in processed meat,0.00036965088161584604,DALY/capita,Human Capital,Health and well-being,"HEALTH | VI — IHME GBD 2019, Valuing Impact"
Niger,NER,Sub-Saharan Africa,Low income,34.34,diet_red_meat,Diet,Diet high in red meat,0.00103708009405501,DALY/capita,Human Capital,Health and well-being,"HEALTH | VI — IHME GBD 2019, Valuing Impact"
Niger,NER,Sub-Saharan Africa,Low income,34.34,diet_sodium,Diet,Diet high in sodium,0.0011362775237820399,DALY/capita,Human Capital,Health and well-being,"HEALTH | VI — IHME GBD 2019, Valuing Impact"
Niger,NER,Sub-Saharan Africa,Low income,34.34,diet_sugary_beverages,Diet,Diet high in sugar-sweetened beverages,0.000191728905634027,DALY/capita,Human Capital,Health and well-being,"HEALTH | VI — IHME GBD 2019, Valuing Impact"
Niger,NER,Sub-Saharan Africa,Low income,34.34,diet_trans_fats,Diet,Diet high in trans fats,0.000332800537958248,DALY/capita,Human Capital,Health and well-being,"HEALTH | VI — IHME GBD 2019, Valuing Impact"
Niger,NER,Sub-Saharan Africa,Low income,34.34,diet_low_vegetables,Diet,Diet low in vegetables,0.000897834534442093,DALY/capita,Human Capital,Health and well-being,"HEALTH | VI — IHME GBD 2019, Valuing Impact"
Niger,NER,Sub-Saharan Africa,Low income,34.34,diet_low_whole_grains,Diet,Diet low in whole grains,0.00152858280300409,DALY/capita,Human Capital,Health and well-being,"HEALTH | VI — IHME GBD 2019, Valuing Impact"
Niger,NER,Sub-Saharan Africa,Low income,34.34,diet_risks_total,Diet,Dietary risks — aggregate,0.0070007750749908,DALY/capita,Human Capital,Health and well-being,"HEALTH | VI — IHME GBD 2019, Valuing Impact"
Niger,NER,Sub-Saharan Africa,Low income,34.34,smoking,Lifestyle,Smoking — all causes,0.00287915192904911,DALY/capita,Human Capital,Health and well-being,"HEALTH | VI — IHME GBD 2019, Valuing Impact"
Nigeria,NGA,Sub-Saharan Africa,Lower middle income,83.84,wash_handwashing_diarrheal,WASH,No handwashing facility — diarrheal disease,0.0206782582356776,DALY/capita,Human Capital,Health and well-being,"HEALTH | VI — IHME GBD 2019, Valuing Impact"
Nigeria,NGA,Sub-Saharan Africa,Lower middle income,83.84,wash_sanitation_diarrheal,WASH,Unsafe sanitation — diarrheal disease,0.036745765401622596,DALY/capita,Human Capital,Health and well-being,"HEALTH | VI — IHME GBD 2019, Valuing Impact"
Nigeria,NGA,Sub-Saharan Africa,Lower middle income,83.84,wash_water_diarrheal,WASH,Unsafe water source — diarrheal disease,0.0557666905335099,DALY/capita,Human Capital,Health and well-being,"HEALTH | VI — IHME GBD 2019, Valuing Impact"
Nigeria,NGA,Sub-Saharan Africa,Lower middle income,83.84,wash_handwashing_respiratory,WASH,No handwashing — lower respiratory infections,0.0129827759720534,DALY/capita,Human Capital,Health and well-being,"HEALTH | VI — IHME GBD 2019, Valuing Impact"
Nigeria,NGA,Sub-Saharan Africa,Lower middle income,83.84,ohs_secondhand_smoke,OHS,Second-hand smoke — all causes,0.00235217824819065,DALY/capita,Human Capital,Health and well-being,"HEALTH | VI — IHME GBD 2019, Valuing Impact"
Nigeria,NGA,Sub-Saharan Africa,Lower middle income,83.84,ohs_occupational_pm,OHS,Occupational PM/gases/fumes — all causes,0.00032103709015217705,DALY/capita,Human Capital,Health and well-being,"HEALTH | VI — IHME GBD 2019, Valuing Impact"
Nigeria,NGA,Sub-Saharan Africa,Lower middle income,83.84,ohs_occupational_injuries,OHS,Occupational injuries — all causes,0.0012465175625846,DALY/capita,Human Capital,Health and well-being,"HEALTH | VI — IHME GBD 2019, Valuing Impact"
Nigeria,NGA,Sub-Saharan Africa,Lower middle income,83.84,diet_processed_meat,Diet,Diet high in processed meat,0.00043854305251417005,DALY/capita,Human Capital,Health and well-being,"HEALTH | VI — IHME GBD 2019, Valuing Impact"
Nigeria,NGA,Sub-Saharan Africa,Lower middle income,83.84,diet_red_meat,Diet,Diet high in red meat,0.000517472980184747,DALY/capita,Human Capital,Health and well-being,"HEALTH | VI — IHME GBD 2019, Valuing Impact"
Nigeria,NGA,Sub-Saharan Africa,Lower middle income,83.84,diet_sodium,Diet,Diet high in sodium,0.000941084886624421,DALY/capita,Human Capital,Health and well-being,"HEALTH | VI — IHME GBD 2019, Valuing Impact"
Nigeria,NGA,Sub-Saharan Africa,Lower middle income,83.84,diet_sugary_beverages,Diet,Diet high in sugar-sweetened beverages,0.000350780844025488,DALY/capita,Human Capital,Health and well-being,"HEALTH | VI — IHME GBD 2019, Valuing Impact"
Nigeria,NGA,Sub-Saharan Africa,Lower middle income,83.84,diet_trans_fats,Diet,Diet high in trans fats,0.000351615132166598,DALY/capita,Human Capital,Health and well-being,"HEALTH | VI — IHME GBD 2019, Valuing Impact"
Nigeria,NGA,Sub-Saharan Africa,Lower middle income,83.84,diet_low_vegetables,Diet,Diet low in vegetables,0.0007882569994502469,DALY/capita,Human Capital,Health and well-being,"HEALTH | VI — IHME GBD 2019, Valuing Impact"
Nigeria,NGA,Sub-Saharan Africa,Lower middle income,83.84,diet_low_whole_grains,Diet,Diet low in whole grains,0.0016376851432146299,DALY/capita,Human Capital,Health and well-being,"HEALTH | VI — IHME GBD 2019, Valuing Impact"
Nigeria,NGA,Sub-Saharan Africa,Lower middle income,83.84,diet_risks_total,Diet,Dietary risks — aggregate,0.00655130893920305,DALY/capita,Human Capital,Health and well-being,"HEALTH | VI — IHME GBD 2019, Valuing Impact"
Nigeria,NGA,Sub-Saharan Africa,Lower middle income,83.84,smoking,Lifestyle,Smoking — all causes,0.00258731841546582,DALY/capita,Human Capital,Health and well-being,"HEALTH | VI — IHME GBD 2019, Valuing Impact"
Nicaragua,NIC,Latin America & Caribbean,Lower middle income,198.08,wash_handwashing_diarrheal,WASH,No handwashing facility — diarrheal disease,0.000369719313681166,DALY/capita,Human Capital,Health and well-being,"HEALTH | VI — IHME GBD 2019, Valuing Impact"
Nicaragua,NIC,Latin America & Caribbean,Lower middle income,198.08,wash_sanitation_diarrheal,WASH,Unsafe sanitation — diarrheal disease,0.00129173406298749,DALY/capita,Human Capital,Health and well-being,"HEALTH | VI — IHME GBD 2019, Valuing Impact"
Nicaragua,NIC,Latin America & Caribbean,Lower middle income,198.08,wash_water_diarrheal,WASH,Unsafe water source — diarrheal disease,0.0020642179336387303,DALY/capita,Human Capital,Health and well-being,"HEALTH | VI — IHME GBD 2019, Valuing Impact"
Nicaragua,NIC,Latin America & Caribbean,Lower middle income,198.08,wash_handwashing_respiratory,WASH,No handwashing — lower respiratory infections,0.000559013507598005,DALY/capita,Human Capital,Health and well-being,"HEALTH | VI — IHME GBD 2019, Valuing Impact"
Nicaragua,NIC,Latin America & Caribbean,Lower middle income,198.08,ohs_secondhand_smoke,OHS,Second-hand smoke — all causes,0.00235406019992993,DALY/capita,Human Capital,Health and well-being,"HEALTH | VI — IHME GBD 2019, Valuing Impact"
Nicaragua,NIC,Latin America & Caribbean,Lower middle income,198.08,ohs_occupational_pm,OHS,Occupational PM/gases/fumes — all causes,0.000418841713407121,DALY/capita,Human Capital,Health and well-being,"HEALTH | VI — IHME GBD 2019, Valuing Impact"
Nicaragua,NIC,Latin America & Caribbean,Lower middle income,198.08,ohs_occupational_injuries,OHS,Occupational injuries — all causes,0.0024502426990277,DALY/capita,Human Capital,Health and well-being,"HEALTH | VI — IHME GBD 2019, Valuing Impact"
Nicaragua,NIC,Latin America & Caribbean,Lower middle income,198.08,diet_processed_meat,Diet,Diet high in processed meat,0.000585352962294173,DALY/capita,Human Capital,Health and well-being,"HEALTH | VI — IHME GBD 2019, Valuing Impact"
Nicaragua,NIC,Latin America & Caribbean,Lower middle income,198.08,diet_red_meat,Diet,Diet high in red meat,0.000747481990241386,DALY/capita,Human Capital,Health and well-being,"HEALTH | VI — IHME GBD 2019, Valuing Impact"
Nicaragua,NIC,Latin America & Caribbean,Lower middle income,198.08,diet_sodium,Diet,Diet high in sodium,0.00326453823249504,DALY/capita,Human Capital,Health and well-being,"HEALTH | VI — IHME GBD 2019, Valuing Impact"
Nicaragua,NIC,Latin America & Caribbean,Lower middle income,198.08,diet_sugary_beverages,Diet,Diet high in sugar-sweetened beverages,0.000608187013335325,DALY/capita,Human Capital,Health and well-being,"HEALTH | VI — IHME GBD 2019, Valuing Impact"
Nicaragua,NIC,Latin America & Caribbean,Lower middle income,198.08,diet_trans_fats,Diet,Diet high in trans fats,0.0011006263141567101,DALY/capita,Human Capital,Health and well-being,"HEALTH | VI — IHME GBD 2019, Valuing Impact"
Nicaragua,NIC,Latin America & Caribbean,Lower middle income,198.08,diet_low_vegetables,Diet,Diet low in vegetables,0.0018985274009030602,DALY/capita,Human Capital,Health and well-being,"HEALTH | VI — IHME GBD 2019, Valuing Impact"
Nicaragua,NIC,Latin America & Caribbean,Lower middle income,198.08,diet_low_whole_grains,Diet,Diet low in whole grains,0.00284513093831669,DALY/capita,Human Capital,Health and well-being,"HEALTH | VI — IHME GBD 2019, Valuing Impact"
Nicaragua,NIC,Latin America & Caribbean,Lower middle income,198.08,diet_risks_total,Diet,Dietary risks — aggregate,0.0142486038470769,DALY/capita,Human Capital,Health and well-being,"HEALTH | VI — IHME GBD 2019, Valuing Impact"
Nicaragua,NIC,Latin America & Caribbean,Lower middle income,198.08,smoking,Lifestyle,Smoking — all causes,0.00674512703895644,DALY/capita,Human Capital,Health and well-being,"HEALTH | VI — IHME GBD 2019, Valuing Impact"
Netherlands,NLD,Europe & Central Asia,High income,6539.2,wash_handwashing_diarrheal,WASH,No handwashing facility — diarrheal disease,1.41628197611319e-05,DALY/capita,Human Capital,Health and well-being,"HEALTH | VI — IHME GBD 2019, Valuing Impact"
Netherlands,NLD,Europe & Central Asia,High income,6539.2,wash_sanitation_diarrheal,WASH,Unsafe sanitation — diarrheal disease,1.20466748743262e-05,DALY/capita,Human Capital,Health and well-being,"HEALTH | VI — IHME GBD 2019, Valuing Impact"
Netherlands,NLD,Europe & Central Asia,High income,6539.2,wash_water_diarrheal,WASH,Unsafe water source — diarrheal disease,2.12369191187412e-05,DALY/capita,Human Capital,Health and well-being,"HEALTH | VI — IHME GBD 2019, Valuing Impact"
Netherlands,NLD,Europe & Central Asia,High income,6539.2,wash_handwashing_respiratory,WASH,No handwashing — lower respiratory infections,4.03488255267108e-05,DALY/capita,Human Capital,Health and well-being,"HEALTH | VI — IHME GBD 2019, Valuing Impact"
Netherlands,NLD,Europe & Central Asia,High income,6539.2,ohs_secondhand_smoke,OHS,Second-hand smoke — all causes,0.00254360576335616,DALY/capita,Human Capital,Health and well-being,"HEALTH | VI — IHME GBD 2019, Valuing Impact"
Netherlands,NLD,Europe & Central Asia,High income,6539.2,ohs_occupational_pm,OHS,Occupational PM/gases/fumes — all causes,0.000912243797638135,DALY/capita,Human Capital,Health and well-being,"HEALTH | VI — IHME GBD 2019, Valuing Impact"
Netherlands,NLD,Europe & Central Asia,High income,6539.2,ohs_occupational_injuries,OHS,Occupational injuries — all causes,0.0010635570059621,DALY/capita,Human Capital,Health and well-being,"HEALTH | VI — IHME GBD 2019, Valuing Impact"
Netherlands,NLD,Europe & Central Asia,High income,6539.2,diet_processed_meat,Diet,Diet high in processed meat,0.0022282529068839802,DALY/capita,Human Capital,Health and well-being,"HEALTH | VI — IHME GBD 2019, Valuing Impact"
Netherlands,NLD,Europe & Central Asia,High income,6539.2,diet_red_meat,Diet,Diet high in red meat,0.00405979401063884,DALY/capita,Human Capital,Health and well-being,"HEALTH | VI — IHME GBD 2019, Valuing Impact"
Netherlands,NLD,Europe & Central Asia,High income,6539.2,diet_sodium,Diet,Diet high in sodium,0.0016314147975011201,DALY/capita,Human Capital,Health and well-being,"HEALTH | VI — IHME GBD 2019, Valuing Impact"
Netherlands,NLD,Europe & Central Asia,High income,6539.2,diet_sugary_beverages,Diet,Diet high in sugar-sweetened beverages,0.000781607619503528,DALY/capita,Human Capital,Health and well-being,"HEALTH | VI — IHME GBD 2019, Valuing Impact"
Netherlands,NLD,Europe & Central Asia,High income,6539.2,diet_trans_fats,Diet,Diet high in trans fats,0.0013404279868424998,DALY/capita,Human Capital,Health and well-being,"HEALTH | VI — IHME GBD 2019, Valuing Impact"
Netherlands,NLD,Europe & Central Asia,High income,6539.2,diet_low_vegetables,Diet,Diet low in vegetables,0.00129380234097879,DALY/capita,Human Capital,Health and well-being,"HEALTH | VI — IHME GBD 2019, Valuing Impact"
Netherlands,NLD,Europe & Central Asia,High income,6539.2,diet_low_whole_grains,Diet,Diet low in whole grains,0.0045372579311567605,DALY/capita,Human Capital,Health and well-being,"HEALTH | VI — IHME GBD 2019, Valuing Impact"
Netherlands,NLD,Europe & Central Asia,High income,6539.2,diet_risks_total,Diet,Dietary risks — aggregate,0.0180122276680093,DALY/capita,Human Capital,Health and well-being,"HEALTH | VI — IHME GBD 2019, Valuing Impact"
Netherlands,NLD,Europe & Central Asia,High income,6539.2,smoking,Lifestyle,Smoking — all causes,0.04167214373568431,DALY/capita,Human Capital,Health and well-being,"HEALTH | VI — IHME GBD 2019, Valuing Impact"
Norway,NOR,Europe & Central Asia,High income,9020.63,wash_handwashing_diarrheal,WASH,No handwashing facility — diarrheal disease,2.33575493575903e-05,DALY/capita,Human Capital,Health and well-being,"HEALTH | VI — IHME GBD 2019, Valuing Impact"
Norway,NOR,Europe & Central Asia,High income,9020.63,wash_sanitation_diarrheal,WASH,Unsafe sanitation — diarrheal disease,1.58932240172964e-05,DALY/capita,Human Capital,Health and well-being,"HEALTH | VI — IHME GBD 2019, Valuing Impact"
Norway,NOR,Europe & Central Asia,High income,9020.63,wash_water_diarrheal,WASH,Unsafe water source — diarrheal disease,3.15515279411502e-05,DALY/capita,Human Capital,Health and well-being,"HEALTH | VI — IHME GBD 2019, Valuing Impact"
Norway,NOR,Europe & Central Asia,High income,9020.63,wash_handwashing_respiratory,WASH,No handwashing — lower respiratory infections,3.67468955534612e-05,DALY/capita,Human Capital,Health and well-being,"HEALTH | VI — IHME GBD 2019, Valuing Impact"
Norway,NOR,Europe & Central Asia,High income,9020.63,ohs_secondhand_smoke,OHS,Second-hand smoke — all causes,0.00196439662230715,DALY/capita,Human Capital,Health and well-being,"HEALTH | VI — IHME GBD 2019, Valuing Impact"
Norway,NOR,Europe & Central Asia,High income,9020.63,ohs_occupational_pm,OHS,Occupational PM/gases/fumes — all causes,0.0009243565025597119,DALY/capita,Human Capital,Health and well-being,"HEALTH | VI — IHME GBD 2019, Valuing Impact"
Norway,NOR,Europe & Central Asia,High income,9020.63,ohs_occupational_injuries,OHS,Occupational injuries — all causes,0.00120797592441101,DALY/capita,Human Capital,Health and well-being,"HEALTH | VI — IHME GBD 2019, Valuing Impact"
Norway,NOR,Europe & Central Asia,High income,9020.63,diet_processed_meat,Diet,Diet high in processed meat,0.00300193327739882,DALY/capita,Human Capital,Health and well-being,"HEALTH | VI — IHME GBD 2019, Valuing Impact"
Norway,NOR,Europe & Central Asia,High income,9020.63,diet_red_meat,Diet,Diet high in red meat,0.00330443110109623,DALY/capita,Human Capital,Health and well-being,"HEALTH | VI — IHME GBD 2019, Valuing Impact"
Norway,NOR,Europe & Central Asia,High income,9020.63,diet_sodium,Diet,Diet high in sodium,0.0014734795135566902,DALY/capita,Human Capital,Health and well-being,"HEALTH | VI — IHME GBD 2019, Valuing Impact"
Norway,NOR,Europe & Central Asia,High income,9020.63,diet_sugary_beverages,Diet,Diet high in sugar-sweetened beverages,0.000728322529827312,DALY/capita,Human Capital,Health and well-being,"HEALTH | VI — IHME GBD 2019, Valuing Impact"
Norway,NOR,Europe & Central Asia,High income,9020.63,diet_trans_fats,Diet,Diet high in trans fats,0.000982316399016796,DALY/capita,Human Capital,Health and well-being,"HEALTH | VI — IHME GBD 2019, Valuing Impact"
Norway,NOR,Europe & Central Asia,High income,9020.63,diet_low_vegetables,Diet,Diet low in vegetables,0.00127535698331514,DALY/capita,Human Capital,Health and well-being,"HEALTH | VI — IHME GBD 2019, Valuing Impact"
Norway,NOR,Europe & Central Asia,High income,9020.63,diet_low_whole_grains,Diet,Diet low in whole grains,0.0048609561788181795,DALY/capita,Human Capital,Health and well-being,"HEALTH | VI — IHME GBD 2019, Valuing Impact"
Norway,NOR,Europe & Central Asia,High income,9020.63,diet_risks_total,Diet,Dietary risks — aggregate,0.0173949601284866,DALY/capita,Human Capital,Health and well-being,"HEALTH | VI — IHME GBD 2019, Valuing Impact"
Norway,NOR,Europe & Central Asia,High income,9020.63,smoking,Lifestyle,Smoking — all causes,0.0236657947442618,DALY/capita,Human Capital,Health and well-being,"HEALTH | VI — IHME GBD 2019, Valuing Impact"
Nepal,NPL,South Asia,Lower middle income,65.3,wash_handwashing_diarrheal,WASH,No handwashing facility — diarrheal disease,0.00135046101591596,DALY/capita,Human Capital,Health and well-being,"HEALTH | VI — IHME GBD 2019, Valuing Impact"
Nepal,NPL,South Asia,Lower middle income,65.3,wash_sanitation_diarrheal,WASH,Unsafe sanitation — diarrheal disease,0.00368955294587269,DALY/capita,Human Capital,Health and well-being,"HEALTH | VI — IHME GBD 2019, Valuing Impact"
Nepal,NPL,South Asia,Lower middle income,65.3,wash_water_diarrheal,WASH,Unsafe water source — diarrheal disease,0.00650804858502404,DALY/capita,Human Capital,Health and well-being,"HEALTH | VI — IHME GBD 2019, Valuing Impact"
Nepal,NPL,South Asia,Lower middle income,65.3,wash_handwashing_respiratory,WASH,No handwashing — lower respiratory infections,0.0015804321199015,DALY/capita,Human Capital,Health and well-being,"HEALTH | VI — IHME GBD 2019, Valuing Impact"
Nepal,NPL,South Asia,Lower middle income,65.3,ohs_secondhand_smoke,OHS,Second-hand smoke — all causes,0.00427264820346346,DALY/capita,Human Capital,Health and well-being,"HEALTH | VI — IHME GBD 2019, Valuing Impact"
Nepal,NPL,South Asia,Lower middle income,65.3,ohs_occupational_pm,OHS,Occupational PM/gases/fumes — all causes,0.00491967729466662,DALY/capita,Human Capital,Health and well-being,"HEALTH | VI — IHME GBD 2019, Valuing Impact"
Nepal,NPL,South Asia,Lower middle income,65.3,ohs_occupational_injuries,OHS,Occupational injuries — all causes,0.00508308048206753,DALY/capita,Human Capital,Health and well-being,"HEALTH | VI — IHME GBD 2019, Valuing Impact"
Nepal,NPL,South Asia,Lower middle income,65.3,diet_processed_meat,Diet,Diet high in processed meat,0.00100775891395754,DALY/capita,Human Capital,Health and well-being,"HEALTH | VI — IHME GBD 2019, Valuing Impact"
Nepal,NPL,South Asia,Lower middle income,65.3,diet_red_meat,Diet,Diet high in red meat,0.00134485972826269,DALY/capita,Human Capital,Health and well-being,"HEALTH | VI — IHME GBD 2019, Valuing Impact"
Nepal,NPL,South Asia,Lower middle income,65.3,diet_sodium,Diet,Diet high in sodium,0.0024752823507777797,DALY/capita,Human Capital,Health and well-being,"HEALTH | VI — IHME GBD 2019, Valuing Impact"
Nepal,NPL,South Asia,Lower middle income,65.3,diet_sugary_beverages,Diet,Diet high in sugar-sweetened beverages,0.0005311023439451791,DALY/capita,Human Capital,Health and well-being,"HEALTH | VI — IHME GBD 2019, Valuing Impact"
Nepal,NPL,South Asia,Lower middle income,65.3,diet_trans_fats,Diet,Diet high in trans fats,0.00184096357666765,DALY/capita,Human Capital,Health and well-being,"HEALTH | VI — IHME GBD 2019, Valuing Impact"
Nepal,NPL,South Asia,Lower middle income,65.3,diet_low_vegetables,Diet,Diet low in vegetables,0.0020322016956739,DALY/capita,Human Capital,Health and well-being,"HEALTH | VI — IHME GBD 2019, Valuing Impact"
Nepal,NPL,South Asia,Lower middle income,65.3,diet_low_whole_grains,Diet,Diet low in whole grains,0.00320417343530939,DALY/capita,Human Capital,Health and well-being,"HEALTH | VI — IHME GBD 2019, Valuing Impact"
Nepal,NPL,South Asia,Lower middle income,65.3,diet_risks_total,Diet,Dietary risks — aggregate,0.016465733842902,DALY/capita,Human Capital,Health and well-being,"HEALTH | VI — IHME GBD 2019, Valuing Impact"
Nepal,NPL,South Asia,Lower middle income,65.3,smoking,Lifestyle,Smoking — all causes,0.0260360214622793,DALY/capita,Human Capital,Health and well-being,"HEALTH | VI — IHME GBD 2019, Valuing Impact"
Nauru,NRU,East Asia & Pacific,High income,1529.52,wash_handwashing_diarrheal,WASH,No handwashing facility — diarrheal disease,0.00019711096204837,DALY/capita,Human Capital,Health and well-being,"HEALTH | VI — IHME GBD 2019, Valuing Impact"
Nauru,NRU,East Asia & Pacific,High income,1529.52,wash_sanitation_diarrheal,WASH,Unsafe sanitation — diarrheal disease,0.000884922705519635,DALY/capita,Human Capital,Health and well-being,"HEALTH | VI — IHME GBD 2019, Valuing Impact"
Nauru,NRU,East Asia & Pacific,High income,1529.52,wash_water_diarrheal,WASH,Unsafe water source — diarrheal disease,0.00274010228982392,DALY/capita,Human Capital,Health and well-being,"HEALTH | VI — IHME GBD 2019, Valuing Impact"
Nauru,NRU,East Asia & Pacific,High income,1529.52,wash_handwashing_respiratory,WASH,No handwashing — lower respiratory infections,0.0006537631899605729,DALY/capita,Human Capital,Health and well-being,"HEALTH | VI — IHME GBD 2019, Valuing Impact"
Nauru,NRU,East Asia & Pacific,High income,1529.52,ohs_secondhand_smoke,OHS,Second-hand smoke — all causes,0.0111434635019405,DALY/capita,Human Capital,Health and well-being,"HEALTH | VI — IHME GBD 2019, Valuing Impact"
Nauru,NRU,East Asia & Pacific,High income,1529.52,ohs_occupational_pm,OHS,Occupational PM/gases/fumes — all causes,0.000733816484907067,DALY/capita,Human Capital,Health and well-being,"HEALTH | VI — IHME GBD 2019, Valuing Impact"
Nauru,NRU,East Asia & Pacific,High income,1529.52,ohs_occupational_injuries,OHS,Occupational injuries — all causes,0.0017554886888310802,DALY/capita,Human Capital,Health and well-being,"HEALTH | VI — IHME GBD 2019, Valuing Impact"
Nauru,NRU,East Asia & Pacific,High income,1529.52,diet_processed_meat,Diet,Diet high in processed meat,0.00105707331635049,DALY/capita,Human Capital,Health and well-being,"HEALTH | VI — IHME GBD 2019, Valuing Impact"
Nauru,NRU,East Asia & Pacific,High income,1529.52,diet_red_meat,Diet,Diet high in red meat,0.006553659159689899,DALY/capita,Human Capital,Health and well-being,"HEALTH | VI — IHME GBD 2019, Valuing Impact"
Nauru,NRU,East Asia & Pacific,High income,1529.52,diet_sodium,Diet,Diet high in sodium,0.00489301131175996,DALY/capita,Human Capital,Health and well-being,"HEALTH | VI — IHME GBD 2019, Valuing Impact"
Nauru,NRU,East Asia & Pacific,High income,1529.52,diet_sugary_beverages,Diet,Diet high in sugar-sweetened beverages,0.0015072575810865002,DALY/capita,Human Capital,Health and well-being,"HEALTH | VI — IHME GBD 2019, Valuing Impact"
Nauru,NRU,East Asia & Pacific,High income,1529.52,diet_trans_fats,Diet,Diet high in trans fats,0.00272325375816019,DALY/capita,Human Capital,Health and well-being,"HEALTH | VI — IHME GBD 2019, Valuing Impact"
Nauru,NRU,East Asia & Pacific,High income,1529.52,diet_low_vegetables,Diet,Diet low in vegetables,0.00731003341154733,DALY/capita,Human Capital,Health and well-being,"HEALTH | VI — IHME GBD 2019, Valuing Impact"
Nauru,NRU,East Asia & Pacific,High income,1529.52,diet_low_whole_grains,Diet,Diet low in whole grains,0.012211690813802599,DALY/capita,Human Capital,Health and well-being,"HEALTH | VI — IHME GBD 2019, Valuing Impact"
Nauru,NRU,East Asia & Pacific,High income,1529.52,diet_risks_total,Diet,Dietary risks — aggregate,0.041698903899022595,DALY/capita,Human Capital,Health and well-being,"HEALTH | VI — IHME GBD 2019, Valuing Impact"
Nauru,NRU,East Asia & Pacific,High income,1529.52,smoking,Lifestyle,Smoking — all causes,0.0407059973751182,DALY/capita,Human Capital,Health and well-being,"HEALTH | VI — IHME GBD 2019, Valuing Impact"
New Zealand,NZL,East Asia & Pacific,High income,4906.07,wash_handwashing_diarrheal,WASH,No handwashing facility — diarrheal disease,3.45823124781524e-05,DALY/capita,Human Capital,Health and well-being,"HEALTH | VI — IHME GBD 2019, Valuing Impact"
New Zealand,NZL,East Asia & Pacific,High income,4906.07,wash_sanitation_diarrheal,WASH,Unsafe sanitation — diarrheal disease,4.01953897633267e-05,DALY/capita,Human Capital,Health and well-being,"HEALTH | VI — IHME GBD 2019, Valuing Impact"
New Zealand,NZL,East Asia & Pacific,High income,4906.07,wash_water_diarrheal,WASH,Unsafe water source — diarrheal disease,0.000189095310253475,DALY/capita,Human Capital,Health and well-being,"HEALTH | VI — IHME GBD 2019, Valuing Impact"
New Zealand,NZL,East Asia & Pacific,High income,4906.07,wash_handwashing_respiratory,WASH,No handwashing — lower respiratory infections,4.1665011429168404e-05,DALY/capita,Human Capital,Health and well-being,"HEALTH | VI — IHME GBD 2019, Valuing Impact"
New Zealand,NZL,East Asia & Pacific,High income,4906.07,ohs_secondhand_smoke,OHS,Second-hand smoke — all causes,0.00200689669817359,DALY/capita,Human Capital,Health and well-being,"HEALTH | VI — IHME GBD 2019, Valuing Impact"
New Zealand,NZL,East Asia & Pacific,High income,4906.07,ohs_occupational_pm,OHS,Occupational PM/gases/fumes — all causes,0.000976079767184278,DALY/capita,Human Capital,Health and well-being,"HEALTH | VI — IHME GBD 2019, Valuing Impact"
New Zealand,NZL,East Asia & Pacific,High income,4906.07,ohs_occupational_injuries,OHS,Occupational injuries — all causes,0.0028028631755493303,DALY/capita,Human Capital,Health and well-being,"HEALTH | VI — IHME GBD 2019, Valuing Impact"
New Zealand,NZL,East Asia & Pacific,High income,4906.07,diet_processed_meat,Diet,Diet high in processed meat,0.00221286778628323,DALY/capita,Human Capital,Health and well-being,"HEALTH | VI — IHME GBD 2019, Valuing Impact"
New Zealand,NZL,East Asia & Pacific,High income,4906.07,diet_red_meat,Diet,Diet high in red meat,0.00515818986144741,DALY/capita,Human Capital,Health and well-being,"HEALTH | VI — IHME GBD 2019, Valuing Impact"
New Zealand,NZL,East Asia & Pacific,High income,4906.07,diet_sodium,Diet,Diet high in sodium,0.0017783017112676502,DALY/capita,Human Capital,Health and well-being,"HEALTH | VI — IHME GBD 2019, Valuing Impact"
New Zealand,NZL,East Asia & Pacific,High income,4906.07,diet_sugary_beverages,Diet,Diet high in sugar-sweetened beverages,0.000603382795933817,DALY/capita,Human Capital,Health and well-being,"HEALTH | VI — IHME GBD 2019, Valuing Impact"
New Zealand,NZL,East Asia & Pacific,High income,4906.07,diet_trans_fats,Diet,Diet high in trans fats,0.0017158148396158401,DALY/capita,Human Capital,Health and well-being,"HEALTH | VI — IHME GBD 2019, Valuing Impact"
New Zealand,NZL,East Asia & Pacific,High income,4906.07,diet_low_vegetables,Diet,Diet low in vegetables,0.00116335037108938,DALY/capita,Human Capital,Health and well-being,"HEALTH | VI — IHME GBD 2019, Valuing Impact"
New Zealand,NZL,East Asia & Pacific,High income,4906.07,diet_low_whole_grains,Diet,Diet low in whole grains,0.004990417640542489,DALY/capita,Human Capital,Health and well-being,"HEALTH | VI — IHME GBD 2019, Valuing Impact"
New Zealand,NZL,East Asia & Pacific,High income,4906.07,diet_risks_total,Diet,Dietary risks — aggregate,0.0199732346327488,DALY/capita,Human Capital,Health and well-being,"HEALTH | VI — IHME GBD 2019, Valuing Impact"
New Zealand,NZL,East Asia & Pacific,High income,4906.07,smoking,Lifestyle,Smoking — all causes,0.0258601662703455,DALY/capita,Human Capital,Health and well-being,"HEALTH | VI — IHME GBD 2019, Valuing Impact"
Oman,OMN,Middle East & North Africa,High income,852.62,wash_handwashing_diarrheal,WASH,No handwashing facility — diarrheal disease,0.000164648264412845,DALY/capita,Human Capital,Health and well-being,"HEALTH | VI — IHME GBD 2019, Valuing Impact"
Oman,OMN,Middle East & North Africa,High income,852.62,wash_sanitation_diarrheal,WASH,Unsafe sanitation — diarrheal disease,8.10843637597986e-05,DALY/capita,Human Capital,Health and well-being,"HEALTH | VI — IHME GBD 2019, Valuing Impact"
Oman,OMN,Middle East & North Africa,High income,852.62,wash_water_diarrheal,WASH,Unsafe water source — diarrheal disease,0.00119673423274747,DALY/capita,Human Capital,Health and well-being,"HEALTH | VI — IHME GBD 2019, Valuing Impact"
Oman,OMN,Middle East & North Africa,High income,852.62,wash_handwashing_respiratory,WASH,No handwashing — lower respiratory infections,0.000141182394428017,DALY/capita,Human Capital,Health and well-being,"HEALTH | VI — IHME GBD 2019, Valuing Impact"
Oman,OMN,Middle East & North Africa,High income,852.62,ohs_secondhand_smoke,OHS,Second-hand smoke — all causes,0.00213189242179279,DALY/capita,Human Capital,Health and well-being,"HEALTH | VI — IHME GBD 2019, Valuing Impact"
Oman,OMN,Middle East & North Africa,High income,852.62,ohs_occupational_pm,OHS,Occupational PM/gases/fumes — all causes,0.00017036459872523402,DALY/capita,Human Capital,Health and well-being,"HEALTH | VI — IHME GBD 2019, Valuing Impact"
Oman,OMN,Middle East & North Africa,High income,852.62,ohs_occupational_injuries,OHS,Occupational injuries — all causes,0.00223010863786747,DALY/capita,Human Capital,Health and well-being,"HEALTH | VI — IHME GBD 2019, Valuing Impact"
Oman,OMN,Middle East & North Africa,High income,852.62,diet_processed_meat,Diet,Diet high in processed meat,0.000338335938656816,DALY/capita,Human Capital,Health and well-being,"HEALTH | VI — IHME GBD 2019, Valuing Impact"
Oman,OMN,Middle East & North Africa,High income,852.62,diet_red_meat,Diet,Diet high in red meat,0.0020653943585375,DALY/capita,Human Capital,Health and well-being,"HEALTH | VI — IHME GBD 2019, Valuing Impact"
Oman,OMN,Middle East & North Africa,High income,852.62,diet_sodium,Diet,Diet high in sodium,0.000687578488405415,DALY/capita,Human Capital,Health and well-being,"HEALTH | VI — IHME GBD 2019, Valuing Impact"
Oman,OMN,Middle East & North Africa,High income,852.62,diet_sugary_beverages,Diet,Diet high in sugar-sweetened beverages,0.0006992137733623881,DALY/capita,Human Capital,Health and well-being,"HEALTH | VI — IHME GBD 2019, Valuing Impact"
Oman,OMN,Middle East & North Africa,High income,852.62,diet_trans_fats,Diet,Diet high in trans fats,0.00141858271918607,DALY/capita,Human Capital,Health and well-being,"HEALTH | VI — IHME GBD 2019, Valuing Impact"
Oman,OMN,Middle East & North Africa,High income,852.62,diet_low_vegetables,Diet,Diet low in vegetables,0.000772199699639436,DALY/capita,Human Capital,Health and well-being,"HEALTH | VI — IHME GBD 2019, Valuing Impact"
Oman,OMN,Middle East & North Africa,High income,852.62,diet_low_whole_grains,Diet,Diet low in whole grains,0.00442919255555425,DALY/capita,Human Capital,Health and well-being,"HEALTH | VI — IHME GBD 2019, Valuing Impact"
Oman,OMN,Middle East & North Africa,High income,852.62,diet_risks_total,Diet,Dietary risks — aggregate,0.0132795147462503,DALY/capita,Human Capital,Health and well-being,"HEALTH | VI — IHME GBD 2019, Valuing Impact"
Oman,OMN,Middle East & North Africa,High income,852.62,smoking,Lifestyle,Smoking — all causes,0.00635231293528774,DALY/capita,Human Capital,Health and well-being,"HEALTH | VI — IHME GBD 2019, Valuing Impact"
Pakistan,PAK,South Asia,Lower middle income,43.09,wash_handwashing_diarrheal,WASH,No handwashing facility — diarrheal disease,0.00390946024724496,DALY/capita,Human Capital,Health and well-being,"HEALTH | VI — IHME GBD 2019, Valuing Impact"
Pakistan,PAK,South Asia,Lower middle income,43.09,wash_sanitation_diarrheal,WASH,Unsafe sanitation — diarrheal disease,0.00825480789258495,DALY/capita,Human Capital,Health and well-being,"HEALTH | VI — IHME GBD 2019, Valuing Impact"
Pakistan,PAK,South Asia,Lower middle income,43.09,wash_water_diarrheal,WASH,Unsafe water source — diarrheal disease,0.017524005696338,DALY/capita,Human Capital,Health and well-being,"HEALTH | VI — IHME GBD 2019, Valuing Impact"
Pakistan,PAK,South Asia,Lower middle income,43.09,wash_handwashing_respiratory,WASH,No handwashing — lower respiratory infections,0.0026818905847046104,DALY/capita,Human Capital,Health and well-being,"HEALTH | VI — IHME GBD 2019, Valuing Impact"
Pakistan,PAK,South Asia,Lower middle income,43.09,ohs_secondhand_smoke,OHS,Second-hand smoke — all causes,0.00552734167604242,DALY/capita,Human Capital,Health and well-being,"HEALTH | VI — IHME GBD 2019, Valuing Impact"
Pakistan,PAK,South Asia,Lower middle income,43.09,ohs_occupational_pm,OHS,Occupational PM/gases/fumes — all causes,0.000994375816413152,DALY/capita,Human Capital,Health and well-being,"HEALTH | VI — IHME GBD 2019, Valuing Impact"
Pakistan,PAK,South Asia,Lower middle income,43.09,ohs_occupational_injuries,OHS,Occupational injuries — all causes,0.0034184987386754197,DALY/capita,Human Capital,Health and well-being,"HEALTH | VI — IHME GBD 2019, Valuing Impact"
Pakistan,PAK,South Asia,Lower middle income,43.09,diet_processed_meat,Diet,Diet high in processed meat,0.0014164246394946598,DALY/capita,Human Capital,Health and well-being,"HEALTH | VI — IHME GBD 2019, Valuing Impact"
Pakistan,PAK,South Asia,Lower middle income,43.09,diet_red_meat,Diet,Diet high in red meat,0.00192862527863316,DALY/capita,Human Capital,Health and well-being,"HEALTH | VI — IHME GBD 2019, Valuing Impact"
Pakistan,PAK,South Asia,Lower middle income,43.09,diet_sodium,Diet,Diet high in sodium,0.0029750197293983097,DALY/capita,Human Capital,Health and well-being,"HEALTH | VI — IHME GBD 2019, Valuing Impact"
Pakistan,PAK,South Asia,Lower middle income,43.09,diet_sugary_beverages,Diet,Diet high in sugar-sweetened beverages,0.00105104567141613,DALY/capita,Human Capital,Health and well-being,"HEALTH | VI — IHME GBD 2019, Valuing Impact"
Pakistan,PAK,South Asia,Lower middle income,43.09,diet_trans_fats,Diet,Diet high in trans fats,0.00253165138143501,DALY/capita,Human Capital,Health and well-being,"HEALTH | VI — IHME GBD 2019, Valuing Impact"
Pakistan,PAK,South Asia,Lower middle income,43.09,diet_low_vegetables,Diet,Diet low in vegetables,0.00341703264140086,DALY/capita,Human Capital,Health and well-being,"HEALTH | VI — IHME GBD 2019, Valuing Impact"
Pakistan,PAK,South Asia,Lower middle income,43.09,diet_low_whole_grains,Diet,Diet low in whole grains,0.0075090493259201,DALY/capita,Human Capital,Health and well-being,"HEALTH | VI — IHME GBD 2019, Valuing Impact"
Pakistan,PAK,South Asia,Lower middle income,43.09,diet_risks_total,Diet,Dietary risks — aggregate,0.0240703014888688,DALY/capita,Human Capital,Health and well-being,"HEALTH | VI — IHME GBD 2019, Valuing Impact"
Pakistan,PAK,South Asia,Lower middle income,43.09,smoking,Lifestyle,Smoking — all causes,0.0175944132085656,DALY/capita,Human Capital,Health and well-being,"HEALTH | VI — IHME GBD 2019, Valuing Impact"
Panama,PAN,Latin America & Caribbean,High income,1415.24,wash_handwashing_diarrheal,WASH,No handwashing facility — diarrheal disease,0.00034717903552171,DALY/capita,Human Capital,Health and well-being,"HEALTH | VI — IHME GBD 2019, Valuing Impact"
Panama,PAN,Latin America & Caribbean,High income,1415.24,wash_sanitation_diarrheal,WASH,Unsafe sanitation — diarrheal disease,0.00107499152517518,DALY/capita,Human Capital,Health and well-being,"HEALTH | VI — IHME GBD 2019, Valuing Impact"
Panama,PAN,Latin America & Caribbean,High income,1415.24,wash_water_diarrheal,WASH,Unsafe water source — diarrheal disease,0.00218447061448987,DALY/capita,Human Capital,Health and well-being,"HEALTH | VI — IHME GBD 2019, Valuing Impact"
Panama,PAN,Latin America & Caribbean,High income,1415.24,wash_handwashing_respiratory,WASH,No handwashing — lower respiratory infections,0.000366314651582805,DALY/capita,Human Capital,Health and well-being,"HEALTH | VI — IHME GBD 2019, Valuing Impact"
Panama,PAN,Latin America & Caribbean,High income,1415.24,ohs_secondhand_smoke,OHS,Second-hand smoke — all causes,0.0014796203506015,DALY/capita,Human Capital,Health and well-being,"HEALTH | VI — IHME GBD 2019, Valuing Impact"
Panama,PAN,Latin America & Caribbean,High income,1415.24,ohs_occupational_pm,OHS,Occupational PM/gases/fumes — all causes,0.00033802799730359406,DALY/capita,Human Capital,Health and well-being,"HEALTH | VI — IHME GBD 2019, Valuing Impact"
Panama,PAN,Latin America & Caribbean,High income,1415.24,ohs_occupational_injuries,OHS,Occupational injuries — all causes,0.00113741853332359,DALY/capita,Human Capital,Health and well-being,"HEALTH | VI — IHME GBD 2019, Valuing Impact"
Panama,PAN,Latin America & Caribbean,High income,1415.24,diet_processed_meat,Diet,Diet high in processed meat,0.000569441098201566,DALY/capita,Human Capital,Health and well-being,"HEALTH | VI — IHME GBD 2019, Valuing Impact"
Panama,PAN,Latin America & Caribbean,High income,1415.24,diet_red_meat,Diet,Diet high in red meat,0.0022089291871172,DALY/capita,Human Capital,Health and well-being,"HEALTH | VI — IHME GBD 2019, Valuing Impact"
Panama,PAN,Latin America & Caribbean,High income,1415.24,diet_sodium,Diet,Diet high in sodium,0.0026966701440685396,DALY/capita,Human Capital,Health and well-being,"HEALTH | VI — IHME GBD 2019, Valuing Impact"
Panama,PAN,Latin America & Caribbean,High income,1415.24,diet_sugary_beverages,Diet,Diet high in sugar-sweetened beverages,0.000692106615804384,DALY/capita,Human Capital,Health and well-being,"HEALTH | VI — IHME GBD 2019, Valuing Impact"
Panama,PAN,Latin America & Caribbean,High income,1415.24,diet_trans_fats,Diet,Diet high in trans fats,0.000821048906424572,DALY/capita,Human Capital,Health and well-being,"HEALTH | VI — IHME GBD 2019, Valuing Impact"
Panama,PAN,Latin America & Caribbean,High income,1415.24,diet_low_vegetables,Diet,Diet low in vegetables,0.00140039293723719,DALY/capita,Human Capital,Health and well-being,"HEALTH | VI — IHME GBD 2019, Valuing Impact"
Panama,PAN,Latin America & Caribbean,High income,1415.24,diet_low_whole_grains,Diet,Diet low in whole grains,0.0022573359363312,DALY/capita,Human Capital,Health and well-being,"HEALTH | VI — IHME GBD 2019, Valuing Impact"
Panama,PAN,Latin America & Caribbean,High income,1415.24,diet_risks_total,Diet,Dietary risks — aggregate,0.013543624008849599,DALY/capita,Human Capital,Health and well-being,"HEALTH | VI — IHME GBD 2019, Valuing Impact"
Panama,PAN,Latin America & Caribbean,High income,1415.24,smoking,Lifestyle,Smoking — all causes,0.006924574367593589,DALY/capita,Human Capital,Health and well-being,"HEALTH | VI — IHME GBD 2019, Valuing Impact"
Peru,PER,Latin America & Caribbean,Upper middle income,412.21,wash_handwashing_diarrheal,WASH,No handwashing facility — diarrheal disease,0.000410497885187179,DALY/capita,Human Capital,Health and well-being,"HEALTH | VI — IHME GBD 2019, Valuing Impact"
Peru,PER,Latin America & Caribbean,Upper middle income,412.21,wash_sanitation_diarrheal,WASH,Unsafe sanitation — diarrheal disease,0.00133300447299055,DALY/capita,Human Capital,Health and well-being,"HEALTH | VI — IHME GBD 2019, Valuing Impact"
Peru,PER,Latin America & Caribbean,Upper middle income,412.21,wash_water_diarrheal,WASH,Unsafe water source — diarrheal disease,0.00200762658689965,DALY/capita,Human Capital,Health and well-being,"HEALTH | VI — IHME GBD 2019, Valuing Impact"
Peru,PER,Latin America & Caribbean,Upper middle income,412.21,wash_handwashing_respiratory,WASH,No handwashing — lower respiratory infections,0.000910086850450753,DALY/capita,Human Capital,Health and well-being,"HEALTH | VI — IHME GBD 2019, Valuing Impact"
Peru,PER,Latin America & Caribbean,Upper middle income,412.21,ohs_secondhand_smoke,OHS,Second-hand smoke — all causes,0.00105811154896114,DALY/capita,Human Capital,Health and well-being,"HEALTH | VI — IHME GBD 2019, Valuing Impact"
Peru,PER,Latin America & Caribbean,Upper middle income,412.21,ohs_occupational_pm,OHS,Occupational PM/gases/fumes — all causes,0.000271507545824536,DALY/capita,Human Capital,Health and well-being,"HEALTH | VI — IHME GBD 2019, Valuing Impact"
Peru,PER,Latin America & Caribbean,Upper middle income,412.21,ohs_occupational_injuries,OHS,Occupational injuries — all causes,0.00129840847455997,DALY/capita,Human Capital,Health and well-being,"HEALTH | VI — IHME GBD 2019, Valuing Impact"
Peru,PER,Latin America & Caribbean,Upper middle income,412.21,diet_processed_meat,Diet,Diet high in processed meat,0.00016306182064139202,DALY/capita,Human Capital,Health and well-being,"HEALTH | VI — IHME GBD 2019, Valuing Impact"
Peru,PER,Latin America & Caribbean,Upper middle income,412.21,diet_red_meat,Diet,Diet high in red meat,0.00074103467419032,DALY/capita,Human Capital,Health and well-being,"HEALTH | VI — IHME GBD 2019, Valuing Impact"
Peru,PER,Latin America & Caribbean,Upper middle income,412.21,diet_sodium,Diet,Diet high in sodium,0.0016029753691572401,DALY/capita,Human Capital,Health and well-being,"HEALTH | VI — IHME GBD 2019, Valuing Impact"
Peru,PER,Latin America & Caribbean,Upper middle income,412.21,diet_sugary_beverages,Diet,Diet high in sugar-sweetened beverages,0.000325075757860564,DALY/capita,Human Capital,Health and well-being,"HEALTH | VI — IHME GBD 2019, Valuing Impact"
Peru,PER,Latin America & Caribbean,Upper middle income,412.21,diet_trans_fats,Diet,Diet high in trans fats,0.000726431283958724,DALY/capita,Human Capital,Health and well-being,"HEALTH | VI — IHME GBD 2019, Valuing Impact"
Peru,PER,Latin America & Caribbean,Upper middle income,412.21,diet_low_vegetables,Diet,Diet low in vegetables,0.0009349840415991631,DALY/capita,Human Capital,Health and well-being,"HEALTH | VI — IHME GBD 2019, Valuing Impact"
Peru,PER,Latin America & Caribbean,Upper middle income,412.21,diet_low_whole_grains,Diet,Diet low in whole grains,0.0019098847649917702,DALY/capita,Human Capital,Health and well-being,"HEALTH | VI — IHME GBD 2019, Valuing Impact"
Peru,PER,Latin America & Caribbean,Upper middle income,412.21,diet_risks_total,Diet,Dietary risks — aggregate,0.00831881402422528,DALY/capita,Human Capital,Health and well-being,"HEALTH | VI — IHME GBD 2019, Valuing Impact"
Peru,PER,Latin America & Caribbean,Upper middle income,412.21,smoking,Lifestyle,Smoking — all causes,0.00349731933452506,DALY/capita,Human Capital,Health and well-being,"HEALTH | VI — IHME GBD 2019, Valuing Impact"
Philippines,PHL,East Asia & Pacific,Lower middle income,203.18,wash_handwashing_diarrheal,WASH,No handwashing facility — diarrheal disease,0.000499048693398582,DALY/capita,Human Capital,Health and well-being,"HEALTH | VI — IHME GBD 2019, Valuing Impact"
Philippines,PHL,East Asia & Pacific,Lower middle income,203.18,wash_sanitation_diarrheal,WASH,Unsafe sanitation — diarrheal disease,0.0011061874931430399,DALY/capita,Human Capital,Health and well-being,"HEALTH | VI — IHME GBD 2019, Valuing Impact"
Philippines,PHL,East Asia & Pacific,Lower middle income,203.18,wash_water_diarrheal,WASH,Unsafe water source — diarrheal disease,0.00379331791573216,DALY/capita,Human Capital,Health and well-being,"HEALTH | VI — IHME GBD 2019, Valuing Impact"
Philippines,PHL,East Asia & Pacific,Lower middle income,203.18,wash_handwashing_respiratory,WASH,No handwashing — lower respiratory infections,0.00111974132017938,DALY/capita,Human Capital,Health and well-being,"HEALTH | VI — IHME GBD 2019, Valuing Impact"
Philippines,PHL,East Asia & Pacific,Lower middle income,203.18,ohs_secondhand_smoke,OHS,Second-hand smoke — all causes,0.006272701123754569,DALY/capita,Human Capital,Health and well-being,"HEALTH | VI — IHME GBD 2019, Valuing Impact"
Philippines,PHL,East Asia & Pacific,Lower middle income,203.18,ohs_occupational_pm,OHS,Occupational PM/gases/fumes — all causes,0.000973641493350479,DALY/capita,Human Capital,Health and well-being,"HEALTH | VI — IHME GBD 2019, Valuing Impact"
Philippines,PHL,East Asia & Pacific,Lower middle income,203.18,ohs_occupational_injuries,OHS,Occupational injuries — all causes,0.00254835837634803,DALY/capita,Human Capital,Health and well-being,"HEALTH | VI — IHME GBD 2019, Valuing Impact"
Philippines,PHL,East Asia & Pacific,Lower middle income,203.18,diet_processed_meat,Diet,Diet high in processed meat,0.0007184350242452921,DALY/capita,Human Capital,Health and well-being,"HEALTH | VI — IHME GBD 2019, Valuing Impact"
Philippines,PHL,East Asia & Pacific,Lower middle income,203.18,diet_red_meat,Diet,Diet high in red meat,0.00297173963144008,DALY/capita,Human Capital,Health and well-being,"HEALTH | VI — IHME GBD 2019, Valuing Impact"
Philippines,PHL,East Asia & Pacific,Lower middle income,203.18,diet_sodium,Diet,Diet high in sodium,0.00667451259488348,DALY/capita,Human Capital,Health and well-being,"HEALTH | VI — IHME GBD 2019, Valuing Impact"
Philippines,PHL,East Asia & Pacific,Lower middle income,203.18,diet_sugary_beverages,Diet,Diet high in sugar-sweetened beverages,0.000842602580592504,DALY/capita,Human Capital,Health and well-being,"HEALTH | VI — IHME GBD 2019, Valuing Impact"
Philippines,PHL,East Asia & Pacific,Lower middle income,203.18,diet_trans_fats,Diet,Diet high in trans fats,0.0012736360905904699,DALY/capita,Human Capital,Health and well-being,"HEALTH | VI — IHME GBD 2019, Valuing Impact"
Philippines,PHL,East Asia & Pacific,Lower middle income,203.18,diet_low_vegetables,Diet,Diet low in vegetables,0.00269674050806056,DALY/capita,Human Capital,Health and well-being,"HEALTH | VI — IHME GBD 2019, Valuing Impact"
Philippines,PHL,East Asia & Pacific,Lower middle income,203.18,diet_low_whole_grains,Diet,Diet low in whole grains,0.00403307502183228,DALY/capita,Human Capital,Health and well-being,"HEALTH | VI — IHME GBD 2019, Valuing Impact"
Philippines,PHL,East Asia & Pacific,Lower middle income,203.18,diet_risks_total,Diet,Dietary risks — aggregate,0.024427003187839,DALY/capita,Human Capital,Health and well-being,"HEALTH | VI — IHME GBD 2019, Valuing Impact"
Philippines,PHL,East Asia & Pacific,Lower middle income,203.18,smoking,Lifestyle,Smoking — all causes,0.0262366869915726,DALY/capita,Human Capital,Health and well-being,"HEALTH | VI — IHME GBD 2019, Valuing Impact"
Palau,PLW,East Asia & Pacific,Upper middle income,2045.3,wash_handwashing_diarrheal,WASH,No handwashing facility — diarrheal disease,0.000185048245973671,DALY/capita,Human Capital,Health and well-being,"HEALTH | VI — IHME GBD 2019, Valuing Impact"
Palau,PLW,East Asia & Pacific,Upper middle income,2045.3,wash_sanitation_diarrheal,WASH,Unsafe sanitation — diarrheal disease,0.000568754249843789,DALY/capita,Human Capital,Health and well-being,"HEALTH | VI — IHME GBD 2019, Valuing Impact"
Palau,PLW,East Asia & Pacific,Upper middle income,2045.3,wash_water_diarrheal,WASH,Unsafe water source — diarrheal disease,0.00310970477994869,DALY/capita,Human Capital,Health and well-being,"HEALTH | VI — IHME GBD 2019, Valuing Impact"
Palau,PLW,East Asia & Pacific,Upper middle income,2045.3,wash_handwashing_respiratory,WASH,No handwashing — lower respiratory infections,0.000709531180997731,DALY/capita,Human Capital,Health and well-being,"HEALTH | VI — IHME GBD 2019, Valuing Impact"
Palau,PLW,East Asia & Pacific,Upper middle income,2045.3,ohs_secondhand_smoke,OHS,Second-hand smoke — all causes,0.0203934860200854,DALY/capita,Human Capital,Health and well-being,"HEALTH | VI — IHME GBD 2019, Valuing Impact"
Palau,PLW,East Asia & Pacific,Upper middle income,2045.3,ohs_occupational_pm,OHS,Occupational PM/gases/fumes — all causes,0.00208309554950555,DALY/capita,Human Capital,Health and well-being,"HEALTH | VI — IHME GBD 2019, Valuing Impact"
Palau,PLW,East Asia & Pacific,Upper middle income,2045.3,ohs_occupational_injuries,OHS,Occupational injuries — all causes,0.0016941702241237,DALY/capita,Human Capital,Health and well-being,"HEALTH | VI — IHME GBD 2019, Valuing Impact"
Palau,PLW,East Asia & Pacific,Upper middle income,2045.3,diet_processed_meat,Diet,Diet high in processed meat,0.00186601339856206,DALY/capita,Human Capital,Health and well-being,"HEALTH | VI — IHME GBD 2019, Valuing Impact"
Palau,PLW,East Asia & Pacific,Upper middle income,2045.3,diet_red_meat,Diet,Diet high in red meat,0.00975054458281537,DALY/capita,Human Capital,Health and well-being,"HEALTH | VI — IHME GBD 2019, Valuing Impact"
Palau,PLW,East Asia & Pacific,Upper middle income,2045.3,diet_sodium,Diet,Diet high in sodium,0.00963660208081085,DALY/capita,Human Capital,Health and well-being,"HEALTH | VI — IHME GBD 2019, Valuing Impact"
Palau,PLW,East Asia & Pacific,Upper middle income,2045.3,diet_sugary_beverages,Diet,Diet high in sugar-sweetened beverages,0.0026422846273269403,DALY/capita,Human Capital,Health and well-being,"HEALTH | VI — IHME GBD 2019, Valuing Impact"
Palau,PLW,East Asia & Pacific,Upper middle income,2045.3,diet_trans_fats,Diet,Diet high in trans fats,0.00371516388070915,DALY/capita,Human Capital,Health and well-being,"HEALTH | VI — IHME GBD 2019, Valuing Impact"
Palau,PLW,East Asia & Pacific,Upper middle income,2045.3,diet_low_vegetables,Diet,Diet low in vegetables,0.00897670528303364,DALY/capita,Human Capital,Health and well-being,"HEALTH | VI — IHME GBD 2019, Valuing Impact"
Palau,PLW,East Asia & Pacific,Upper middle income,2045.3,diet_low_whole_grains,Diet,Diet low in whole grains,0.0174143465950608,DALY/capita,Human Capital,Health and well-being,"HEALTH | VI — IHME GBD 2019, Valuing Impact"
Palau,PLW,East Asia & Pacific,Upper middle income,2045.3,diet_risks_total,Diet,Dietary risks — aggregate,0.0615738442056086,DALY/capita,Human Capital,Health and well-being,"HEALTH | VI — IHME GBD 2019, Valuing Impact"
Palau,PLW,East Asia & Pacific,Upper middle income,2045.3,smoking,Lifestyle,Smoking — all causes,0.0552937516687485,DALY/capita,Human Capital,Health and well-being,"HEALTH | VI — IHME GBD 2019, Valuing Impact"
Papua New Guinea,PNG,East Asia & Pacific,Lower middle income,61.41,wash_handwashing_diarrheal,WASH,No handwashing facility — diarrheal disease,0.00370464014521176,DALY/capita,Human Capital,Health and well-being,"HEALTH | VI — IHME GBD 2019, Valuing Impact"
Papua New Guinea,PNG,East Asia & Pacific,Lower middle income,61.41,wash_sanitation_diarrheal,WASH,Unsafe sanitation — diarrheal disease,0.012683600577595901,DALY/capita,Human Capital,Health and well-being,"HEALTH | VI — IHME GBD 2019, Valuing Impact"
Papua New Guinea,PNG,East Asia & Pacific,Lower middle income,61.41,wash_water_diarrheal,WASH,Unsafe water source — diarrheal disease,0.0167593726862659,DALY/capita,Human Capital,Health and well-being,"HEALTH | VI — IHME GBD 2019, Valuing Impact"
Papua New Guinea,PNG,East Asia & Pacific,Lower middle income,61.41,wash_handwashing_respiratory,WASH,No handwashing — lower respiratory infections,0.00586787757157588,DALY/capita,Human Capital,Health and well-being,"HEALTH | VI — IHME GBD 2019, Valuing Impact"
Papua New Guinea,PNG,East Asia & Pacific,Lower middle income,61.41,ohs_secondhand_smoke,OHS,Second-hand smoke — all causes,0.011544150240274,DALY/capita,Human Capital,Health and well-being,"HEALTH | VI — IHME GBD 2019, Valuing Impact"
Papua New Guinea,PNG,East Asia & Pacific,Lower middle income,61.41,ohs_occupational_pm,OHS,Occupational PM/gases/fumes — all causes,0.00140618051767773,DALY/capita,Human Capital,Health and well-being,"HEALTH | VI — IHME GBD 2019, Valuing Impact"
Papua New Guinea,PNG,East Asia & Pacific,Lower middle income,61.41,ohs_occupational_injuries,OHS,Occupational injuries — all causes,0.003314560844759,DALY/capita,Human Capital,Health and well-being,"HEALTH | VI — IHME GBD 2019, Valuing Impact"
Papua New Guinea,PNG,East Asia & Pacific,Lower middle income,61.41,diet_processed_meat,Diet,Diet high in processed meat,0.000550312203491939,DALY/capita,Human Capital,Health and well-being,"HEALTH | VI — IHME GBD 2019, Valuing Impact"
Papua New Guinea,PNG,East Asia & Pacific,Lower middle income,61.41,diet_red_meat,Diet,Diet high in red meat,0.0029717822383348302,DALY/capita,Human Capital,Health and well-being,"HEALTH | VI — IHME GBD 2019, Valuing Impact"
Papua New Guinea,PNG,East Asia & Pacific,Lower middle income,61.41,diet_sodium,Diet,Diet high in sodium,0.00334594789845935,DALY/capita,Human Capital,Health and well-being,"HEALTH | VI — IHME GBD 2019, Valuing Impact"
Papua New Guinea,PNG,East Asia & Pacific,Lower middle income,61.41,diet_sugary_beverages,Diet,Diet high in sugar-sweetened beverages,0.00083563857302406,DALY/capita,Human Capital,Health and well-being,"HEALTH | VI — IHME GBD 2019, Valuing Impact"
Papua New Guinea,PNG,East Asia & Pacific,Lower middle income,61.41,diet_trans_fats,Diet,Diet high in trans fats,0.00127973479827557,DALY/capita,Human Capital,Health and well-being,"HEALTH | VI — IHME GBD 2019, Valuing Impact"
Papua New Guinea,PNG,East Asia & Pacific,Lower middle income,61.41,diet_low_vegetables,Diet,Diet low in vegetables,0.0034585441700407398,DALY/capita,Human Capital,Health and well-being,"HEALTH | VI — IHME GBD 2019, Valuing Impact"
Papua New Guinea,PNG,East Asia & Pacific,Lower middle income,61.41,diet_low_whole_grains,Diet,Diet low in whole grains,0.00639217769078231,DALY/capita,Human Capital,Health and well-being,"HEALTH | VI — IHME GBD 2019, Valuing Impact"
Papua New Guinea,PNG,East Asia & Pacific,Lower middle income,61.41,diet_risks_total,Diet,Dietary risks — aggregate,0.0238863268420667,DALY/capita,Human Capital,Health and well-being,"HEALTH | VI — IHME GBD 2019, Valuing Impact"
Papua New Guinea,PNG,East Asia & Pacific,Lower middle income,61.41,smoking,Lifestyle,Smoking — all causes,0.024212441539556897,DALY/capita,Human Capital,Health and well-being,"HEALTH | VI — IHME GBD 2019, Valuing Impact"
Poland,POL,Europe & Central Asia,High income,1159.33,wash_handwashing_diarrheal,WASH,No handwashing facility — diarrheal disease,1.65827542211842e-05,DALY/capita,Human Capital,Health and well-being,"HEALTH | VI — IHME GBD 2019, Valuing Impact"
Poland,POL,Europe & Central Asia,High income,1159.33,wash_sanitation_diarrheal,WASH,Unsafe sanitation — diarrheal disease,6.37665881142969e-05,DALY/capita,Human Capital,Health and well-being,"HEALTH | VI — IHME GBD 2019, Valuing Impact"
Poland,POL,Europe & Central Asia,High income,1159.33,wash_water_diarrheal,WASH,Unsafe water source — diarrheal disease,0.000302970648973,DALY/capita,Human Capital,Health and well-being,"HEALTH | VI — IHME GBD 2019, Valuing Impact"
Poland,POL,Europe & Central Asia,High income,1159.33,wash_handwashing_respiratory,WASH,No handwashing — lower respiratory infections,5.25068729611094e-05,DALY/capita,Human Capital,Health and well-being,"HEALTH | VI — IHME GBD 2019, Valuing Impact"
Poland,POL,Europe & Central Asia,High income,1159.33,ohs_secondhand_smoke,OHS,Second-hand smoke — all causes,0.00480068295858083,DALY/capita,Human Capital,Health and well-being,"HEALTH | VI — IHME GBD 2019, Valuing Impact"
Poland,POL,Europe & Central Asia,High income,1159.33,ohs_occupational_pm,OHS,Occupational PM/gases/fumes — all causes,0.000799364523917357,DALY/capita,Human Capital,Health and well-being,"HEALTH | VI — IHME GBD 2019, Valuing Impact"
Poland,POL,Europe & Central Asia,High income,1159.33,ohs_occupational_injuries,OHS,Occupational injuries — all causes,0.0019453750665466502,DALY/capita,Human Capital,Health and well-being,"HEALTH | VI — IHME GBD 2019, Valuing Impact"
Poland,POL,Europe & Central Asia,High income,1159.33,diet_processed_meat,Diet,Diet high in processed meat,0.00221574405769924,DALY/capita,Human Capital,Health and well-being,"HEALTH | VI — IHME GBD 2019, Valuing Impact"
Poland,POL,Europe & Central Asia,High income,1159.33,diet_red_meat,Diet,Diet high in red meat,0.00724592451604183,DALY/capita,Human Capital,Health and well-being,"HEALTH | VI — IHME GBD 2019, Valuing Impact"
Poland,POL,Europe & Central Asia,High income,1159.33,diet_sodium,Diet,Diet high in sodium,0.00934565364025063,DALY/capita,Human Capital,Health and well-being,"HEALTH | VI — IHME GBD 2019, Valuing Impact"
Poland,POL,Europe & Central Asia,High income,1159.33,diet_sugary_beverages,Diet,Diet high in sugar-sweetened beverages,0.0016502040653910601,DALY/capita,Human Capital,Health and well-being,"HEALTH | VI — IHME GBD 2019, Valuing Impact"
Poland,POL,Europe & Central Asia,High income,1159.33,diet_trans_fats,Diet,Diet high in trans fats,0.0020153294837841197,DALY/capita,Human Capital,Health and well-being,"HEALTH | VI — IHME GBD 2019, Valuing Impact"
Poland,POL,Europe & Central Asia,High income,1159.33,diet_low_vegetables,Diet,Diet low in vegetables,0.000685184998643185,DALY/capita,Human Capital,Health and well-being,"HEALTH | VI — IHME GBD 2019, Valuing Impact"
Poland,POL,Europe & Central Asia,High income,1159.33,diet_low_whole_grains,Diet,Diet low in whole grains,0.00926857965300499,DALY/capita,Human Capital,Health and well-being,"HEALTH | VI — IHME GBD 2019, Valuing Impact"
Poland,POL,Europe & Central Asia,High income,1159.33,diet_risks_total,Diet,Dietary risks — aggregate,0.0389726726797629,DALY/capita,Human Capital,Health and well-being,"HEALTH | VI — IHME GBD 2019, Valuing Impact"
Poland,POL,Europe & Central Asia,High income,1159.33,smoking,Lifestyle,Smoking — all causes,0.0536810166774864,DALY/capita,Human Capital,Health and well-being,"HEALTH | VI — IHME GBD 2019, Valuing Impact"
Puerto Rico,PRI,Latin America & Caribbean,High income,0.0,wash_handwashing_diarrheal,WASH,No handwashing facility — diarrheal disease,0.000262403200921066,DALY/capita,Human Capital,Health and well-being,"HEALTH | VI — IHME GBD 2019, Valuing Impact"
Puerto Rico,PRI,Latin America & Caribbean,High income,0.0,wash_sanitation_diarrheal,WASH,Unsafe sanitation — diarrheal disease,0.00011360380297208801,DALY/capita,Human Capital,Health and well-being,"HEALTH | VI — IHME GBD 2019, Valuing Impact"
Puerto Rico,PRI,Latin America & Caribbean,High income,0.0,wash_water_diarrheal,WASH,Unsafe water source — diarrheal disease,0.0018181233287242,DALY/capita,Human Capital,Health and well-being,"HEALTH | VI — IHME GBD 2019, Valuing Impact"
Puerto Rico,PRI,Latin America & Caribbean,High income,0.0,wash_handwashing_respiratory,WASH,No handwashing — lower respiratory infections,0.000363755594606273,DALY/capita,Human Capital,Health and well-being,"HEALTH | VI — IHME GBD 2019, Valuing Impact"
Puerto Rico,PRI,Latin America & Caribbean,High income,0.0,ohs_secondhand_smoke,OHS,Second-hand smoke — all causes,0.0031807042387552004,DALY/capita,Human Capital,Health and well-being,"HEALTH | VI — IHME GBD 2019, Valuing Impact"
Puerto Rico,PRI,Latin America & Caribbean,High income,0.0,ohs_occupational_pm,OHS,Occupational PM/gases/fumes — all causes,0.000426452609656277,DALY/capita,Human Capital,Health and well-being,"HEALTH | VI — IHME GBD 2019, Valuing Impact"
Puerto Rico,PRI,Latin America & Caribbean,High income,0.0,ohs_occupational_injuries,OHS,Occupational injuries — all causes,0.00121421052358146,DALY/capita,Human Capital,Health and well-being,"HEALTH | VI — IHME GBD 2019, Valuing Impact"
Puerto Rico,PRI,Latin America & Caribbean,High income,0.0,diet_processed_meat,Diet,Diet high in processed meat,0.00138535393769329,DALY/capita,Human Capital,Health and well-being,"HEALTH | VI — IHME GBD 2019, Valuing Impact"
Puerto Rico,PRI,Latin America & Caribbean,High income,0.0,diet_red_meat,Diet,Diet high in red meat,0.00299955050523093,DALY/capita,Human Capital,Health and well-being,"HEALTH | VI — IHME GBD 2019, Valuing Impact"
Puerto Rico,PRI,Latin America & Caribbean,High income,0.0,diet_sodium,Diet,Diet high in sodium,0.00245946990763557,DALY/capita,Human Capital,Health and well-being,"HEALTH | VI — IHME GBD 2019, Valuing Impact"
Puerto Rico,PRI,Latin America & Caribbean,High income,0.0,diet_sugary_beverages,Diet,Diet high in sugar-sweetened beverages,0.00179441723932979,DALY/capita,Human Capital,Health and well-being,"HEALTH | VI — IHME GBD 2019, Valuing Impact"
Puerto Rico,PRI,Latin America & Caribbean,High income,0.0,diet_trans_fats,Diet,Diet high in trans fats,0.00114027760656789,DALY/capita,Human Capital,Health and well-being,"HEALTH | VI — IHME GBD 2019, Valuing Impact"
Puerto Rico,PRI,Latin America & Caribbean,High income,0.0,diet_low_vegetables,Diet,Diet low in vegetables,0.00253937214042634,DALY/capita,Human Capital,Health and well-being,"HEALTH | VI — IHME GBD 2019, Valuing Impact"
Puerto Rico,PRI,Latin America & Caribbean,High income,0.0,diet_low_whole_grains,Diet,Diet low in whole grains,0.00683487172633062,DALY/capita,Human Capital,Health and well-being,"HEALTH | VI — IHME GBD 2019, Valuing Impact"
Puerto Rico,PRI,Latin America & Caribbean,High income,0.0,diet_risks_total,Diet,Dietary risks — aggregate,0.0227825086380346,DALY/capita,Human Capital,Health and well-being,"HEALTH | VI — IHME GBD 2019, Valuing Impact"
Puerto Rico,PRI,Latin America & Caribbean,High income,0.0,smoking,Lifestyle,Smoking — all causes,0.0190087055485917,DALY/capita,Human Capital,Health and well-being,"HEALTH | VI — IHME GBD 2019, Valuing Impact"
"Korea, Dem. People's Rep.",PRK,East Asia & Pacific,Low income,0.0,wash_handwashing_diarrheal,WASH,No handwashing facility — diarrheal disease,7.55729999985002e-05,DALY/capita,Human Capital,Health and well-being,"HEALTH | VI — IHME GBD 2019, Valuing Impact"
"Korea, Dem. People's Rep.",PRK,East Asia & Pacific,Low income,0.0,wash_sanitation_diarrheal,WASH,Unsafe sanitation — diarrheal disease,0.0007340098703189269,DALY/capita,Human Capital,Health and well-being,"HEALTH | VI — IHME GBD 2019, Valuing Impact"
"Korea, Dem. People's Rep.",PRK,East Asia & Pacific,Low income,0.0,wash_water_diarrheal,WASH,Unsafe water source — diarrheal disease,0.000853747193382202,DALY/capita,Human Capital,Health and well-being,"HEALTH | VI — IHME GBD 2019, Valuing Impact"
"Korea, Dem. People's Rep.",PRK,East Asia & Pacific,Low income,0.0,wash_handwashing_respiratory,WASH,No handwashing — lower respiratory infections,0.000147841371838704,DALY/capita,Human Capital,Health and well-being,"HEALTH | VI — IHME GBD 2019, Valuing Impact"
"Korea, Dem. People's Rep.",PRK,East Asia & Pacific,Low income,0.0,ohs_secondhand_smoke,OHS,Second-hand smoke — all causes,0.00946658948302135,DALY/capita,Human Capital,Health and well-being,"HEALTH | VI — IHME GBD 2019, Valuing Impact"
"Korea, Dem. People's Rep.",PRK,East Asia & Pacific,Low income,0.0,ohs_occupational_pm,OHS,Occupational PM/gases/fumes — all causes,0.00403049364122448,DALY/capita,Human Capital,Health and well-being,"HEALTH | VI — IHME GBD 2019, Valuing Impact"
"Korea, Dem. People's Rep.",PRK,East Asia & Pacific,Low income,0.0,ohs_occupational_injuries,OHS,Occupational injuries — all causes,0.0037009525900530203,DALY/capita,Human Capital,Health and well-being,"HEALTH | VI — IHME GBD 2019, Valuing Impact"
"Korea, Dem. People's Rep.",PRK,East Asia & Pacific,Low income,0.0,diet_processed_meat,Diet,Diet high in processed meat,0.000493605952822384,DALY/capita,Human Capital,Health and well-being,"HEALTH | VI — IHME GBD 2019, Valuing Impact"
"Korea, Dem. People's Rep.",PRK,East Asia & Pacific,Low income,0.0,diet_red_meat,Diet,Diet high in red meat,0.00267289191255305,DALY/capita,Human Capital,Health and well-being,"HEALTH | VI — IHME GBD 2019, Valuing Impact"
"Korea, Dem. People's Rep.",PRK,East Asia & Pacific,Low income,0.0,diet_sodium,Diet,Diet high in sodium,0.015368570134880999,DALY/capita,Human Capital,Health and well-being,"HEALTH | VI — IHME GBD 2019, Valuing Impact"
"Korea, Dem. People's Rep.",PRK,East Asia & Pacific,Low income,0.0,diet_sugary_beverages,Diet,Diet high in sugar-sweetened beverages,0.00114489025130264,DALY/capita,Human Capital,Health and well-being,"HEALTH | VI — IHME GBD 2019, Valuing Impact"
"Korea, Dem. People's Rep.",PRK,East Asia & Pacific,Low income,0.0,diet_trans_fats,Diet,Diet high in trans fats,0.0015898937230878099,DALY/capita,Human Capital,Health and well-being,"HEALTH | VI — IHME GBD 2019, Valuing Impact"
"Korea, Dem. People's Rep.",PRK,East Asia & Pacific,Low income,0.0,diet_low_vegetables,Diet,Diet low in vegetables,0.00282141771950472,DALY/capita,Human Capital,Health and well-being,"HEALTH | VI — IHME GBD 2019, Valuing Impact"
"Korea, Dem. People's Rep.",PRK,East Asia & Pacific,Low income,0.0,diet_low_whole_grains,Diet,Diet low in whole grains,0.00626101262922995,DALY/capita,Human Capital,Health and well-being,"HEALTH | VI — IHME GBD 2019, Valuing Impact"
"Korea, Dem. People's Rep.",PRK,East Asia & Pacific,Low income,0.0,diet_risks_total,Diet,Dietary risks — aggregate,0.0394326871173461,DALY/capita,Human Capital,Health and well-being,"HEALTH | VI — IHME GBD 2019, Valuing Impact"
"Korea, Dem. People's Rep.",PRK,East Asia & Pacific,Low income,0.0,smoking,Lifestyle,Smoking — all causes,0.045572030692735,DALY/capita,Human Capital,Health and well-being,"HEALTH | VI — IHME GBD 2019, Valuing Impact"
Portugal,PRT,Europe & Central Asia,High income,2746.69,wash_handwashing_diarrheal,WASH,No handwashing facility — diarrheal disease,1.40691985785713e-05,DALY/capita,Human Capital,Health and well-being,"HEALTH | VI — IHME GBD 2019, Valuing Impact"
Portugal,PRT,Europe & Central Asia,High income,2746.69,wash_sanitation_diarrheal,WASH,Unsafe sanitation — diarrheal disease,8.454808915115169e-05,DALY/capita,Human Capital,Health and well-being,"HEALTH | VI — IHME GBD 2019, Valuing Impact"
Portugal,PRT,Europe & Central Asia,High income,2746.69,wash_water_diarrheal,WASH,Unsafe water source — diarrheal disease,8.0926537515014e-05,DALY/capita,Human Capital,Health and well-being,"HEALTH | VI — IHME GBD 2019, Valuing Impact"
Portugal,PRT,Europe & Central Asia,High income,2746.69,wash_handwashing_respiratory,WASH,No handwashing — lower respiratory infections,9.56650321555408e-05,DALY/capita,Human Capital,Health and well-being,"HEALTH | VI — IHME GBD 2019, Valuing Impact"
Portugal,PRT,Europe & Central Asia,High income,2746.69,ohs_secondhand_smoke,OHS,Second-hand smoke — all causes,0.00355553854849716,DALY/capita,Human Capital,Health and well-being,"HEALTH | VI — IHME GBD 2019, Valuing Impact"
Portugal,PRT,Europe & Central Asia,High income,2746.69,ohs_occupational_pm,OHS,Occupational PM/gases/fumes — all causes,0.00108350436346992,DALY/capita,Human Capital,Health and well-being,"HEALTH | VI — IHME GBD 2019, Valuing Impact"
Portugal,PRT,Europe & Central Asia,High income,2746.69,ohs_occupational_injuries,OHS,Occupational injuries — all causes,0.00172146988850252,DALY/capita,Human Capital,Health and well-being,"HEALTH | VI — IHME GBD 2019, Valuing Impact"
Portugal,PRT,Europe & Central Asia,High income,2746.69,diet_processed_meat,Diet,Diet high in processed meat,0.0019577263129425403,DALY/capita,Human Capital,Health and well-being,"HEALTH | VI — IHME GBD 2019, Valuing Impact"
Portugal,PRT,Europe & Central Asia,High income,2746.69,diet_red_meat,Diet,Diet high in red meat,0.00683400458203704,DALY/capita,Human Capital,Health and well-being,"HEALTH | VI — IHME GBD 2019, Valuing Impact"
Portugal,PRT,Europe & Central Asia,High income,2746.69,diet_sodium,Diet,Diet high in sodium,0.00253244625441179,DALY/capita,Human Capital,Health and well-being,"HEALTH | VI — IHME GBD 2019, Valuing Impact"
Portugal,PRT,Europe & Central Asia,High income,2746.69,diet_sugary_beverages,Diet,Diet high in sugar-sweetened beverages,0.000847081843538187,DALY/capita,Human Capital,Health and well-being,"HEALTH | VI — IHME GBD 2019, Valuing Impact"
Portugal,PRT,Europe & Central Asia,High income,2746.69,diet_trans_fats,Diet,Diet high in trans fats,0.00108528866150254,DALY/capita,Human Capital,Health and well-being,"HEALTH | VI — IHME GBD 2019, Valuing Impact"
Portugal,PRT,Europe & Central Asia,High income,2746.69,diet_low_vegetables,Diet,Diet low in vegetables,0.000461263779951126,DALY/capita,Human Capital,Health and well-being,"HEALTH | VI — IHME GBD 2019, Valuing Impact"
Portugal,PRT,Europe & Central Asia,High income,2746.69,diet_low_whole_grains,Diet,Diet low in whole grains,0.0057552896250427504,DALY/capita,Human Capital,Health and well-being,"HEALTH | VI — IHME GBD 2019, Valuing Impact"
Portugal,PRT,Europe & Central Asia,High income,2746.69,diet_risks_total,Diet,Dietary risks — aggregate,0.022867447599014098,DALY/capita,Human Capital,Health and well-being,"HEALTH | VI — IHME GBD 2019, Valuing Impact"
Portugal,PRT,Europe & Central Asia,High income,2746.69,smoking,Lifestyle,Smoking — all causes,0.0303599782672214,DALY/capita,Human Capital,Health and well-being,"HEALTH | VI — IHME GBD 2019, Valuing Impact"
Paraguay,PRY,Latin America & Caribbean,Upper middle income,478.71,wash_handwashing_diarrheal,WASH,No handwashing facility — diarrheal disease,0.00032081791246631,DALY/capita,Human Capital,Health and well-being,"HEALTH | VI — IHME GBD 2019, Valuing Impact"
Paraguay,PRY,Latin America & Caribbean,Upper middle income,478.71,wash_sanitation_diarrheal,WASH,Unsafe sanitation — diarrheal disease,0.000719802456967776,DALY/capita,Human Capital,Health and well-being,"HEALTH | VI — IHME GBD 2019, Valuing Impact"
Paraguay,PRY,Latin America & Caribbean,Upper middle income,478.71,wash_water_diarrheal,WASH,Unsafe water source — diarrheal disease,0.00160005480068723,DALY/capita,Human Capital,Health and well-being,"HEALTH | VI — IHME GBD 2019, Valuing Impact"
Paraguay,PRY,Latin America & Caribbean,Upper middle income,478.71,wash_handwashing_respiratory,WASH,No handwashing — lower respiratory infections,0.000446393414097465,DALY/capita,Human Capital,Health and well-being,"HEALTH | VI — IHME GBD 2019, Valuing Impact"
Paraguay,PRY,Latin America & Caribbean,Upper middle income,478.71,ohs_secondhand_smoke,OHS,Second-hand smoke — all causes,0.00282090958326366,DALY/capita,Human Capital,Health and well-being,"HEALTH | VI — IHME GBD 2019, Valuing Impact"
Paraguay,PRY,Latin America & Caribbean,Upper middle income,478.71,ohs_occupational_pm,OHS,Occupational PM/gases/fumes — all causes,0.000432223959039415,DALY/capita,Human Capital,Health and well-being,"HEALTH | VI — IHME GBD 2019, Valuing Impact"
Paraguay,PRY,Latin America & Caribbean,Upper middle income,478.71,ohs_occupational_injuries,OHS,Occupational injuries — all causes,0.0030277839932738603,DALY/capita,Human Capital,Health and well-being,"HEALTH | VI — IHME GBD 2019, Valuing Impact"
Paraguay,PRY,Latin America & Caribbean,Upper middle income,478.71,diet_processed_meat,Diet,Diet high in processed meat,0.000593317306746497,DALY/capita,Human Capital,Health and well-being,"HEALTH | VI — IHME GBD 2019, Valuing Impact"
Paraguay,PRY,Latin America & Caribbean,Upper middle income,478.71,diet_red_meat,Diet,Diet high in red meat,0.00428034703211935,DALY/capita,Human Capital,Health and well-being,"HEALTH | VI — IHME GBD 2019, Valuing Impact"
Paraguay,PRY,Latin America & Caribbean,Upper middle income,478.71,diet_sodium,Diet,Diet high in sodium,0.0025953476565113197,DALY/capita,Human Capital,Health and well-being,"HEALTH | VI — IHME GBD 2019, Valuing Impact"
Paraguay,PRY,Latin America & Caribbean,Upper middle income,478.71,diet_sugary_beverages,Diet,Diet high in sugar-sweetened beverages,0.0006336820122528821,DALY/capita,Human Capital,Health and well-being,"HEALTH | VI — IHME GBD 2019, Valuing Impact"
Paraguay,PRY,Latin America & Caribbean,Upper middle income,478.71,diet_trans_fats,Diet,Diet high in trans fats,0.00112786219814487,DALY/capita,Human Capital,Health and well-being,"HEALTH | VI — IHME GBD 2019, Valuing Impact"
Paraguay,PRY,Latin America & Caribbean,Upper middle income,478.71,diet_low_vegetables,Diet,Diet low in vegetables,0.0018652572014112101,DALY/capita,Human Capital,Health and well-being,"HEALTH | VI — IHME GBD 2019, Valuing Impact"
Paraguay,PRY,Latin America & Caribbean,Upper middle income,478.71,diet_low_whole_grains,Diet,Diet low in whole grains,0.00327504732779525,DALY/capita,Human Capital,Health and well-being,"HEALTH | VI — IHME GBD 2019, Valuing Impact"
Paraguay,PRY,Latin America & Caribbean,Upper middle income,478.71,diet_risks_total,Diet,Dietary risks — aggregate,0.0155083398496628,DALY/capita,Human Capital,Health and well-being,"HEALTH | VI — IHME GBD 2019, Valuing Impact"
Paraguay,PRY,Latin America & Caribbean,Upper middle income,478.71,smoking,Lifestyle,Smoking — all causes,0.0159694153899079,DALY/capita,Human Capital,Health and well-being,"HEALTH | VI — IHME GBD 2019, Valuing Impact"
West Bank and Gaza,PSE,Middle East & North Africa,Upper middle income,0.0,wash_handwashing_diarrheal,WASH,No handwashing facility — diarrheal disease,0.00020756976927297898,DALY/capita,Human Capital,Health and well-being,"HEALTH | VI — IHME GBD 2019, Valuing Impact"
West Bank and Gaza,PSE,Middle East & North Africa,Upper middle income,0.0,wash_sanitation_diarrheal,WASH,Unsafe sanitation — diarrheal disease,0.00022385929992252803,DALY/capita,Human Capital,Health and well-being,"HEALTH | VI — IHME GBD 2019, Valuing Impact"
West Bank and Gaza,PSE,Middle East & North Africa,Upper middle income,0.0,wash_water_diarrheal,WASH,Unsafe water source — diarrheal disease,0.0012980795417967999,DALY/capita,Human Capital,Health and well-being,"HEALTH | VI — IHME GBD 2019, Valuing Impact"
West Bank and Gaza,PSE,Middle East & North Africa,Upper middle income,0.0,wash_handwashing_respiratory,WASH,No handwashing — lower respiratory infections,0.00023729016738396498,DALY/capita,Human Capital,Health and well-being,"HEALTH | VI — IHME GBD 2019, Valuing Impact"
West Bank and Gaza,PSE,Middle East & North Africa,Upper middle income,0.0,ohs_secondhand_smoke,OHS,Second-hand smoke — all causes,0.00391100420356614,DALY/capita,Human Capital,Health and well-being,"HEALTH | VI — IHME GBD 2019, Valuing Impact"
West Bank and Gaza,PSE,Middle East & North Africa,Upper middle income,0.0,ohs_occupational_pm,OHS,Occupational PM/gases/fumes — all causes,0.000175915452371223,DALY/capita,Human Capital,Health and well-being,"HEALTH | VI — IHME GBD 2019, Valuing Impact"
West Bank and Gaza,PSE,Middle East & North Africa,Upper middle income,0.0,ohs_occupational_injuries,OHS,Occupational injuries — all causes,0.00206694002305282,DALY/capita,Human Capital,Health and well-being,"HEALTH | VI — IHME GBD 2019, Valuing Impact"
West Bank and Gaza,PSE,Middle East & North Africa,Upper middle income,0.0,diet_processed_meat,Diet,Diet high in processed meat,0.000313506122623719,DALY/capita,Human Capital,Health and well-being,"HEALTH | VI — IHME GBD 2019, Valuing Impact"
West Bank and Gaza,PSE,Middle East & North Africa,Upper middle income,0.0,diet_red_meat,Diet,Diet high in red meat,0.000935177164445093,DALY/capita,Human Capital,Health and well-being,"HEALTH | VI — IHME GBD 2019, Valuing Impact"
West Bank and Gaza,PSE,Middle East & North Africa,Upper middle income,0.0,diet_sodium,Diet,Diet high in sodium,0.000743010215884762,DALY/capita,Human Capital,Health and well-being,"HEALTH | VI — IHME GBD 2019, Valuing Impact"
West Bank and Gaza,PSE,Middle East & North Africa,Upper middle income,0.0,diet_sugary_beverages,Diet,Diet high in sugar-sweetened beverages,0.000939287249948101,DALY/capita,Human Capital,Health and well-being,"HEALTH | VI — IHME GBD 2019, Valuing Impact"
West Bank and Gaza,PSE,Middle East & North Africa,Upper middle income,0.0,diet_trans_fats,Diet,Diet high in trans fats,0.0013341917676055201,DALY/capita,Human Capital,Health and well-being,"HEALTH | VI — IHME GBD 2019, Valuing Impact"
West Bank and Gaza,PSE,Middle East & North Africa,Upper middle income,0.0,diet_low_vegetables,Diet,Diet low in vegetables,0.000804372138344547,DALY/capita,Human Capital,Health and well-being,"HEALTH | VI — IHME GBD 2019, Valuing Impact"
West Bank and Gaza,PSE,Middle East & North Africa,Upper middle income,0.0,diet_low_whole_grains,Diet,Diet low in whole grains,0.00611193187328166,DALY/capita,Human Capital,Health and well-being,"HEALTH | VI — IHME GBD 2019, Valuing Impact"
West Bank and Gaza,PSE,Middle East & North Africa,Upper middle income,0.0,diet_risks_total,Diet,Dietary risks — aggregate,0.015370458169786,DALY/capita,Human Capital,Health and well-being,"HEALTH | VI — IHME GBD 2019, Valuing Impact"
West Bank and Gaza,PSE,Middle East & North Africa,Upper middle income,0.0,smoking,Lifestyle,Smoking — all causes,0.0133607087754201,DALY/capita,Human Capital,Health and well-being,"HEALTH | VI — IHME GBD 2019, Valuing Impact"
French Polynesia,PYF,East Asia & Pacific,High income,0.0,diet_processed_meat,Diet,Diet high in processed meat,0.0,DALY/capita,Human Capital,Health and well-being,"HEALTH | VI — IHME GBD 2019, Valuing Impact"
French Polynesia,PYF,East Asia & Pacific,High income,0.0,diet_red_meat,Diet,Diet high in red meat,0.0,DALY/capita,Human Capital,Health and well-being,"HEALTH | VI — IHME GBD 2019, Valuing Impact"
French Polynesia,PYF,East Asia & Pacific,High income,0.0,diet_sodium,Diet,Diet high in sodium,0.0,DALY/capita,Human Capital,Health and well-being,"HEALTH | VI — IHME GBD 2019, Valuing Impact"
French Polynesia,PYF,East Asia & Pacific,High income,0.0,diet_sugary_beverages,Diet,Diet high in sugar-sweetened beverages,0.0,DALY/capita,Human Capital,Health and well-being,"HEALTH | VI — IHME GBD 2019, Valuing Impact"
French Polynesia,PYF,East Asia & Pacific,High income,0.0,diet_trans_fats,Diet,Diet high in trans fats,0.0,DALY/capita,Human Capital,Health and well-being,"HEALTH | VI — IHME GBD 2019, Valuing Impact"
French Polynesia,PYF,East Asia & Pacific,High income,0.0,diet_low_vegetables,Diet,Diet low in vegetables,0.0,DALY/capita,Human Capital,Health and well-being,"HEALTH | VI — IHME GBD 2019, Valuing Impact"
French Polynesia,PYF,East Asia & Pacific,High income,0.0,diet_low_whole_grains,Diet,Diet low in whole grains,0.0,DALY/capita,Human Capital,Health and well-being,"HEALTH | VI — IHME GBD 2019, Valuing Impact"
French Polynesia,PYF,East Asia & Pacific,High income,0.0,diet_risks_total,Diet,Dietary risks — aggregate,0.0,DALY/capita,Human Capital,Health and well-being,"HEALTH | VI — IHME GBD 2019, Valuing Impact"
Qatar,QAT,Middle East & North Africa,High income,1934.08,wash_handwashing_diarrheal,WASH,No handwashing facility — diarrheal disease,6.50736881743693e-05,DALY/capita,Human Capital,Health and well-being,"HEALTH | VI — IHME GBD 2019, Valuing Impact"
Qatar,QAT,Middle East & North Africa,High income,1934.08,wash_sanitation_diarrheal,WASH,Unsafe sanitation — diarrheal disease,4.69646664514177e-05,DALY/capita,Human Capital,Health and well-being,"HEALTH | VI — IHME GBD 2019, Valuing Impact"
Qatar,QAT,Middle East & North Africa,High income,1934.08,wash_water_diarrheal,WASH,Unsafe water source — diarrheal disease,0.00044754059293042195,DALY/capita,Human Capital,Health and well-being,"HEALTH | VI — IHME GBD 2019, Valuing Impact"
Qatar,QAT,Middle East & North Africa,High income,1934.08,wash_handwashing_respiratory,WASH,No handwashing — lower respiratory infections,3.64535782801137e-05,DALY/capita,Human Capital,Health and well-being,"HEALTH | VI — IHME GBD 2019, Valuing Impact"
Qatar,QAT,Middle East & North Africa,High income,1934.08,ohs_secondhand_smoke,OHS,Second-hand smoke — all causes,0.00200218452425469,DALY/capita,Human Capital,Health and well-being,"HEALTH | VI — IHME GBD 2019, Valuing Impact"
Qatar,QAT,Middle East & North Africa,High income,1934.08,ohs_occupational_pm,OHS,Occupational PM/gases/fumes — all causes,0.000173263859183952,DALY/capita,Human Capital,Health and well-being,"HEALTH | VI — IHME GBD 2019, Valuing Impact"
Qatar,QAT,Middle East & North Africa,High income,1934.08,ohs_occupational_injuries,OHS,Occupational injuries — all causes,0.00308038732910769,DALY/capita,Human Capital,Health and well-being,"HEALTH | VI — IHME GBD 2019, Valuing Impact"
Qatar,QAT,Middle East & North Africa,High income,1934.08,diet_processed_meat,Diet,Diet high in processed meat,0.00046825091187947105,DALY/capita,Human Capital,Health and well-being,"HEALTH | VI — IHME GBD 2019, Valuing Impact"
Qatar,QAT,Middle East & North Africa,High income,1934.08,diet_red_meat,Diet,Diet high in red meat,0.00146756255958813,DALY/capita,Human Capital,Health and well-being,"HEALTH | VI — IHME GBD 2019, Valuing Impact"
Qatar,QAT,Middle East & North Africa,High income,1934.08,diet_sodium,Diet,Diet high in sodium,0.000398162032001474,DALY/capita,Human Capital,Health and well-being,"HEALTH | VI — IHME GBD 2019, Valuing Impact"
Qatar,QAT,Middle East & North Africa,High income,1934.08,diet_sugary_beverages,Diet,Diet high in sugar-sweetened beverages,0.00106250390596106,DALY/capita,Human Capital,Health and well-being,"HEALTH | VI — IHME GBD 2019, Valuing Impact"
Qatar,QAT,Middle East & North Africa,High income,1934.08,diet_trans_fats,Diet,Diet high in trans fats,0.0006975363878682219,DALY/capita,Human Capital,Health and well-being,"HEALTH | VI — IHME GBD 2019, Valuing Impact"
Qatar,QAT,Middle East & North Africa,High income,1934.08,diet_low_vegetables,Diet,Diet low in vegetables,3.31824309870887e-05,DALY/capita,Human Capital,Health and well-being,"HEALTH | VI — IHME GBD 2019, Valuing Impact"
Qatar,QAT,Middle East & North Africa,High income,1934.08,diet_low_whole_grains,Diet,Diet low in whole grains,0.00293899389355966,DALY/capita,Human Capital,Health and well-being,"HEALTH | VI — IHME GBD 2019, Valuing Impact"
Qatar,QAT,Middle East & North Africa,High income,1934.08,diet_risks_total,Diet,Dietary risks — aggregate,0.007418918547309059,DALY/capita,Human Capital,Health and well-being,"HEALTH | VI — IHME GBD 2019, Valuing Impact"
Qatar,QAT,Middle East & North Africa,High income,1934.08,smoking,Lifestyle,Smoking — all causes,0.0072671130095936995,DALY/capita,Human Capital,Health and well-being,"HEALTH | VI — IHME GBD 2019, Valuing Impact"
Romania,ROU,Europe & Central Asia,High income,963.01,wash_handwashing_diarrheal,WASH,No handwashing facility — diarrheal disease,3.21977709940323e-05,DALY/capita,Human Capital,Health and well-being,"HEALTH | VI — IHME GBD 2019, Valuing Impact"
Romania,ROU,Europe & Central Asia,High income,963.01,wash_sanitation_diarrheal,WASH,Unsafe sanitation — diarrheal disease,0.000428992634029701,DALY/capita,Human Capital,Health and well-being,"HEALTH | VI — IHME GBD 2019, Valuing Impact"
Romania,ROU,Europe & Central Asia,High income,963.01,wash_water_diarrheal,WASH,Unsafe water source — diarrheal disease,0.0006755494444362439,DALY/capita,Human Capital,Health and well-being,"HEALTH | VI — IHME GBD 2019, Valuing Impact"
Romania,ROU,Europe & Central Asia,High income,963.01,wash_handwashing_respiratory,WASH,No handwashing — lower respiratory infections,0.000105789009539328,DALY/capita,Human Capital,Health and well-being,"HEALTH | VI — IHME GBD 2019, Valuing Impact"
Romania,ROU,Europe & Central Asia,High income,963.01,ohs_secondhand_smoke,OHS,Second-hand smoke — all causes,0.007416571666128371,DALY/capita,Human Capital,Health and well-being,"HEALTH | VI — IHME GBD 2019, Valuing Impact"
Romania,ROU,Europe & Central Asia,High income,963.01,ohs_occupational_pm,OHS,Occupational PM/gases/fumes — all causes,0.0012443897486446901,DALY/capita,Human Capital,Health and well-being,"HEALTH | VI — IHME GBD 2019, Valuing Impact"
Romania,ROU,Europe & Central Asia,High income,963.01,ohs_occupational_injuries,OHS,Occupational injuries — all causes,0.0019830473080756097,DALY/capita,Human Capital,Health and well-being,"HEALTH | VI — IHME GBD 2019, Valuing Impact"
Romania,ROU,Europe & Central Asia,High income,963.01,diet_processed_meat,Diet,Diet high in processed meat,0.00409429955593501,DALY/capita,Human Capital,Health and well-being,"HEALTH | VI — IHME GBD 2019, Valuing Impact"
Romania,ROU,Europe & Central Asia,High income,963.01,diet_red_meat,Diet,Diet high in red meat,0.010243411572471401,DALY/capita,Human Capital,Health and well-being,"HEALTH | VI — IHME GBD 2019, Valuing Impact"
Romania,ROU,Europe & Central Asia,High income,963.01,diet_sodium,Diet,Diet high in sodium,0.0239897700568635,DALY/capita,Human Capital,Health and well-being,"HEALTH | VI — IHME GBD 2019, Valuing Impact"
Romania,ROU,Europe & Central Asia,High income,963.01,diet_sugary_beverages,Diet,Diet high in sugar-sweetened beverages,0.00193494244126241,DALY/capita,Human Capital,Health and well-being,"HEALTH | VI — IHME GBD 2019, Valuing Impact"
Romania,ROU,Europe & Central Asia,High income,963.01,diet_trans_fats,Diet,Diet high in trans fats,0.0034387021237735,DALY/capita,Human Capital,Health and well-being,"HEALTH | VI — IHME GBD 2019, Valuing Impact"
Romania,ROU,Europe & Central Asia,High income,963.01,diet_low_vegetables,Diet,Diet low in vegetables,0.000249424704410062,DALY/capita,Human Capital,Health and well-being,"HEALTH | VI — IHME GBD 2019, Valuing Impact"
Romania,ROU,Europe & Central Asia,High income,963.01,diet_low_whole_grains,Diet,Diet low in whole grains,0.0119584194893167,DALY/capita,Human Capital,Health and well-being,"HEALTH | VI — IHME GBD 2019, Valuing Impact"
Romania,ROU,Europe & Central Asia,High income,963.01,diet_risks_total,Diet,Dietary risks — aggregate,0.0611134339761158,DALY/capita,Human Capital,Health and well-being,"HEALTH | VI — IHME GBD 2019, Valuing Impact"
Romania,ROU,Europe & Central Asia,High income,963.01,smoking,Lifestyle,Smoking — all causes,0.0560721065236703,DALY/capita,Human Capital,Health and well-being,"HEALTH | VI — IHME GBD 2019, Valuing Impact"
Russian Federation,RUS,Europe & Central Asia,Upper middle income,935.73,wash_handwashing_diarrheal,WASH,No handwashing facility — diarrheal disease,6.53634930402723e-05,DALY/capita,Human Capital,Health and well-being,"HEALTH | VI — IHME GBD 2019, Valuing Impact"
Russian Federation,RUS,Europe & Central Asia,Upper middle income,935.73,wash_sanitation_diarrheal,WASH,Unsafe sanitation — diarrheal disease,0.000527978681660732,DALY/capita,Human Capital,Health and well-being,"HEALTH | VI — IHME GBD 2019, Valuing Impact"
Russian Federation,RUS,Europe & Central Asia,Upper middle income,935.73,wash_water_diarrheal,WASH,Unsafe water source — diarrheal disease,0.000706963052467462,DALY/capita,Human Capital,Health and well-being,"HEALTH | VI — IHME GBD 2019, Valuing Impact"
Russian Federation,RUS,Europe & Central Asia,Upper middle income,935.73,wash_handwashing_respiratory,WASH,No handwashing — lower respiratory infections,0.000152907244763179,DALY/capita,Human Capital,Health and well-being,"HEALTH | VI — IHME GBD 2019, Valuing Impact"
Russian Federation,RUS,Europe & Central Asia,Upper middle income,935.73,ohs_secondhand_smoke,OHS,Second-hand smoke — all causes,0.00622637226695129,DALY/capita,Human Capital,Health and well-being,"HEALTH | VI — IHME GBD 2019, Valuing Impact"
Russian Federation,RUS,Europe & Central Asia,Upper middle income,935.73,ohs_occupational_pm,OHS,Occupational PM/gases/fumes — all causes,0.000696230184930406,DALY/capita,Human Capital,Health and well-being,"HEALTH | VI — IHME GBD 2019, Valuing Impact"
Russian Federation,RUS,Europe & Central Asia,Upper middle income,935.73,ohs_occupational_injuries,OHS,Occupational injuries — all causes,0.00356121582326757,DALY/capita,Human Capital,Health and well-being,"HEALTH | VI — IHME GBD 2019, Valuing Impact"
Russian Federation,RUS,Europe & Central Asia,Upper middle income,935.73,diet_processed_meat,Diet,Diet high in processed meat,0.0051445482512328,DALY/capita,Human Capital,Health and well-being,"HEALTH | VI — IHME GBD 2019, Valuing Impact"
Russian Federation,RUS,Europe & Central Asia,Upper middle income,935.73,diet_red_meat,Diet,Diet high in red meat,0.00790855792049981,DALY/capita,Human Capital,Health and well-being,"HEALTH | VI — IHME GBD 2019, Valuing Impact"
Russian Federation,RUS,Europe & Central Asia,Upper middle income,935.73,diet_sodium,Diet,Diet high in sodium,0.00981665231317909,DALY/capita,Human Capital,Health and well-being,"HEALTH | VI — IHME GBD 2019, Valuing Impact"
Russian Federation,RUS,Europe & Central Asia,Upper middle income,935.73,diet_sugary_beverages,Diet,Diet high in sugar-sweetened beverages,0.00156527745558997,DALY/capita,Human Capital,Health and well-being,"HEALTH | VI — IHME GBD 2019, Valuing Impact"
Russian Federation,RUS,Europe & Central Asia,Upper middle income,935.73,diet_trans_fats,Diet,Diet high in trans fats,0.00390841771702744,DALY/capita,Human Capital,Health and well-being,"HEALTH | VI — IHME GBD 2019, Valuing Impact"
Russian Federation,RUS,Europe & Central Asia,Upper middle income,935.73,diet_low_vegetables,Diet,Diet low in vegetables,0.0037771144171621102,DALY/capita,Human Capital,Health and well-being,"HEALTH | VI — IHME GBD 2019, Valuing Impact"
Russian Federation,RUS,Europe & Central Asia,Upper middle income,935.73,diet_low_whole_grains,Diet,Diet low in whole grains,0.0155896743483354,DALY/capita,Human Capital,Health and well-being,"HEALTH | VI — IHME GBD 2019, Valuing Impact"
Russian Federation,RUS,Europe & Central Asia,Upper middle income,935.73,diet_risks_total,Diet,Dietary risks — aggregate,0.0576928314914719,DALY/capita,Human Capital,Health and well-being,"HEALTH | VI — IHME GBD 2019, Valuing Impact"
Russian Federation,RUS,Europe & Central Asia,Upper middle income,935.73,smoking,Lifestyle,Smoking — all causes,0.0567936862656147,DALY/capita,Human Capital,Health and well-being,"HEALTH | VI — IHME GBD 2019, Valuing Impact"
Rwanda,RWA,Sub-Saharan Africa,Low income,60.22,wash_handwashing_diarrheal,WASH,No handwashing facility — diarrheal disease,0.00610572136036162,DALY/capita,Human Capital,Health and well-being,"HEALTH | VI — IHME GBD 2019, Valuing Impact"
Rwanda,RWA,Sub-Saharan Africa,Low income,60.22,wash_sanitation_diarrheal,WASH,Unsafe sanitation — diarrheal disease,0.0112766821442537,DALY/capita,Human Capital,Health and well-being,"HEALTH | VI — IHME GBD 2019, Valuing Impact"
Rwanda,RWA,Sub-Saharan Africa,Low income,60.22,wash_water_diarrheal,WASH,Unsafe water source — diarrheal disease,0.0152540542835205,DALY/capita,Human Capital,Health and well-being,"HEALTH | VI — IHME GBD 2019, Valuing Impact"
Rwanda,RWA,Sub-Saharan Africa,Low income,60.22,wash_handwashing_respiratory,WASH,No handwashing — lower respiratory infections,0.00521683834340561,DALY/capita,Human Capital,Health and well-being,"HEALTH | VI — IHME GBD 2019, Valuing Impact"
Rwanda,RWA,Sub-Saharan Africa,Low income,60.22,ohs_secondhand_smoke,OHS,Second-hand smoke — all causes,0.00187456820781337,DALY/capita,Human Capital,Health and well-being,"HEALTH | VI — IHME GBD 2019, Valuing Impact"
Rwanda,RWA,Sub-Saharan Africa,Low income,60.22,ohs_occupational_pm,OHS,Occupational PM/gases/fumes — all causes,0.000816560063741933,DALY/capita,Human Capital,Health and well-being,"HEALTH | VI — IHME GBD 2019, Valuing Impact"
Rwanda,RWA,Sub-Saharan Africa,Low income,60.22,ohs_occupational_injuries,OHS,Occupational injuries — all causes,0.0036390681974553,DALY/capita,Human Capital,Health and well-being,"HEALTH | VI — IHME GBD 2019, Valuing Impact"
Rwanda,RWA,Sub-Saharan Africa,Low income,60.22,diet_processed_meat,Diet,Diet high in processed meat,0.000310090814720455,DALY/capita,Human Capital,Health and well-being,"HEALTH | VI — IHME GBD 2019, Valuing Impact"
Rwanda,RWA,Sub-Saharan Africa,Low income,60.22,diet_red_meat,Diet,Diet high in red meat,0.0005302711331874179,DALY/capita,Human Capital,Health and well-being,"HEALTH | VI — IHME GBD 2019, Valuing Impact"
Rwanda,RWA,Sub-Saharan Africa,Low income,60.22,diet_sodium,Diet,Diet high in sodium,0.0023193153310939203,DALY/capita,Human Capital,Health and well-being,"HEALTH | VI — IHME GBD 2019, Valuing Impact"
Rwanda,RWA,Sub-Saharan Africa,Low income,60.22,diet_sugary_beverages,Diet,Diet high in sugar-sweetened beverages,0.000216842657930288,DALY/capita,Human Capital,Health and well-being,"HEALTH | VI — IHME GBD 2019, Valuing Impact"
Rwanda,RWA,Sub-Saharan Africa,Low income,60.22,diet_trans_fats,Diet,Diet high in trans fats,0.00033241541572048703,DALY/capita,Human Capital,Health and well-being,"HEALTH | VI — IHME GBD 2019, Valuing Impact"
Rwanda,RWA,Sub-Saharan Africa,Low income,60.22,diet_low_vegetables,Diet,Diet low in vegetables,0.0015772463073912,DALY/capita,Human Capital,Health and well-being,"HEALTH | VI — IHME GBD 2019, Valuing Impact"
Rwanda,RWA,Sub-Saharan Africa,Low income,60.22,diet_low_whole_grains,Diet,Diet low in whole grains,0.00181221718435494,DALY/capita,Human Capital,Health and well-being,"HEALTH | VI — IHME GBD 2019, Valuing Impact"
Rwanda,RWA,Sub-Saharan Africa,Low income,60.22,diet_risks_total,Diet,Dietary risks — aggregate,0.007328616325670991,DALY/capita,Human Capital,Health and well-being,"HEALTH | VI — IHME GBD 2019, Valuing Impact"
Rwanda,RWA,Sub-Saharan Africa,Low income,60.22,smoking,Lifestyle,Smoking — all causes,0.0106751710416581,DALY/capita,Human Capital,Health and well-being,"HEALTH | VI — IHME GBD 2019, Valuing Impact"
Saudi Arabia,SAU,Middle East & North Africa,High income,1442.0,wash_handwashing_diarrheal,WASH,No handwashing facility — diarrheal disease,0.000115824202639538,DALY/capita,Human Capital,Health and well-being,"HEALTH | VI — IHME GBD 2019, Valuing Impact"
Saudi Arabia,SAU,Middle East & North Africa,High income,1442.0,wash_sanitation_diarrheal,WASH,Unsafe sanitation — diarrheal disease,0.00010844883309883601,DALY/capita,Human Capital,Health and well-being,"HEALTH | VI — IHME GBD 2019, Valuing Impact"
Saudi Arabia,SAU,Middle East & North Africa,High income,1442.0,wash_water_diarrheal,WASH,Unsafe water source — diarrheal disease,0.0007980384877333149,DALY/capita,Human Capital,Health and well-being,"HEALTH | VI — IHME GBD 2019, Valuing Impact"
Saudi Arabia,SAU,Middle East & North Africa,High income,1442.0,wash_handwashing_respiratory,WASH,No handwashing — lower respiratory infections,0.000182659122897458,DALY/capita,Human Capital,Health and well-being,"HEALTH | VI — IHME GBD 2019, Valuing Impact"
Saudi Arabia,SAU,Middle East & North Africa,High income,1442.0,ohs_secondhand_smoke,OHS,Second-hand smoke — all causes,0.00431956310980606,DALY/capita,Human Capital,Health and well-being,"HEALTH | VI — IHME GBD 2019, Valuing Impact"
Saudi Arabia,SAU,Middle East & North Africa,High income,1442.0,ohs_occupational_pm,OHS,Occupational PM/gases/fumes — all causes,0.000222730854968211,DALY/capita,Human Capital,Health and well-being,"HEALTH | VI — IHME GBD 2019, Valuing Impact"
Saudi Arabia,SAU,Middle East & North Africa,High income,1442.0,ohs_occupational_injuries,OHS,Occupational injuries — all causes,0.00184820998591752,DALY/capita,Human Capital,Health and well-being,"HEALTH | VI — IHME GBD 2019, Valuing Impact"
Saudi Arabia,SAU,Middle East & North Africa,High income,1442.0,diet_processed_meat,Diet,Diet high in processed meat,0.000496279077755444,DALY/capita,Human Capital,Health and well-being,"HEALTH | VI — IHME GBD 2019, Valuing Impact"
Saudi Arabia,SAU,Middle East & North Africa,High income,1442.0,diet_red_meat,Diet,Diet high in red meat,0.00179581121539082,DALY/capita,Human Capital,Health and well-being,"HEALTH | VI — IHME GBD 2019, Valuing Impact"
Saudi Arabia,SAU,Middle East & North Africa,High income,1442.0,diet_sodium,Diet,Diet high in sodium,0.00107476500939351,DALY/capita,Human Capital,Health and well-being,"HEALTH | VI — IHME GBD 2019, Valuing Impact"
Saudi Arabia,SAU,Middle East & North Africa,High income,1442.0,diet_sugary_beverages,Diet,Diet high in sugar-sweetened beverages,0.0016230110459981401,DALY/capita,Human Capital,Health and well-being,"HEALTH | VI — IHME GBD 2019, Valuing Impact"
Saudi Arabia,SAU,Middle East & North Africa,High income,1442.0,diet_trans_fats,Diet,Diet high in trans fats,0.00152031033275038,DALY/capita,Human Capital,Health and well-being,"HEALTH | VI — IHME GBD 2019, Valuing Impact"
Saudi Arabia,SAU,Middle East & North Africa,High income,1442.0,diet_low_vegetables,Diet,Diet low in vegetables,0.0017314458119781302,DALY/capita,Human Capital,Health and well-being,"HEALTH | VI — IHME GBD 2019, Valuing Impact"
Saudi Arabia,SAU,Middle East & North Africa,High income,1442.0,diet_low_whole_grains,Diet,Diet low in whole grains,0.0068161306362970004,DALY/capita,Human Capital,Health and well-being,"HEALTH | VI — IHME GBD 2019, Valuing Impact"
Saudi Arabia,SAU,Middle East & North Africa,High income,1442.0,diet_risks_total,Diet,Dietary risks — aggregate,0.019765431664948502,DALY/capita,Human Capital,Health and well-being,"HEALTH | VI — IHME GBD 2019, Valuing Impact"
Saudi Arabia,SAU,Middle East & North Africa,High income,1442.0,smoking,Lifestyle,Smoking — all causes,0.0137555288252549,DALY/capita,Human Capital,Health and well-being,"HEALTH | VI — IHME GBD 2019, Valuing Impact"
Sudan,SDN,Sub-Saharan Africa,Low income,21.58,wash_handwashing_diarrheal,WASH,No handwashing facility — diarrheal disease,0.003957498881212699,DALY/capita,Human Capital,Health and well-being,"HEALTH | VI — IHME GBD 2019, Valuing Impact"
Sudan,SDN,Sub-Saharan Africa,Low income,21.58,wash_sanitation_diarrheal,WASH,Unsafe sanitation — diarrheal disease,0.0093918278932438,DALY/capita,Human Capital,Health and well-being,"HEALTH | VI — IHME GBD 2019, Valuing Impact"
Sudan,SDN,Sub-Saharan Africa,Low income,21.58,wash_water_diarrheal,WASH,Unsafe water source — diarrheal disease,0.012310808621148502,DALY/capita,Human Capital,Health and well-being,"HEALTH | VI — IHME GBD 2019, Valuing Impact"
Sudan,SDN,Sub-Saharan Africa,Low income,21.58,wash_handwashing_respiratory,WASH,No handwashing — lower respiratory infections,0.00164631419985381,DALY/capita,Human Capital,Health and well-being,"HEALTH | VI — IHME GBD 2019, Valuing Impact"
Sudan,SDN,Sub-Saharan Africa,Low income,21.58,ohs_secondhand_smoke,OHS,Second-hand smoke — all causes,0.00399731719646074,DALY/capita,Human Capital,Health and well-being,"HEALTH | VI — IHME GBD 2019, Valuing Impact"
Sudan,SDN,Sub-Saharan Africa,Low income,21.58,ohs_occupational_pm,OHS,Occupational PM/gases/fumes — all causes,0.000407476528248838,DALY/capita,Human Capital,Health and well-being,"HEALTH | VI — IHME GBD 2019, Valuing Impact"
Sudan,SDN,Sub-Saharan Africa,Low income,21.58,ohs_occupational_injuries,OHS,Occupational injuries — all causes,0.00251749888740985,DALY/capita,Human Capital,Health and well-being,"HEALTH | VI — IHME GBD 2019, Valuing Impact"
Sudan,SDN,Sub-Saharan Africa,Low income,21.58,diet_processed_meat,Diet,Diet high in processed meat,0.000309473089978303,DALY/capita,Human Capital,Health and well-being,"HEALTH | VI — IHME GBD 2019, Valuing Impact"
Sudan,SDN,Sub-Saharan Africa,Low income,21.58,diet_red_meat,Diet,Diet high in red meat,0.00145159506152597,DALY/capita,Human Capital,Health and well-being,"HEALTH | VI — IHME GBD 2019, Valuing Impact"
Sudan,SDN,Sub-Saharan Africa,Low income,21.58,diet_sodium,Diet,Diet high in sodium,0.00112872207981934,DALY/capita,Human Capital,Health and well-being,"HEALTH | VI — IHME GBD 2019, Valuing Impact"
Sudan,SDN,Sub-Saharan Africa,Low income,21.58,diet_sugary_beverages,Diet,Diet high in sugar-sweetened beverages,0.000620841280591049,DALY/capita,Human Capital,Health and well-being,"HEALTH | VI — IHME GBD 2019, Valuing Impact"
Sudan,SDN,Sub-Saharan Africa,Low income,21.58,diet_trans_fats,Diet,Diet high in trans fats,0.00194632783639594,DALY/capita,Human Capital,Health and well-being,"HEALTH | VI — IHME GBD 2019, Valuing Impact"
Sudan,SDN,Sub-Saharan Africa,Low income,21.58,diet_low_vegetables,Diet,Diet low in vegetables,0.0020511241249715102,DALY/capita,Human Capital,Health and well-being,"HEALTH | VI — IHME GBD 2019, Valuing Impact"
Sudan,SDN,Sub-Saharan Africa,Low income,21.58,diet_low_whole_grains,Diet,Diet low in whole grains,0.00757263070559479,DALY/capita,Human Capital,Health and well-being,"HEALTH | VI — IHME GBD 2019, Valuing Impact"
Sudan,SDN,Sub-Saharan Africa,Low income,21.58,diet_risks_total,Diet,Dietary risks — aggregate,0.0197136713201497,DALY/capita,Human Capital,Health and well-being,"HEALTH | VI — IHME GBD 2019, Valuing Impact"
Sudan,SDN,Sub-Saharan Africa,Low income,21.58,smoking,Lifestyle,Smoking — all causes,0.0120551324190742,DALY/capita,Human Capital,Health and well-being,"HEALTH | VI — IHME GBD 2019, Valuing Impact"
Senegal,SEN,Sub-Saharan Africa,Lower middle income,71.22,wash_handwashing_diarrheal,WASH,No handwashing facility — diarrheal disease,0.0077771229577895595,DALY/capita,Human Capital,Health and well-being,"HEALTH | VI — IHME GBD 2019, Valuing Impact"
Senegal,SEN,Sub-Saharan Africa,Lower middle income,71.22,wash_sanitation_diarrheal,WASH,Unsafe sanitation — diarrheal disease,0.0161005001536806,DALY/capita,Human Capital,Health and well-being,"HEALTH | VI — IHME GBD 2019, Valuing Impact"
Senegal,SEN,Sub-Saharan Africa,Lower middle income,71.22,wash_water_diarrheal,WASH,Unsafe water source — diarrheal disease,0.022546154547385098,DALY/capita,Human Capital,Health and well-being,"HEALTH | VI — IHME GBD 2019, Valuing Impact"
Senegal,SEN,Sub-Saharan Africa,Lower middle income,71.22,wash_handwashing_respiratory,WASH,No handwashing — lower respiratory infections,0.00408480923759652,DALY/capita,Human Capital,Health and well-being,"HEALTH | VI — IHME GBD 2019, Valuing Impact"
Senegal,SEN,Sub-Saharan Africa,Lower middle income,71.22,ohs_secondhand_smoke,OHS,Second-hand smoke — all causes,0.00364939608553168,DALY/capita,Human Capital,Health and well-being,"HEALTH | VI — IHME GBD 2019, Valuing Impact"
Senegal,SEN,Sub-Saharan Africa,Lower middle income,71.22,ohs_occupational_pm,OHS,Occupational PM/gases/fumes — all causes,0.0004908610417528,DALY/capita,Human Capital,Health and well-being,"HEALTH | VI — IHME GBD 2019, Valuing Impact"
Senegal,SEN,Sub-Saharan Africa,Lower middle income,71.22,ohs_occupational_injuries,OHS,Occupational injuries — all causes,0.00165613905461428,DALY/capita,Human Capital,Health and well-being,"HEALTH | VI — IHME GBD 2019, Valuing Impact"
Senegal,SEN,Sub-Saharan Africa,Lower middle income,71.22,diet_processed_meat,Diet,Diet high in processed meat,0.000687614369511499,DALY/capita,Human Capital,Health and well-being,"HEALTH | VI — IHME GBD 2019, Valuing Impact"
Senegal,SEN,Sub-Saharan Africa,Lower middle income,71.22,diet_red_meat,Diet,Diet high in red meat,0.0008927442785045881,DALY/capita,Human Capital,Health and well-being,"HEALTH | VI — IHME GBD 2019, Valuing Impact"
Senegal,SEN,Sub-Saharan Africa,Lower middle income,71.22,diet_sodium,Diet,Diet high in sodium,0.00159213618260017,DALY/capita,Human Capital,Health and well-being,"HEALTH | VI — IHME GBD 2019, Valuing Impact"
Senegal,SEN,Sub-Saharan Africa,Lower middle income,71.22,diet_sugary_beverages,Diet,Diet high in sugar-sweetened beverages,0.000636235593684534,DALY/capita,Human Capital,Health and well-being,"HEALTH | VI — IHME GBD 2019, Valuing Impact"
Senegal,SEN,Sub-Saharan Africa,Lower middle income,71.22,diet_trans_fats,Diet,Diet high in trans fats,0.000485427136495475,DALY/capita,Human Capital,Health and well-being,"HEALTH | VI — IHME GBD 2019, Valuing Impact"
Senegal,SEN,Sub-Saharan Africa,Lower middle income,71.22,diet_low_vegetables,Diet,Diet low in vegetables,0.0014210716270777399,DALY/capita,Human Capital,Health and well-being,"HEALTH | VI — IHME GBD 2019, Valuing Impact"
Senegal,SEN,Sub-Saharan Africa,Lower middle income,71.22,diet_low_whole_grains,Diet,Diet low in whole grains,0.0022657515410947097,DALY/capita,Human Capital,Health and well-being,"HEALTH | VI — IHME GBD 2019, Valuing Impact"
Senegal,SEN,Sub-Saharan Africa,Lower middle income,71.22,diet_risks_total,Diet,Dietary risks — aggregate,0.0107480542407491,DALY/capita,Human Capital,Health and well-being,"HEALTH | VI — IHME GBD 2019, Valuing Impact"
Senegal,SEN,Sub-Saharan Africa,Lower middle income,71.22,smoking,Lifestyle,Smoking — all causes,0.006590731510279541,DALY/capita,Human Capital,Health and well-being,"HEALTH | VI — IHME GBD 2019, Valuing Impact"
Singapore,SGP,East Asia & Pacific,High income,3969.89,wash_handwashing_diarrheal,WASH,No handwashing facility — diarrheal disease,1.47001804963763e-05,DALY/capita,Human Capital,Health and well-being,"HEALTH | VI — IHME GBD 2019, Valuing Impact"
Singapore,SGP,East Asia & Pacific,High income,3969.89,wash_sanitation_diarrheal,WASH,Unsafe sanitation — diarrheal disease,1.38169861040468e-05,DALY/capita,Human Capital,Health and well-being,"HEALTH | VI — IHME GBD 2019, Valuing Impact"
Singapore,SGP,East Asia & Pacific,High income,3969.89,wash_water_diarrheal,WASH,Unsafe water source — diarrheal disease,7.27684734401805e-05,DALY/capita,Human Capital,Health and well-being,"HEALTH | VI — IHME GBD 2019, Valuing Impact"
Singapore,SGP,East Asia & Pacific,High income,3969.89,wash_handwashing_respiratory,WASH,No handwashing — lower respiratory infections,0.000162755282395662,DALY/capita,Human Capital,Health and well-being,"HEALTH | VI — IHME GBD 2019, Valuing Impact"
Singapore,SGP,East Asia & Pacific,High income,3969.89,ohs_secondhand_smoke,OHS,Second-hand smoke — all causes,0.00155257021971829,DALY/capita,Human Capital,Health and well-being,"HEALTH | VI — IHME GBD 2019, Valuing Impact"
Singapore,SGP,East Asia & Pacific,High income,3969.89,ohs_occupational_pm,OHS,Occupational PM/gases/fumes — all causes,0.00030975966423822497,DALY/capita,Human Capital,Health and well-being,"HEALTH | VI — IHME GBD 2019, Valuing Impact"
Singapore,SGP,East Asia & Pacific,High income,3969.89,ohs_occupational_injuries,OHS,Occupational injuries — all causes,0.00367314601735029,DALY/capita,Human Capital,Health and well-being,"HEALTH | VI — IHME GBD 2019, Valuing Impact"
Singapore,SGP,East Asia & Pacific,High income,3969.89,diet_processed_meat,Diet,Diet high in processed meat,0.0007934528377425519,DALY/capita,Human Capital,Health and well-being,"HEALTH | VI — IHME GBD 2019, Valuing Impact"
Singapore,SGP,East Asia & Pacific,High income,3969.89,diet_red_meat,Diet,Diet high in red meat,0.00248067965687506,DALY/capita,Human Capital,Health and well-being,"HEALTH | VI — IHME GBD 2019, Valuing Impact"
Singapore,SGP,East Asia & Pacific,High income,3969.89,diet_sodium,Diet,Diet high in sodium,0.00354953483454131,DALY/capita,Human Capital,Health and well-being,"HEALTH | VI — IHME GBD 2019, Valuing Impact"
Singapore,SGP,East Asia & Pacific,High income,3969.89,diet_sugary_beverages,Diet,Diet high in sugar-sweetened beverages,0.000430234290789142,DALY/capita,Human Capital,Health and well-being,"HEALTH | VI — IHME GBD 2019, Valuing Impact"
Singapore,SGP,East Asia & Pacific,High income,3969.89,diet_trans_fats,Diet,Diet high in trans fats,0.000741373396526788,DALY/capita,Human Capital,Health and well-being,"HEALTH | VI — IHME GBD 2019, Valuing Impact"
Singapore,SGP,East Asia & Pacific,High income,3969.89,diet_low_vegetables,Diet,Diet low in vegetables,0.000406600156889701,DALY/capita,Human Capital,Health and well-being,"HEALTH | VI — IHME GBD 2019, Valuing Impact"
Singapore,SGP,East Asia & Pacific,High income,3969.89,diet_low_whole_grains,Diet,Diet low in whole grains,0.00285598134913792,DALY/capita,Human Capital,Health and well-being,"HEALTH | VI — IHME GBD 2019, Valuing Impact"
Singapore,SGP,East Asia & Pacific,High income,3969.89,diet_risks_total,Diet,Dietary risks — aggregate,0.0131059174117472,DALY/capita,Human Capital,Health and well-being,"HEALTH | VI — IHME GBD 2019, Valuing Impact"
Singapore,SGP,East Asia & Pacific,High income,3969.89,smoking,Lifestyle,Smoking — all causes,0.013940786392570301,DALY/capita,Human Capital,Health and well-being,"HEALTH | VI — IHME GBD 2019, Valuing Impact"
Solomon Islands,SLB,East Asia & Pacific,Lower middle income,106.35,wash_handwashing_diarrheal,WASH,No handwashing facility — diarrheal disease,0.00139596438061286,DALY/capita,Human Capital,Health and well-being,"HEALTH | VI — IHME GBD 2019, Valuing Impact"
Solomon Islands,SLB,East Asia & Pacific,Lower middle income,106.35,wash_sanitation_diarrheal,WASH,Unsafe sanitation — diarrheal disease,0.0109334870489839,DALY/capita,Human Capital,Health and well-being,"HEALTH | VI — IHME GBD 2019, Valuing Impact"
Solomon Islands,SLB,East Asia & Pacific,Lower middle income,106.35,wash_water_diarrheal,WASH,Unsafe water source — diarrheal disease,0.013878904711042,DALY/capita,Human Capital,Health and well-being,"HEALTH | VI — IHME GBD 2019, Valuing Impact"
Solomon Islands,SLB,East Asia & Pacific,Lower middle income,106.35,wash_handwashing_respiratory,WASH,No handwashing — lower respiratory infections,0.00164730585638961,DALY/capita,Human Capital,Health and well-being,"HEALTH | VI — IHME GBD 2019, Valuing Impact"
Solomon Islands,SLB,East Asia & Pacific,Lower middle income,106.35,ohs_secondhand_smoke,OHS,Second-hand smoke — all causes,0.015696587151158303,DALY/capita,Human Capital,Health and well-being,"HEALTH | VI — IHME GBD 2019, Valuing Impact"
Solomon Islands,SLB,East Asia & Pacific,Lower middle income,106.35,ohs_occupational_pm,OHS,Occupational PM/gases/fumes — all causes,0.00106008336036792,DALY/capita,Human Capital,Health and well-being,"HEALTH | VI — IHME GBD 2019, Valuing Impact"
Solomon Islands,SLB,East Asia & Pacific,Lower middle income,106.35,ohs_occupational_injuries,OHS,Occupational injuries — all causes,0.00392965512087927,DALY/capita,Human Capital,Health and well-being,"HEALTH | VI — IHME GBD 2019, Valuing Impact"
Solomon Islands,SLB,East Asia & Pacific,Lower middle income,106.35,diet_processed_meat,Diet,Diet high in processed meat,0.00107506822715991,DALY/capita,Human Capital,Health and well-being,"HEALTH | VI — IHME GBD 2019, Valuing Impact"
Solomon Islands,SLB,East Asia & Pacific,Lower middle income,106.35,diet_red_meat,Diet,Diet high in red meat,0.00414503098746333,DALY/capita,Human Capital,Health and well-being,"HEALTH | VI — IHME GBD 2019, Valuing Impact"
Solomon Islands,SLB,East Asia & Pacific,Lower middle income,106.35,diet_sodium,Diet,Diet high in sodium,0.00709743545361158,DALY/capita,Human Capital,Health and well-being,"HEALTH | VI — IHME GBD 2019, Valuing Impact"
Solomon Islands,SLB,East Asia & Pacific,Lower middle income,106.35,diet_sugary_beverages,Diet,Diet high in sugar-sweetened beverages,0.00166632424043362,DALY/capita,Human Capital,Health and well-being,"HEALTH | VI — IHME GBD 2019, Valuing Impact"
Solomon Islands,SLB,East Asia & Pacific,Lower middle income,106.35,diet_trans_fats,Diet,Diet high in trans fats,0.00378876187436817,DALY/capita,Human Capital,Health and well-being,"HEALTH | VI — IHME GBD 2019, Valuing Impact"
Solomon Islands,SLB,East Asia & Pacific,Lower middle income,106.35,diet_low_vegetables,Diet,Diet low in vegetables,0.012337811440815302,DALY/capita,Human Capital,Health and well-being,"HEALTH | VI — IHME GBD 2019, Valuing Impact"
Solomon Islands,SLB,East Asia & Pacific,Lower middle income,106.35,diet_low_whole_grains,Diet,Diet low in whole grains,0.0153320627963364,DALY/capita,Human Capital,Health and well-being,"HEALTH | VI — IHME GBD 2019, Valuing Impact"
Solomon Islands,SLB,East Asia & Pacific,Lower middle income,106.35,diet_risks_total,Diet,Dietary risks — aggregate,0.0571078427880898,DALY/capita,Human Capital,Health and well-being,"HEALTH | VI — IHME GBD 2019, Valuing Impact"
Solomon Islands,SLB,East Asia & Pacific,Lower middle income,106.35,smoking,Lifestyle,Smoking — all causes,0.0527097183026793,DALY/capita,Human Capital,Health and well-being,"HEALTH | VI — IHME GBD 2019, Valuing Impact"
Sierra Leone,SLE,Sub-Saharan Africa,Low income,43.16,wash_handwashing_diarrheal,WASH,No handwashing facility — diarrheal disease,0.00831891340513769,DALY/capita,Human Capital,Health and well-being,"HEALTH | VI — IHME GBD 2019, Valuing Impact"
Sierra Leone,SLE,Sub-Saharan Africa,Low income,43.16,wash_sanitation_diarrheal,WASH,Unsafe sanitation — diarrheal disease,0.0164643340425721,DALY/capita,Human Capital,Health and well-being,"HEALTH | VI — IHME GBD 2019, Valuing Impact"
Sierra Leone,SLE,Sub-Saharan Africa,Low income,43.16,wash_water_diarrheal,WASH,Unsafe water source — diarrheal disease,0.022568819868791203,DALY/capita,Human Capital,Health and well-being,"HEALTH | VI — IHME GBD 2019, Valuing Impact"
Sierra Leone,SLE,Sub-Saharan Africa,Low income,43.16,wash_handwashing_respiratory,WASH,No handwashing — lower respiratory infections,0.0124738561450726,DALY/capita,Human Capital,Health and well-being,"HEALTH | VI — IHME GBD 2019, Valuing Impact"
Sierra Leone,SLE,Sub-Saharan Africa,Low income,43.16,ohs_secondhand_smoke,OHS,Second-hand smoke — all causes,0.0046379790936365,DALY/capita,Human Capital,Health and well-being,"HEALTH | VI — IHME GBD 2019, Valuing Impact"
Sierra Leone,SLE,Sub-Saharan Africa,Low income,43.16,ohs_occupational_pm,OHS,Occupational PM/gases/fumes — all causes,0.0004949377018513841,DALY/capita,Human Capital,Health and well-being,"HEALTH | VI — IHME GBD 2019, Valuing Impact"
Sierra Leone,SLE,Sub-Saharan Africa,Low income,43.16,ohs_occupational_injuries,OHS,Occupational injuries — all causes,0.00200103895441824,DALY/capita,Human Capital,Health and well-being,"HEALTH | VI — IHME GBD 2019, Valuing Impact"
Sierra Leone,SLE,Sub-Saharan Africa,Low income,43.16,diet_processed_meat,Diet,Diet high in processed meat,0.000462500769415308,DALY/capita,Human Capital,Health and well-being,"HEALTH | VI — IHME GBD 2019, Valuing Impact"
Sierra Leone,SLE,Sub-Saharan Africa,Low income,43.16,diet_red_meat,Diet,Diet high in red meat,0.00043145637283499604,DALY/capita,Human Capital,Health and well-being,"HEALTH | VI — IHME GBD 2019, Valuing Impact"
Sierra Leone,SLE,Sub-Saharan Africa,Low income,43.16,diet_sodium,Diet,Diet high in sodium,0.001660212140189,DALY/capita,Human Capital,Health and well-being,"HEALTH | VI — IHME GBD 2019, Valuing Impact"
Sierra Leone,SLE,Sub-Saharan Africa,Low income,43.16,diet_sugary_beverages,Diet,Diet high in sugar-sweetened beverages,0.000518713998309623,DALY/capita,Human Capital,Health and well-being,"HEALTH | VI — IHME GBD 2019, Valuing Impact"
Sierra Leone,SLE,Sub-Saharan Africa,Low income,43.16,diet_trans_fats,Diet,Diet high in trans fats,0.000530316080247398,DALY/capita,Human Capital,Health and well-being,"HEALTH | VI — IHME GBD 2019, Valuing Impact"
Sierra Leone,SLE,Sub-Saharan Africa,Low income,43.16,diet_low_vegetables,Diet,Diet low in vegetables,0.00184876139308771,DALY/capita,Human Capital,Health and well-being,"HEALTH | VI — IHME GBD 2019, Valuing Impact"
Sierra Leone,SLE,Sub-Saharan Africa,Low income,43.16,diet_low_whole_grains,Diet,Diet low in whole grains,0.00213463464604791,DALY/capita,Human Capital,Health and well-being,"HEALTH | VI — IHME GBD 2019, Valuing Impact"
Sierra Leone,SLE,Sub-Saharan Africa,Low income,43.16,diet_risks_total,Diet,Dietary risks — aggregate,0.011051802419911801,DALY/capita,Human Capital,Health and well-being,"HEALTH | VI — IHME GBD 2019, Valuing Impact"
Sierra Leone,SLE,Sub-Saharan Africa,Low income,43.16,smoking,Lifestyle,Smoking — all causes,0.00875830561992638,DALY/capita,Human Capital,Health and well-being,"HEALTH | VI — IHME GBD 2019, Valuing Impact"
El Salvador,SLV,Latin America & Caribbean,Upper middle income,442.21,wash_handwashing_diarrheal,WASH,No handwashing facility — diarrheal disease,0.000451140900033867,DALY/capita,Human Capital,Health and well-being,"HEALTH | VI — IHME GBD 2019, Valuing Impact"
El Salvador,SLV,Latin America & Caribbean,Upper middle income,442.21,wash_sanitation_diarrheal,WASH,Unsafe sanitation — diarrheal disease,0.0013888359044907,DALY/capita,Human Capital,Health and well-being,"HEALTH | VI — IHME GBD 2019, Valuing Impact"
El Salvador,SLV,Latin America & Caribbean,Upper middle income,442.21,wash_water_diarrheal,WASH,Unsafe water source — diarrheal disease,0.00232601625606664,DALY/capita,Human Capital,Health and well-being,"HEALTH | VI — IHME GBD 2019, Valuing Impact"
El Salvador,SLV,Latin America & Caribbean,Upper middle income,442.21,wash_handwashing_respiratory,WASH,No handwashing — lower respiratory infections,0.000727582635203467,DALY/capita,Human Capital,Health and well-being,"HEALTH | VI — IHME GBD 2019, Valuing Impact"
El Salvador,SLV,Latin America & Caribbean,Upper middle income,442.21,ohs_secondhand_smoke,OHS,Second-hand smoke — all causes,0.00174081151934121,DALY/capita,Human Capital,Health and well-being,"HEALTH | VI — IHME GBD 2019, Valuing Impact"
El Salvador,SLV,Latin America & Caribbean,Upper middle income,442.21,ohs_occupational_pm,OHS,Occupational PM/gases/fumes — all causes,0.00036560898667466603,DALY/capita,Human Capital,Health and well-being,"HEALTH | VI — IHME GBD 2019, Valuing Impact"
El Salvador,SLV,Latin America & Caribbean,Upper middle income,442.21,ohs_occupational_injuries,OHS,Occupational injuries — all causes,0.0016368638726876302,DALY/capita,Human Capital,Health and well-being,"HEALTH | VI — IHME GBD 2019, Valuing Impact"
El Salvador,SLV,Latin America & Caribbean,Upper middle income,442.21,diet_processed_meat,Diet,Diet high in processed meat,0.000738253946443752,DALY/capita,Human Capital,Health and well-being,"HEALTH | VI — IHME GBD 2019, Valuing Impact"
El Salvador,SLV,Latin America & Caribbean,Upper middle income,442.21,diet_red_meat,Diet,Diet high in red meat,0.00103534880400772,DALY/capita,Human Capital,Health and well-being,"HEALTH | VI — IHME GBD 2019, Valuing Impact"
El Salvador,SLV,Latin America & Caribbean,Upper middle income,442.21,diet_sodium,Diet,Diet high in sodium,0.00366370603352552,DALY/capita,Human Capital,Health and well-being,"HEALTH | VI — IHME GBD 2019, Valuing Impact"
El Salvador,SLV,Latin America & Caribbean,Upper middle income,442.21,diet_sugary_beverages,Diet,Diet high in sugar-sweetened beverages,0.000850716022004118,DALY/capita,Human Capital,Health and well-being,"HEALTH | VI — IHME GBD 2019, Valuing Impact"
El Salvador,SLV,Latin America & Caribbean,Upper middle income,442.21,diet_trans_fats,Diet,Diet high in trans fats,0.00138529083038303,DALY/capita,Human Capital,Health and well-being,"HEALTH | VI — IHME GBD 2019, Valuing Impact"
El Salvador,SLV,Latin America & Caribbean,Upper middle income,442.21,diet_low_vegetables,Diet,Diet low in vegetables,0.0016067149901241502,DALY/capita,Human Capital,Health and well-being,"HEALTH | VI — IHME GBD 2019, Valuing Impact"
El Salvador,SLV,Latin America & Caribbean,Upper middle income,442.21,diet_low_whole_grains,Diet,Diet low in whole grains,0.00376320575605341,DALY/capita,Human Capital,Health and well-being,"HEALTH | VI — IHME GBD 2019, Valuing Impact"
El Salvador,SLV,Latin America & Caribbean,Upper middle income,442.21,diet_risks_total,Diet,Dietary risks — aggregate,0.015652199989593902,DALY/capita,Human Capital,Health and well-being,"HEALTH | VI — IHME GBD 2019, Valuing Impact"
El Salvador,SLV,Latin America & Caribbean,Upper middle income,442.21,smoking,Lifestyle,Smoking — all causes,0.00750398958355877,DALY/capita,Human Capital,Health and well-being,"HEALTH | VI — IHME GBD 2019, Valuing Impact"
San Marino,SMR,Europe & Central Asia,High income,4131.94,wash_handwashing_diarrheal,WASH,No handwashing facility — diarrheal disease,1.03473945128418e-05,DALY/capita,Human Capital,Health and well-being,"HEALTH | VI — IHME GBD 2019, Valuing Impact"
San Marino,SMR,Europe & Central Asia,High income,4131.94,wash_sanitation_diarrheal,WASH,Unsafe sanitation — diarrheal disease,8.98639084311109e-06,DALY/capita,Human Capital,Health and well-being,"HEALTH | VI — IHME GBD 2019, Valuing Impact"
San Marino,SMR,Europe & Central Asia,High income,4131.94,wash_water_diarrheal,WASH,Unsafe water source — diarrheal disease,1.53562796077171e-05,DALY/capita,Human Capital,Health and well-being,"HEALTH | VI — IHME GBD 2019, Valuing Impact"
San Marino,SMR,Europe & Central Asia,High income,4131.94,wash_handwashing_respiratory,WASH,No handwashing — lower respiratory infections,2.6024388480317603e-05,DALY/capita,Human Capital,Health and well-being,"HEALTH | VI — IHME GBD 2019, Valuing Impact"
San Marino,SMR,Europe & Central Asia,High income,4131.94,ohs_secondhand_smoke,OHS,Second-hand smoke — all causes,0.00242591240721211,DALY/capita,Human Capital,Health and well-being,"HEALTH | VI — IHME GBD 2019, Valuing Impact"
San Marino,SMR,Europe & Central Asia,High income,4131.94,ohs_occupational_pm,OHS,Occupational PM/gases/fumes — all causes,0.000606677959229458,DALY/capita,Human Capital,Health and well-being,"HEALTH | VI — IHME GBD 2019, Valuing Impact"
San Marino,SMR,Europe & Central Asia,High income,4131.94,ohs_occupational_injuries,OHS,Occupational injuries — all causes,0.0013004135279155301,DALY/capita,Human Capital,Health and well-being,"HEALTH | VI — IHME GBD 2019, Valuing Impact"
San Marino,SMR,Europe & Central Asia,High income,4131.94,diet_processed_meat,Diet,Diet high in processed meat,0.00233649512643941,DALY/capita,Human Capital,Health and well-being,"HEALTH | VI — IHME GBD 2019, Valuing Impact"
San Marino,SMR,Europe & Central Asia,High income,4131.94,diet_red_meat,Diet,Diet high in red meat,0.00385970751621837,DALY/capita,Human Capital,Health and well-being,"HEALTH | VI — IHME GBD 2019, Valuing Impact"
San Marino,SMR,Europe & Central Asia,High income,4131.94,diet_sodium,Diet,Diet high in sodium,0.0020992283005390497,DALY/capita,Human Capital,Health and well-being,"HEALTH | VI — IHME GBD 2019, Valuing Impact"
San Marino,SMR,Europe & Central Asia,High income,4131.94,diet_sugary_beverages,Diet,Diet high in sugar-sweetened beverages,0.000809452240180141,DALY/capita,Human Capital,Health and well-being,"HEALTH | VI — IHME GBD 2019, Valuing Impact"
San Marino,SMR,Europe & Central Asia,High income,4131.94,diet_trans_fats,Diet,Diet high in trans fats,0.0009753358918201551,DALY/capita,Human Capital,Health and well-being,"HEALTH | VI — IHME GBD 2019, Valuing Impact"
San Marino,SMR,Europe & Central Asia,High income,4131.94,diet_low_vegetables,Diet,Diet low in vegetables,0.000741456300814461,DALY/capita,Human Capital,Health and well-being,"HEALTH | VI — IHME GBD 2019, Valuing Impact"
San Marino,SMR,Europe & Central Asia,High income,4131.94,diet_low_whole_grains,Diet,Diet low in whole grains,0.00473817952000005,DALY/capita,Human Capital,Health and well-being,"HEALTH | VI — IHME GBD 2019, Valuing Impact"
San Marino,SMR,Europe & Central Asia,High income,4131.94,diet_risks_total,Diet,Dietary risks — aggregate,0.0172969750832046,DALY/capita,Human Capital,Health and well-being,"HEALTH | VI — IHME GBD 2019, Valuing Impact"
San Marino,SMR,Europe & Central Asia,High income,4131.94,smoking,Lifestyle,Smoking — all causes,0.0300139273437623,DALY/capita,Human Capital,Health and well-being,"HEALTH | VI — IHME GBD 2019, Valuing Impact"
Somalia,SOM,Sub-Saharan Africa,Low income,0.0,wash_handwashing_diarrheal,WASH,No handwashing facility — diarrheal disease,0.019191229208817297,DALY/capita,Human Capital,Health and well-being,"HEALTH | VI — IHME GBD 2019, Valuing Impact"
Somalia,SOM,Sub-Saharan Africa,Low income,0.0,wash_sanitation_diarrheal,WASH,Unsafe sanitation — diarrheal disease,0.0379039846413567,DALY/capita,Human Capital,Health and well-being,"HEALTH | VI — IHME GBD 2019, Valuing Impact"
Somalia,SOM,Sub-Saharan Africa,Low income,0.0,wash_water_diarrheal,WASH,Unsafe water source — diarrheal disease,0.050559117023196605,DALY/capita,Human Capital,Health and well-being,"HEALTH | VI — IHME GBD 2019, Valuing Impact"
Somalia,SOM,Sub-Saharan Africa,Low income,0.0,wash_handwashing_respiratory,WASH,No handwashing — lower respiratory infections,0.0166014908655812,DALY/capita,Human Capital,Health and well-being,"HEALTH | VI — IHME GBD 2019, Valuing Impact"
Somalia,SOM,Sub-Saharan Africa,Low income,0.0,ohs_secondhand_smoke,OHS,Second-hand smoke — all causes,0.0036529404569452402,DALY/capita,Human Capital,Health and well-being,"HEALTH | VI — IHME GBD 2019, Valuing Impact"
Somalia,SOM,Sub-Saharan Africa,Low income,0.0,ohs_occupational_pm,OHS,Occupational PM/gases/fumes — all causes,0.000599058199228689,DALY/capita,Human Capital,Health and well-being,"HEALTH | VI — IHME GBD 2019, Valuing Impact"
Somalia,SOM,Sub-Saharan Africa,Low income,0.0,ohs_occupational_injuries,OHS,Occupational injuries — all causes,0.0089753010170761,DALY/capita,Human Capital,Health and well-being,"HEALTH | VI — IHME GBD 2019, Valuing Impact"
Somalia,SOM,Sub-Saharan Africa,Low income,0.0,diet_processed_meat,Diet,Diet high in processed meat,0.00029258348977313103,DALY/capita,Human Capital,Health and well-being,"HEALTH | VI — IHME GBD 2019, Valuing Impact"
Somalia,SOM,Sub-Saharan Africa,Low income,0.0,diet_red_meat,Diet,Diet high in red meat,0.00138102004781327,DALY/capita,Human Capital,Health and well-being,"HEALTH | VI — IHME GBD 2019, Valuing Impact"
Somalia,SOM,Sub-Saharan Africa,Low income,0.0,diet_sodium,Diet,Diet high in sodium,0.00246259890536651,DALY/capita,Human Capital,Health and well-being,"HEALTH | VI — IHME GBD 2019, Valuing Impact"
Somalia,SOM,Sub-Saharan Africa,Low income,0.0,diet_sugary_beverages,Diet,Diet high in sugar-sweetened beverages,0.000253759204677916,DALY/capita,Human Capital,Health and well-being,"HEALTH | VI — IHME GBD 2019, Valuing Impact"
Somalia,SOM,Sub-Saharan Africa,Low income,0.0,diet_trans_fats,Diet,Diet high in trans fats,0.000457268598971473,DALY/capita,Human Capital,Health and well-being,"HEALTH | VI — IHME GBD 2019, Valuing Impact"
Somalia,SOM,Sub-Saharan Africa,Low income,0.0,diet_low_vegetables,Diet,Diet low in vegetables,0.0023205847120322,DALY/capita,Human Capital,Health and well-being,"HEALTH | VI — IHME GBD 2019, Valuing Impact"
Somalia,SOM,Sub-Saharan Africa,Low income,0.0,diet_low_whole_grains,Diet,Diet low in whole grains,0.00229893596896651,DALY/capita,Human Capital,Health and well-being,"HEALTH | VI — IHME GBD 2019, Valuing Impact"
Somalia,SOM,Sub-Saharan Africa,Low income,0.0,diet_risks_total,Diet,Dietary risks — aggregate,0.012688075318470701,DALY/capita,Human Capital,Health and well-being,"HEALTH | VI — IHME GBD 2019, Valuing Impact"
Somalia,SOM,Sub-Saharan Africa,Low income,0.0,smoking,Lifestyle,Smoking — all causes,0.00900080697267995,DALY/capita,Human Capital,Health and well-being,"HEALTH | VI — IHME GBD 2019, Valuing Impact"
Serbia,SRB,Europe & Central Asia,Upper middle income,919.17,wash_handwashing_diarrheal,WASH,No handwashing facility — diarrheal disease,2.14831291593159e-05,DALY/capita,Human Capital,Health and well-being,"HEALTH | VI — IHME GBD 2019, Valuing Impact"
Serbia,SRB,Europe & Central Asia,Upper middle income,919.17,wash_sanitation_diarrheal,WASH,Unsafe sanitation — diarrheal disease,0.00012066093352052701,DALY/capita,Human Capital,Health and well-being,"HEALTH | VI — IHME GBD 2019, Valuing Impact"
Serbia,SRB,Europe & Central Asia,Upper middle income,919.17,wash_water_diarrheal,WASH,Unsafe water source — diarrheal disease,0.000473697847252904,DALY/capita,Human Capital,Health and well-being,"HEALTH | VI — IHME GBD 2019, Valuing Impact"
Serbia,SRB,Europe & Central Asia,Upper middle income,919.17,wash_handwashing_respiratory,WASH,No handwashing — lower respiratory infections,3.25126427068336e-05,DALY/capita,Human Capital,Health and well-being,"HEALTH | VI — IHME GBD 2019, Valuing Impact"
Serbia,SRB,Europe & Central Asia,Upper middle income,919.17,ohs_secondhand_smoke,OHS,Second-hand smoke — all causes,0.00895639945076348,DALY/capita,Human Capital,Health and well-being,"HEALTH | VI — IHME GBD 2019, Valuing Impact"
Serbia,SRB,Europe & Central Asia,Upper middle income,919.17,ohs_occupational_pm,OHS,Occupational PM/gases/fumes — all causes,0.0009697513785046389,DALY/capita,Human Capital,Health and well-being,"HEALTH | VI — IHME GBD 2019, Valuing Impact"
Serbia,SRB,Europe & Central Asia,Upper middle income,919.17,ohs_occupational_injuries,OHS,Occupational injuries — all causes,0.00206862514676884,DALY/capita,Human Capital,Health and well-being,"HEALTH | VI — IHME GBD 2019, Valuing Impact"
Serbia,SRB,Europe & Central Asia,Upper middle income,919.17,diet_processed_meat,Diet,Diet high in processed meat,0.00292396949885486,DALY/capita,Human Capital,Health and well-being,"HEALTH | VI — IHME GBD 2019, Valuing Impact"
Serbia,SRB,Europe & Central Asia,Upper middle income,919.17,diet_red_meat,Diet,Diet high in red meat,0.00589279959288049,DALY/capita,Human Capital,Health and well-being,"HEALTH | VI — IHME GBD 2019, Valuing Impact"
Serbia,SRB,Europe & Central Asia,Upper middle income,919.17,diet_sodium,Diet,Diet high in sodium,0.0222491198048782,DALY/capita,Human Capital,Health and well-being,"HEALTH | VI — IHME GBD 2019, Valuing Impact"
Serbia,SRB,Europe & Central Asia,Upper middle income,919.17,diet_sugary_beverages,Diet,Diet high in sugar-sweetened beverages,0.0014060460104139,DALY/capita,Human Capital,Health and well-being,"HEALTH | VI — IHME GBD 2019, Valuing Impact"
Serbia,SRB,Europe & Central Asia,Upper middle income,919.17,diet_trans_fats,Diet,Diet high in trans fats,0.00297888554469866,DALY/capita,Human Capital,Health and well-being,"HEALTH | VI — IHME GBD 2019, Valuing Impact"
Serbia,SRB,Europe & Central Asia,Upper middle income,919.17,diet_low_vegetables,Diet,Diet low in vegetables,0.0027162955358858397,DALY/capita,Human Capital,Health and well-being,"HEALTH | VI — IHME GBD 2019, Valuing Impact"
Serbia,SRB,Europe & Central Asia,Upper middle income,919.17,diet_low_whole_grains,Diet,Diet low in whole grains,0.0133724272461816,DALY/capita,Human Capital,Health and well-being,"HEALTH | VI — IHME GBD 2019, Valuing Impact"
Serbia,SRB,Europe & Central Asia,Upper middle income,919.17,diet_risks_total,Diet,Dietary risks — aggregate,0.056491944841221005,DALY/capita,Human Capital,Health and well-being,"HEALTH | VI — IHME GBD 2019, Valuing Impact"
Serbia,SRB,Europe & Central Asia,Upper middle income,919.17,smoking,Lifestyle,Smoking — all causes,0.0714202780742046,DALY/capita,Human Capital,Health and well-being,"HEALTH | VI — IHME GBD 2019, Valuing Impact"
South Sudan,SSD,Sub-Saharan Africa,Low income,32.68,wash_handwashing_diarrheal,WASH,No handwashing facility — diarrheal disease,0.0160599839090832,DALY/capita,Human Capital,Health and well-being,"HEALTH | VI — IHME GBD 2019, Valuing Impact"
South Sudan,SSD,Sub-Saharan Africa,Low income,32.68,wash_sanitation_diarrheal,WASH,Unsafe sanitation — diarrheal disease,0.0320829080700492,DALY/capita,Human Capital,Health and well-being,"HEALTH | VI — IHME GBD 2019, Valuing Impact"
South Sudan,SSD,Sub-Saharan Africa,Low income,32.68,wash_water_diarrheal,WASH,Unsafe water source — diarrheal disease,0.0422453541338247,DALY/capita,Human Capital,Health and well-being,"HEALTH | VI — IHME GBD 2019, Valuing Impact"
South Sudan,SSD,Sub-Saharan Africa,Low income,32.68,wash_handwashing_respiratory,WASH,No handwashing — lower respiratory infections,0.0133776866508843,DALY/capita,Human Capital,Health and well-being,"HEALTH | VI — IHME GBD 2019, Valuing Impact"
South Sudan,SSD,Sub-Saharan Africa,Low income,32.68,ohs_secondhand_smoke,OHS,Second-hand smoke — all causes,0.0029940826540195004,DALY/capita,Human Capital,Health and well-being,"HEALTH | VI — IHME GBD 2019, Valuing Impact"
South Sudan,SSD,Sub-Saharan Africa,Low income,32.68,ohs_occupational_pm,OHS,Occupational PM/gases/fumes — all causes,0.000458114462911494,DALY/capita,Human Capital,Health and well-being,"HEALTH | VI — IHME GBD 2019, Valuing Impact"
South Sudan,SSD,Sub-Saharan Africa,Low income,32.68,ohs_occupational_injuries,OHS,Occupational injuries — all causes,0.0035544753258284,DALY/capita,Human Capital,Health and well-being,"HEALTH | VI — IHME GBD 2019, Valuing Impact"
South Sudan,SSD,Sub-Saharan Africa,Low income,32.68,diet_processed_meat,Diet,Diet high in processed meat,0.00032020354511833195,DALY/capita,Human Capital,Health and well-being,"HEALTH | VI — IHME GBD 2019, Valuing Impact"
South Sudan,SSD,Sub-Saharan Africa,Low income,32.68,diet_red_meat,Diet,Diet high in red meat,0.000706866027184509,DALY/capita,Human Capital,Health and well-being,"HEALTH | VI — IHME GBD 2019, Valuing Impact"
South Sudan,SSD,Sub-Saharan Africa,Low income,32.68,diet_sodium,Diet,Diet high in sodium,0.00190402988319346,DALY/capita,Human Capital,Health and well-being,"HEALTH | VI — IHME GBD 2019, Valuing Impact"
South Sudan,SSD,Sub-Saharan Africa,Low income,32.68,diet_sugary_beverages,Diet,Diet high in sugar-sweetened beverages,0.000199825500273475,DALY/capita,Human Capital,Health and well-being,"HEALTH | VI — IHME GBD 2019, Valuing Impact"
South Sudan,SSD,Sub-Saharan Africa,Low income,32.68,diet_trans_fats,Diet,Diet high in trans fats,0.000312869869980363,DALY/capita,Human Capital,Health and well-being,"HEALTH | VI — IHME GBD 2019, Valuing Impact"
South Sudan,SSD,Sub-Saharan Africa,Low income,32.68,diet_low_vegetables,Diet,Diet low in vegetables,0.00134610999672011,DALY/capita,Human Capital,Health and well-being,"HEALTH | VI — IHME GBD 2019, Valuing Impact"
South Sudan,SSD,Sub-Saharan Africa,Low income,32.68,diet_low_whole_grains,Diet,Diet low in whole grains,0.00146878709666256,DALY/capita,Human Capital,Health and well-being,"HEALTH | VI — IHME GBD 2019, Valuing Impact"
South Sudan,SSD,Sub-Saharan Africa,Low income,32.68,diet_risks_total,Diet,Dietary risks — aggregate,0.00749332453455473,DALY/capita,Human Capital,Health and well-being,"HEALTH | VI — IHME GBD 2019, Valuing Impact"
South Sudan,SSD,Sub-Saharan Africa,Low income,32.68,smoking,Lifestyle,Smoking — all causes,0.006402929818978899,DALY/capita,Human Capital,Health and well-being,"HEALTH | VI — IHME GBD 2019, Valuing Impact"
São Tomé and Príncipe,STP,Sub-Saharan Africa,Lower middle income,186.1,wash_handwashing_diarrheal,WASH,No handwashing facility — diarrheal disease,0.00118647213949311,DALY/capita,Human Capital,Health and well-being,"HEALTH | VI — IHME GBD 2019, Valuing Impact"
São Tomé and Príncipe,STP,Sub-Saharan Africa,Lower middle income,186.1,wash_sanitation_diarrheal,WASH,Unsafe sanitation — diarrheal disease,0.00203338902320648,DALY/capita,Human Capital,Health and well-being,"HEALTH | VI — IHME GBD 2019, Valuing Impact"
São Tomé and Príncipe,STP,Sub-Saharan Africa,Lower middle income,186.1,wash_water_diarrheal,WASH,Unsafe water source — diarrheal disease,0.0035622610869908903,DALY/capita,Human Capital,Health and well-being,"HEALTH | VI — IHME GBD 2019, Valuing Impact"
São Tomé and Príncipe,STP,Sub-Saharan Africa,Lower middle income,186.1,wash_handwashing_respiratory,WASH,No handwashing — lower respiratory infections,0.00319463519164619,DALY/capita,Human Capital,Health and well-being,"HEALTH | VI — IHME GBD 2019, Valuing Impact"
São Tomé and Príncipe,STP,Sub-Saharan Africa,Lower middle income,186.1,ohs_secondhand_smoke,OHS,Second-hand smoke — all causes,0.00112775335899873,DALY/capita,Human Capital,Health and well-being,"HEALTH | VI — IHME GBD 2019, Valuing Impact"
São Tomé and Príncipe,STP,Sub-Saharan Africa,Lower middle income,186.1,ohs_occupational_pm,OHS,Occupational PM/gases/fumes — all causes,0.000761527692233163,DALY/capita,Human Capital,Health and well-being,"HEALTH | VI — IHME GBD 2019, Valuing Impact"
São Tomé and Príncipe,STP,Sub-Saharan Africa,Lower middle income,186.1,ohs_occupational_injuries,OHS,Occupational injuries — all causes,0.000955551300888922,DALY/capita,Human Capital,Health and well-being,"HEALTH | VI — IHME GBD 2019, Valuing Impact"
São Tomé and Príncipe,STP,Sub-Saharan Africa,Lower middle income,186.1,diet_processed_meat,Diet,Diet high in processed meat,0.000596601609901194,DALY/capita,Human Capital,Health and well-being,"HEALTH | VI — IHME GBD 2019, Valuing Impact"
São Tomé and Príncipe,STP,Sub-Saharan Africa,Lower middle income,186.1,diet_red_meat,Diet,Diet high in red meat,0.000398672360830572,DALY/capita,Human Capital,Health and well-being,"HEALTH | VI — IHME GBD 2019, Valuing Impact"
São Tomé and Príncipe,STP,Sub-Saharan Africa,Lower middle income,186.1,diet_sodium,Diet,Diet high in sodium,0.00202680942688005,DALY/capita,Human Capital,Health and well-being,"HEALTH | VI — IHME GBD 2019, Valuing Impact"
São Tomé and Príncipe,STP,Sub-Saharan Africa,Lower middle income,186.1,diet_sugary_beverages,Diet,Diet high in sugar-sweetened beverages,0.00040484044554862003,DALY/capita,Human Capital,Health and well-being,"HEALTH | VI — IHME GBD 2019, Valuing Impact"
São Tomé and Príncipe,STP,Sub-Saharan Africa,Lower middle income,186.1,diet_trans_fats,Diet,Diet high in trans fats,0.000622926040358774,DALY/capita,Human Capital,Health and well-being,"HEALTH | VI — IHME GBD 2019, Valuing Impact"
São Tomé and Príncipe,STP,Sub-Saharan Africa,Lower middle income,186.1,diet_low_vegetables,Diet,Diet low in vegetables,0.0022938926404379397,DALY/capita,Human Capital,Health and well-being,"HEALTH | VI — IHME GBD 2019, Valuing Impact"
São Tomé and Príncipe,STP,Sub-Saharan Africa,Lower middle income,186.1,diet_low_whole_grains,Diet,Diet low in whole grains,0.00331575879475827,DALY/capita,Human Capital,Health and well-being,"HEALTH | VI — IHME GBD 2019, Valuing Impact"
São Tomé and Príncipe,STP,Sub-Saharan Africa,Lower middle income,186.1,diet_risks_total,Diet,Dietary risks — aggregate,0.0113770102502505,DALY/capita,Human Capital,Health and well-being,"HEALTH | VI — IHME GBD 2019, Valuing Impact"
São Tomé and Príncipe,STP,Sub-Saharan Africa,Lower middle income,186.1,smoking,Lifestyle,Smoking — all causes,0.00618687865783784,DALY/capita,Human Capital,Health and well-being,"HEALTH | VI — IHME GBD 2019, Valuing Impact"
Suriname,SUR,Latin America & Caribbean,Upper middle income,298.93,wash_handwashing_diarrheal,WASH,No handwashing facility — diarrheal disease,0.000637829997174466,DALY/capita,Human Capital,Health and well-being,"HEALTH | VI — IHME GBD 2019, Valuing Impact"
Suriname,SUR,Latin America & Caribbean,Upper middle income,298.93,wash_sanitation_diarrheal,WASH,Unsafe sanitation — diarrheal disease,0.00110193530907566,DALY/capita,Human Capital,Health and well-being,"HEALTH | VI — IHME GBD 2019, Valuing Impact"
Suriname,SUR,Latin America & Caribbean,Upper middle income,298.93,wash_water_diarrheal,WASH,Unsafe water source — diarrheal disease,0.0033726922548801296,DALY/capita,Human Capital,Health and well-being,"HEALTH | VI — IHME GBD 2019, Valuing Impact"
Suriname,SUR,Latin America & Caribbean,Upper middle income,298.93,wash_handwashing_respiratory,WASH,No handwashing — lower respiratory infections,0.000694569226763427,DALY/capita,Human Capital,Health and well-being,"HEALTH | VI — IHME GBD 2019, Valuing Impact"
Suriname,SUR,Latin America & Caribbean,Upper middle income,298.93,ohs_secondhand_smoke,OHS,Second-hand smoke — all causes,0.00538935986912462,DALY/capita,Human Capital,Health and well-being,"HEALTH | VI — IHME GBD 2019, Valuing Impact"
Suriname,SUR,Latin America & Caribbean,Upper middle income,298.93,ohs_occupational_pm,OHS,Occupational PM/gases/fumes — all causes,0.00034552673541311303,DALY/capita,Human Capital,Health and well-being,"HEALTH | VI — IHME GBD 2019, Valuing Impact"
Suriname,SUR,Latin America & Caribbean,Upper middle income,298.93,ohs_occupational_injuries,OHS,Occupational injuries — all causes,0.00113175747578705,DALY/capita,Human Capital,Health and well-being,"HEALTH | VI — IHME GBD 2019, Valuing Impact"
Suriname,SUR,Latin America & Caribbean,Upper middle income,298.93,diet_processed_meat,Diet,Diet high in processed meat,0.00105229627791889,DALY/capita,Human Capital,Health and well-being,"HEALTH | VI — IHME GBD 2019, Valuing Impact"
Suriname,SUR,Latin America & Caribbean,Upper middle income,298.93,diet_red_meat,Diet,Diet high in red meat,0.0018471939130600401,DALY/capita,Human Capital,Health and well-being,"HEALTH | VI — IHME GBD 2019, Valuing Impact"
Suriname,SUR,Latin America & Caribbean,Upper middle income,298.93,diet_sodium,Diet,Diet high in sodium,0.0028854075724452297,DALY/capita,Human Capital,Health and well-being,"HEALTH | VI — IHME GBD 2019, Valuing Impact"
Suriname,SUR,Latin America & Caribbean,Upper middle income,298.93,diet_sugary_beverages,Diet,Diet high in sugar-sweetened beverages,0.00121003116259008,DALY/capita,Human Capital,Health and well-being,"HEALTH | VI — IHME GBD 2019, Valuing Impact"
Suriname,SUR,Latin America & Caribbean,Upper middle income,298.93,diet_trans_fats,Diet,Diet high in trans fats,0.00127892366678833,DALY/capita,Human Capital,Health and well-being,"HEALTH | VI — IHME GBD 2019, Valuing Impact"
Suriname,SUR,Latin America & Caribbean,Upper middle income,298.93,diet_low_vegetables,Diet,Diet low in vegetables,0.00329079488627771,DALY/capita,Human Capital,Health and well-being,"HEALTH | VI — IHME GBD 2019, Valuing Impact"
Suriname,SUR,Latin America & Caribbean,Upper middle income,298.93,diet_low_whole_grains,Diet,Diet low in whole grains,0.00581779645943352,DALY/capita,Human Capital,Health and well-being,"HEALTH | VI — IHME GBD 2019, Valuing Impact"
Suriname,SUR,Latin America & Caribbean,Upper middle income,298.93,diet_risks_total,Diet,Dietary risks — aggregate,0.025165363028187098,DALY/capita,Human Capital,Health and well-being,"HEALTH | VI — IHME GBD 2019, Valuing Impact"
Suriname,SUR,Latin America & Caribbean,Upper middle income,298.93,smoking,Lifestyle,Smoking — all causes,0.0234012477143308,DALY/capita,Human Capital,Health and well-being,"HEALTH | VI — IHME GBD 2019, Valuing Impact"
Slovak Republic,SVK,Europe & Central Asia,High income,1684.52,wash_handwashing_diarrheal,WASH,No handwashing facility — diarrheal disease,2.2439395349000502e-05,DALY/capita,Human Capital,Health and well-being,"HEALTH | VI — IHME GBD 2019, Valuing Impact"
Slovak Republic,SVK,Europe & Central Asia,High income,1684.52,wash_sanitation_diarrheal,WASH,Unsafe sanitation — diarrheal disease,5.57253609747755e-05,DALY/capita,Human Capital,Health and well-being,"HEALTH | VI — IHME GBD 2019, Valuing Impact"
Slovak Republic,SVK,Europe & Central Asia,High income,1684.52,wash_water_diarrheal,WASH,Unsafe water source — diarrheal disease,0.00033634219806184904,DALY/capita,Human Capital,Health and well-being,"HEALTH | VI — IHME GBD 2019, Valuing Impact"
Slovak Republic,SVK,Europe & Central Asia,High income,1684.52,wash_handwashing_respiratory,WASH,No handwashing — lower respiratory infections,5.3526073090725606e-05,DALY/capita,Human Capital,Health and well-being,"HEALTH | VI — IHME GBD 2019, Valuing Impact"
Slovak Republic,SVK,Europe & Central Asia,High income,1684.52,ohs_secondhand_smoke,OHS,Second-hand smoke — all causes,0.00537423815624145,DALY/capita,Human Capital,Health and well-being,"HEALTH | VI — IHME GBD 2019, Valuing Impact"
Slovak Republic,SVK,Europe & Central Asia,High income,1684.52,ohs_occupational_pm,OHS,Occupational PM/gases/fumes — all causes,0.00056352767458549,DALY/capita,Human Capital,Health and well-being,"HEALTH | VI — IHME GBD 2019, Valuing Impact"
Slovak Republic,SVK,Europe & Central Asia,High income,1684.52,ohs_occupational_injuries,OHS,Occupational injuries — all causes,0.00178218706434459,DALY/capita,Human Capital,Health and well-being,"HEALTH | VI — IHME GBD 2019, Valuing Impact"
Slovak Republic,SVK,Europe & Central Asia,High income,1684.52,diet_processed_meat,Diet,Diet high in processed meat,0.0038356602964118402,DALY/capita,Human Capital,Health and well-being,"HEALTH | VI — IHME GBD 2019, Valuing Impact"
Slovak Republic,SVK,Europe & Central Asia,High income,1684.52,diet_red_meat,Diet,Diet high in red meat,0.0058739676023412905,DALY/capita,Human Capital,Health and well-being,"HEALTH | VI — IHME GBD 2019, Valuing Impact"
Slovak Republic,SVK,Europe & Central Asia,High income,1684.52,diet_sodium,Diet,Diet high in sodium,0.0156600638571512,DALY/capita,Human Capital,Health and well-being,"HEALTH | VI — IHME GBD 2019, Valuing Impact"
Slovak Republic,SVK,Europe & Central Asia,High income,1684.52,diet_sugary_beverages,Diet,Diet high in sugar-sweetened beverages,0.0011236507668950801,DALY/capita,Human Capital,Health and well-being,"HEALTH | VI — IHME GBD 2019, Valuing Impact"
Slovak Republic,SVK,Europe & Central Asia,High income,1684.52,diet_trans_fats,Diet,Diet high in trans fats,0.00378372148170258,DALY/capita,Human Capital,Health and well-being,"HEALTH | VI — IHME GBD 2019, Valuing Impact"
Slovak Republic,SVK,Europe & Central Asia,High income,1684.52,diet_low_vegetables,Diet,Diet low in vegetables,0.00232453320443124,DALY/capita,Human Capital,Health and well-being,"HEALTH | VI — IHME GBD 2019, Valuing Impact"
Slovak Republic,SVK,Europe & Central Asia,High income,1684.52,diet_low_whole_grains,Diet,Diet low in whole grains,0.0115749597298998,DALY/capita,Human Capital,Health and well-being,"HEALTH | VI — IHME GBD 2019, Valuing Impact"
Slovak Republic,SVK,Europe & Central Asia,High income,1684.52,diet_risks_total,Diet,Dietary risks — aggregate,0.048627896429156096,DALY/capita,Human Capital,Health and well-being,"HEALTH | VI — IHME GBD 2019, Valuing Impact"
Slovak Republic,SVK,Europe & Central Asia,High income,1684.52,smoking,Lifestyle,Smoking — all causes,0.0418827853634211,DALY/capita,Human Capital,Health and well-being,"HEALTH | VI — IHME GBD 2019, Valuing Impact"
Slovenia,SVN,Europe & Central Asia,High income,2774.99,wash_handwashing_diarrheal,WASH,No handwashing facility — diarrheal disease,1.6404625152085498e-05,DALY/capita,Human Capital,Health and well-being,"HEALTH | VI — IHME GBD 2019, Valuing Impact"
Slovenia,SVN,Europe & Central Asia,High income,2774.99,wash_sanitation_diarrheal,WASH,Unsafe sanitation — diarrheal disease,6.07576794588157e-05,DALY/capita,Human Capital,Health and well-being,"HEALTH | VI — IHME GBD 2019, Valuing Impact"
Slovenia,SVN,Europe & Central Asia,High income,2774.99,wash_water_diarrheal,WASH,Unsafe water source — diarrheal disease,0.00021094602729024,DALY/capita,Human Capital,Health and well-being,"HEALTH | VI — IHME GBD 2019, Valuing Impact"
Slovenia,SVN,Europe & Central Asia,High income,2774.99,wash_handwashing_respiratory,WASH,No handwashing — lower respiratory infections,3.17124314949871e-05,DALY/capita,Human Capital,Health and well-being,"HEALTH | VI — IHME GBD 2019, Valuing Impact"
Slovenia,SVN,Europe & Central Asia,High income,2774.99,ohs_secondhand_smoke,OHS,Second-hand smoke — all causes,0.00381344596432782,DALY/capita,Human Capital,Health and well-being,"HEALTH | VI — IHME GBD 2019, Valuing Impact"
Slovenia,SVN,Europe & Central Asia,High income,2774.99,ohs_occupational_pm,OHS,Occupational PM/gases/fumes — all causes,0.000631775909167473,DALY/capita,Human Capital,Health and well-being,"HEALTH | VI — IHME GBD 2019, Valuing Impact"
Slovenia,SVN,Europe & Central Asia,High income,2774.99,ohs_occupational_injuries,OHS,Occupational injuries — all causes,0.00245562935595699,DALY/capita,Human Capital,Health and well-being,"HEALTH | VI — IHME GBD 2019, Valuing Impact"
Slovenia,SVN,Europe & Central Asia,High income,2774.99,diet_processed_meat,Diet,Diet high in processed meat,0.0034757365325524398,DALY/capita,Human Capital,Health and well-being,"HEALTH | VI — IHME GBD 2019, Valuing Impact"
Slovenia,SVN,Europe & Central Asia,High income,2774.99,diet_red_meat,Diet,Diet high in red meat,0.0042810322822601395,DALY/capita,Human Capital,Health and well-being,"HEALTH | VI — IHME GBD 2019, Valuing Impact"
Slovenia,SVN,Europe & Central Asia,High income,2774.99,diet_sodium,Diet,Diet high in sodium,0.0103056555234498,DALY/capita,Human Capital,Health and well-being,"HEALTH | VI — IHME GBD 2019, Valuing Impact"
Slovenia,SVN,Europe & Central Asia,High income,2774.99,diet_sugary_beverages,Diet,Diet high in sugar-sweetened beverages,0.000937146451669364,DALY/capita,Human Capital,Health and well-being,"HEALTH | VI — IHME GBD 2019, Valuing Impact"
Slovenia,SVN,Europe & Central Asia,High income,2774.99,diet_trans_fats,Diet,Diet high in trans fats,0.0020205960508603497,DALY/capita,Human Capital,Health and well-being,"HEALTH | VI — IHME GBD 2019, Valuing Impact"
Slovenia,SVN,Europe & Central Asia,High income,2774.99,diet_low_vegetables,Diet,Diet low in vegetables,0.00141493482558698,DALY/capita,Human Capital,Health and well-being,"HEALTH | VI — IHME GBD 2019, Valuing Impact"
Slovenia,SVN,Europe & Central Asia,High income,2774.99,diet_low_whole_grains,Diet,Diet low in whole grains,0.00535817322701339,DALY/capita,Human Capital,Health and well-being,"HEALTH | VI — IHME GBD 2019, Valuing Impact"
Slovenia,SVN,Europe & Central Asia,High income,2774.99,diet_risks_total,Diet,Dietary risks — aggregate,0.028524706328750298,DALY/capita,Human Capital,Health and well-being,"HEALTH | VI — IHME GBD 2019, Valuing Impact"
Slovenia,SVN,Europe & Central Asia,High income,2774.99,smoking,Lifestyle,Smoking — all causes,0.0386886280967294,DALY/capita,Human Capital,Health and well-being,"HEALTH | VI — IHME GBD 2019, Valuing Impact"
Sweden,SWE,Europe & Central Asia,High income,6900.78,wash_handwashing_diarrheal,WASH,No handwashing facility — diarrheal disease,2.68219387699092e-05,DALY/capita,Human Capital,Health and well-being,"HEALTH | VI — IHME GBD 2019, Valuing Impact"
Sweden,SWE,Europe & Central Asia,High income,6900.78,wash_sanitation_diarrheal,WASH,Unsafe sanitation — diarrheal disease,2.50344204677614e-05,DALY/capita,Human Capital,Health and well-being,"HEALTH | VI — IHME GBD 2019, Valuing Impact"
Sweden,SWE,Europe & Central Asia,High income,6900.78,wash_water_diarrheal,WASH,Unsafe water source — diarrheal disease,4.27135947779415e-05,DALY/capita,Human Capital,Health and well-being,"HEALTH | VI — IHME GBD 2019, Valuing Impact"
Sweden,SWE,Europe & Central Asia,High income,6900.78,wash_handwashing_respiratory,WASH,No handwashing — lower respiratory infections,3.0059263479932098e-05,DALY/capita,Human Capital,Health and well-being,"HEALTH | VI — IHME GBD 2019, Valuing Impact"
Sweden,SWE,Europe & Central Asia,High income,6900.78,ohs_secondhand_smoke,OHS,Second-hand smoke — all causes,0.00169709204590439,DALY/capita,Human Capital,Health and well-being,"HEALTH | VI — IHME GBD 2019, Valuing Impact"
Sweden,SWE,Europe & Central Asia,High income,6900.78,ohs_occupational_pm,OHS,Occupational PM/gases/fumes — all causes,0.0008049041081398281,DALY/capita,Human Capital,Health and well-being,"HEALTH | VI — IHME GBD 2019, Valuing Impact"
Sweden,SWE,Europe & Central Asia,High income,6900.78,ohs_occupational_injuries,OHS,Occupational injuries — all causes,0.00142421950410766,DALY/capita,Human Capital,Health and well-being,"HEALTH | VI — IHME GBD 2019, Valuing Impact"
Sweden,SWE,Europe & Central Asia,High income,6900.78,diet_processed_meat,Diet,Diet high in processed meat,0.0032375852015322404,DALY/capita,Human Capital,Health and well-being,"HEALTH | VI — IHME GBD 2019, Valuing Impact"
Sweden,SWE,Europe & Central Asia,High income,6900.78,diet_red_meat,Diet,Diet high in red meat,0.0039232805309711806,DALY/capita,Human Capital,Health and well-being,"HEALTH | VI — IHME GBD 2019, Valuing Impact"
Sweden,SWE,Europe & Central Asia,High income,6900.78,diet_sodium,Diet,Diet high in sodium,0.0023138153118158603,DALY/capita,Human Capital,Health and well-being,"HEALTH | VI — IHME GBD 2019, Valuing Impact"
Sweden,SWE,Europe & Central Asia,High income,6900.78,diet_sugary_beverages,Diet,Diet high in sugar-sweetened beverages,0.000778827577642016,DALY/capita,Human Capital,Health and well-being,"HEALTH | VI — IHME GBD 2019, Valuing Impact"
Sweden,SWE,Europe & Central Asia,High income,6900.78,diet_trans_fats,Diet,Diet high in trans fats,0.00109926065723049,DALY/capita,Human Capital,Health and well-being,"HEALTH | VI — IHME GBD 2019, Valuing Impact"
Sweden,SWE,Europe & Central Asia,High income,6900.78,diet_low_vegetables,Diet,Diet low in vegetables,0.00160742810268192,DALY/capita,Human Capital,Health and well-being,"HEALTH | VI — IHME GBD 2019, Valuing Impact"
Sweden,SWE,Europe & Central Asia,High income,6900.78,diet_low_whole_grains,Diet,Diet low in whole grains,0.0061463954811392,DALY/capita,Human Capital,Health and well-being,"HEALTH | VI — IHME GBD 2019, Valuing Impact"
Sweden,SWE,Europe & Central Asia,High income,6900.78,diet_risks_total,Diet,Dietary risks — aggregate,0.0220431243819342,DALY/capita,Human Capital,Health and well-being,"HEALTH | VI — IHME GBD 2019, Valuing Impact"
Sweden,SWE,Europe & Central Asia,High income,6900.78,smoking,Lifestyle,Smoking — all causes,0.029738531558927,DALY/capita,Human Capital,Health and well-being,"HEALTH | VI — IHME GBD 2019, Valuing Impact"
Eswatini,SWZ,Sub-Saharan Africa,Lower middle income,279.91,wash_handwashing_diarrheal,WASH,No handwashing facility — diarrheal disease,0.00661431346118503,DALY/capita,Human Capital,Health and well-being,"HEALTH | VI — IHME GBD 2019, Valuing Impact"
Eswatini,SWZ,Sub-Saharan Africa,Lower middle income,279.91,wash_sanitation_diarrheal,WASH,Unsafe sanitation — diarrheal disease,0.015099902675014,DALY/capita,Human Capital,Health and well-being,"HEALTH | VI — IHME GBD 2019, Valuing Impact"
Eswatini,SWZ,Sub-Saharan Africa,Lower middle income,279.91,wash_water_diarrheal,WASH,Unsafe water source — diarrheal disease,0.022098617271025602,DALY/capita,Human Capital,Health and well-being,"HEALTH | VI — IHME GBD 2019, Valuing Impact"
Eswatini,SWZ,Sub-Saharan Africa,Lower middle income,279.91,wash_handwashing_respiratory,WASH,No handwashing — lower respiratory infections,0.0054408245116693505,DALY/capita,Human Capital,Health and well-being,"HEALTH | VI — IHME GBD 2019, Valuing Impact"
Eswatini,SWZ,Sub-Saharan Africa,Lower middle income,279.91,ohs_secondhand_smoke,OHS,Second-hand smoke — all causes,0.00270383817926925,DALY/capita,Human Capital,Health and well-being,"HEALTH | VI — IHME GBD 2019, Valuing Impact"
Eswatini,SWZ,Sub-Saharan Africa,Lower middle income,279.91,ohs_occupational_pm,OHS,Occupational PM/gases/fumes — all causes,0.000736954513317873,DALY/capita,Human Capital,Health and well-being,"HEALTH | VI — IHME GBD 2019, Valuing Impact"
Eswatini,SWZ,Sub-Saharan Africa,Lower middle income,279.91,ohs_occupational_injuries,OHS,Occupational injuries — all causes,0.00120450607178026,DALY/capita,Human Capital,Health and well-being,"HEALTH | VI — IHME GBD 2019, Valuing Impact"
Eswatini,SWZ,Sub-Saharan Africa,Lower middle income,279.91,diet_processed_meat,Diet,Diet high in processed meat,0.000721709302539454,DALY/capita,Human Capital,Health and well-being,"HEALTH | VI — IHME GBD 2019, Valuing Impact"
Eswatini,SWZ,Sub-Saharan Africa,Lower middle income,279.91,diet_red_meat,Diet,Diet high in red meat,0.0027129447652231697,DALY/capita,Human Capital,Health and well-being,"HEALTH | VI — IHME GBD 2019, Valuing Impact"
Eswatini,SWZ,Sub-Saharan Africa,Lower middle income,279.91,diet_sodium,Diet,Diet high in sodium,0.0019588856301396102,DALY/capita,Human Capital,Health and well-being,"HEALTH | VI — IHME GBD 2019, Valuing Impact"
Eswatini,SWZ,Sub-Saharan Africa,Lower middle income,279.91,diet_sugary_beverages,Diet,Diet high in sugar-sweetened beverages,0.0007424733090899499,DALY/capita,Human Capital,Health and well-being,"HEALTH | VI — IHME GBD 2019, Valuing Impact"
Eswatini,SWZ,Sub-Saharan Africa,Lower middle income,279.91,diet_trans_fats,Diet,Diet high in trans fats,0.00056211506087747,DALY/capita,Human Capital,Health and well-being,"HEALTH | VI — IHME GBD 2019, Valuing Impact"
Eswatini,SWZ,Sub-Saharan Africa,Lower middle income,279.91,diet_low_vegetables,Diet,Diet low in vegetables,0.00258984948764524,DALY/capita,Human Capital,Health and well-being,"HEALTH | VI — IHME GBD 2019, Valuing Impact"
Eswatini,SWZ,Sub-Saharan Africa,Lower middle income,279.91,diet_low_whole_grains,Diet,Diet low in whole grains,0.00266763036958013,DALY/capita,Human Capital,Health and well-being,"HEALTH | VI — IHME GBD 2019, Valuing Impact"
Eswatini,SWZ,Sub-Saharan Africa,Lower middle income,279.91,diet_risks_total,Diet,Dietary risks — aggregate,0.0166146048510591,DALY/capita,Human Capital,Health and well-being,"HEALTH | VI — IHME GBD 2019, Valuing Impact"
Eswatini,SWZ,Sub-Saharan Africa,Lower middle income,279.91,smoking,Lifestyle,Smoking — all causes,0.00944861908564877,DALY/capita,Human Capital,Health and well-being,"HEALTH | VI — IHME GBD 2019, Valuing Impact"
Sint Maarten (Dutch part),SXM,Latin America & Caribbean,High income,0.0,diet_processed_meat,Diet,Diet high in processed meat,0.0,DALY/capita,Human Capital,Health and well-being,"HEALTH | VI — IHME GBD 2019, Valuing Impact"
Sint Maarten (Dutch part),SXM,Latin America & Caribbean,High income,0.0,diet_red_meat,Diet,Diet high in red meat,0.0,DALY/capita,Human Capital,Health and well-being,"HEALTH | VI — IHME GBD 2019, Valuing Impact"
Sint Maarten (Dutch part),SXM,Latin America & Caribbean,High income,0.0,diet_sodium,Diet,Diet high in sodium,0.0,DALY/capita,Human Capital,Health and well-being,"HEALTH | VI — IHME GBD 2019, Valuing Impact"
Sint Maarten (Dutch part),SXM,Latin America & Caribbean,High income,0.0,diet_sugary_beverages,Diet,Diet high in sugar-sweetened beverages,0.0,DALY/capita,Human Capital,Health and well-being,"HEALTH | VI — IHME GBD 2019, Valuing Impact"
Sint Maarten (Dutch part),SXM,Latin America & Caribbean,High income,0.0,diet_trans_fats,Diet,Diet high in trans fats,0.0,DALY/capita,Human Capital,Health and well-being,"HEALTH | VI — IHME GBD 2019, Valuing Impact"
Sint Maarten (Dutch part),SXM,Latin America & Caribbean,High income,0.0,diet_low_vegetables,Diet,Diet low in vegetables,0.0,DALY/capita,Human Capital,Health and well-being,"HEALTH | VI — IHME GBD 2019, Valuing Impact"
Sint Maarten (Dutch part),SXM,Latin America & Caribbean,High income,0.0,diet_low_whole_grains,Diet,Diet low in whole grains,0.0,DALY/capita,Human Capital,Health and well-being,"HEALTH | VI — IHME GBD 2019, Valuing Impact"
Sint Maarten (Dutch part),SXM,Latin America & Caribbean,High income,0.0,diet_risks_total,Diet,Dietary risks — aggregate,0.0,DALY/capita,Human Capital,Health and well-being,"HEALTH | VI — IHME GBD 2019, Valuing Impact"
Seychelles,SYC,Sub-Saharan Africa,High income,718.49,wash_handwashing_diarrheal,WASH,No handwashing facility — diarrheal disease,0.000137611615965813,DALY/capita,Human Capital,Health and well-being,"HEALTH | VI — IHME GBD 2019, Valuing Impact"
Seychelles,SYC,Sub-Saharan Africa,High income,718.49,wash_sanitation_diarrheal,WASH,Unsafe sanitation — diarrheal disease,0.00035876095806521696,DALY/capita,Human Capital,Health and well-being,"HEALTH | VI — IHME GBD 2019, Valuing Impact"
Seychelles,SYC,Sub-Saharan Africa,High income,718.49,wash_water_diarrheal,WASH,Unsafe water source — diarrheal disease,0.00155541761953209,DALY/capita,Human Capital,Health and well-being,"HEALTH | VI — IHME GBD 2019, Valuing Impact"
Seychelles,SYC,Sub-Saharan Africa,High income,718.49,wash_handwashing_respiratory,WASH,No handwashing — lower respiratory infections,0.000669201319995666,DALY/capita,Human Capital,Health and well-being,"HEALTH | VI — IHME GBD 2019, Valuing Impact"
Seychelles,SYC,Sub-Saharan Africa,High income,718.49,ohs_secondhand_smoke,OHS,Second-hand smoke — all causes,0.00565198112588337,DALY/capita,Human Capital,Health and well-being,"HEALTH | VI — IHME GBD 2019, Valuing Impact"
Seychelles,SYC,Sub-Saharan Africa,High income,718.49,ohs_occupational_pm,OHS,Occupational PM/gases/fumes — all causes,0.000912050419085837,DALY/capita,Human Capital,Health and well-being,"HEALTH | VI — IHME GBD 2019, Valuing Impact"
Seychelles,SYC,Sub-Saharan Africa,High income,718.49,ohs_occupational_injuries,OHS,Occupational injuries — all causes,0.00178876914812689,DALY/capita,Human Capital,Health and well-being,"HEALTH | VI — IHME GBD 2019, Valuing Impact"
Seychelles,SYC,Sub-Saharan Africa,High income,718.49,diet_processed_meat,Diet,Diet high in processed meat,0.000410840753110406,DALY/capita,Human Capital,Health and well-being,"HEALTH | VI — IHME GBD 2019, Valuing Impact"
Seychelles,SYC,Sub-Saharan Africa,High income,718.49,diet_red_meat,Diet,Diet high in red meat,0.00170245239937844,DALY/capita,Human Capital,Health and well-being,"HEALTH | VI — IHME GBD 2019, Valuing Impact"
Seychelles,SYC,Sub-Saharan Africa,High income,718.49,diet_sodium,Diet,Diet high in sodium,0.006670510514090551,DALY/capita,Human Capital,Health and well-being,"HEALTH | VI — IHME GBD 2019, Valuing Impact"
Seychelles,SYC,Sub-Saharan Africa,High income,718.49,diet_sugary_beverages,Diet,Diet high in sugar-sweetened beverages,0.00134576942205189,DALY/capita,Human Capital,Health and well-being,"HEALTH | VI — IHME GBD 2019, Valuing Impact"
Seychelles,SYC,Sub-Saharan Africa,High income,718.49,diet_trans_fats,Diet,Diet high in trans fats,0.00120767170270359,DALY/capita,Human Capital,Health and well-being,"HEALTH | VI — IHME GBD 2019, Valuing Impact"
Seychelles,SYC,Sub-Saharan Africa,High income,718.49,diet_low_vegetables,Diet,Diet low in vegetables,0.0034687565263029,DALY/capita,Human Capital,Health and well-being,"HEALTH | VI — IHME GBD 2019, Valuing Impact"
Seychelles,SYC,Sub-Saharan Africa,High income,718.49,diet_low_whole_grains,Diet,Diet low in whole grains,0.00527109965888946,DALY/capita,Human Capital,Health and well-being,"HEALTH | VI — IHME GBD 2019, Valuing Impact"
Seychelles,SYC,Sub-Saharan Africa,High income,718.49,diet_risks_total,Diet,Dietary risks — aggregate,0.026250500375355,DALY/capita,Human Capital,Health and well-being,"HEALTH | VI — IHME GBD 2019, Valuing Impact"
Seychelles,SYC,Sub-Saharan Africa,High income,718.49,smoking,Lifestyle,Smoking — all causes,0.0301850801649616,DALY/capita,Human Capital,Health and well-being,"HEALTH | VI — IHME GBD 2019, Valuing Impact"
Syrian Arab Republic,SYR,Middle East & North Africa,Low income,0.0,wash_handwashing_diarrheal,WASH,No handwashing facility — diarrheal disease,0.000150136494570558,DALY/capita,Human Capital,Health and well-being,"HEALTH | VI — IHME GBD 2019, Valuing Impact"
Syrian Arab Republic,SYR,Middle East & North Africa,Low income,0.0,wash_sanitation_diarrheal,WASH,Unsafe sanitation — diarrheal disease,0.00034026656244578497,DALY/capita,Human Capital,Health and well-being,"HEALTH | VI — IHME GBD 2019, Valuing Impact"
Syrian Arab Republic,SYR,Middle East & North Africa,Low income,0.0,wash_water_diarrheal,WASH,Unsafe water source — diarrheal disease,0.00108389957517916,DALY/capita,Human Capital,Health and well-being,"HEALTH | VI — IHME GBD 2019, Valuing Impact"
Syrian Arab Republic,SYR,Middle East & North Africa,Low income,0.0,wash_handwashing_respiratory,WASH,No handwashing — lower respiratory infections,0.000267269036551627,DALY/capita,Human Capital,Health and well-being,"HEALTH | VI — IHME GBD 2019, Valuing Impact"
Syrian Arab Republic,SYR,Middle East & North Africa,Low income,0.0,ohs_secondhand_smoke,OHS,Second-hand smoke — all causes,0.0065042829754342595,DALY/capita,Human Capital,Health and well-being,"HEALTH | VI — IHME GBD 2019, Valuing Impact"
Syrian Arab Republic,SYR,Middle East & North Africa,Low income,0.0,ohs_occupational_pm,OHS,Occupational PM/gases/fumes — all causes,0.00046988149494088603,DALY/capita,Human Capital,Health and well-being,"HEALTH | VI — IHME GBD 2019, Valuing Impact"
Syrian Arab Republic,SYR,Middle East & North Africa,Low income,0.0,ohs_occupational_injuries,OHS,Occupational injuries — all causes,0.0021796750473992298,DALY/capita,Human Capital,Health and well-being,"HEALTH | VI — IHME GBD 2019, Valuing Impact"
Syrian Arab Republic,SYR,Middle East & North Africa,Low income,0.0,diet_processed_meat,Diet,Diet high in processed meat,0.000648738682358551,DALY/capita,Human Capital,Health and well-being,"HEALTH | VI — IHME GBD 2019, Valuing Impact"
Syrian Arab Republic,SYR,Middle East & North Africa,Low income,0.0,diet_red_meat,Diet,Diet high in red meat,0.0028465957459249502,DALY/capita,Human Capital,Health and well-being,"HEALTH | VI — IHME GBD 2019, Valuing Impact"
Syrian Arab Republic,SYR,Middle East & North Africa,Low income,0.0,diet_sodium,Diet,Diet high in sodium,0.00168182362533103,DALY/capita,Human Capital,Health and well-being,"HEALTH | VI — IHME GBD 2019, Valuing Impact"
Syrian Arab Republic,SYR,Middle East & North Africa,Low income,0.0,diet_sugary_beverages,Diet,Diet high in sugar-sweetened beverages,0.00104344087781236,DALY/capita,Human Capital,Health and well-being,"HEALTH | VI — IHME GBD 2019, Valuing Impact"
Syrian Arab Republic,SYR,Middle East & North Africa,Low income,0.0,diet_trans_fats,Diet,Diet high in trans fats,0.00394733925619878,DALY/capita,Human Capital,Health and well-being,"HEALTH | VI — IHME GBD 2019, Valuing Impact"
Syrian Arab Republic,SYR,Middle East & North Africa,Low income,0.0,diet_low_vegetables,Diet,Diet low in vegetables,0.0032228023853754202,DALY/capita,Human Capital,Health and well-being,"HEALTH | VI — IHME GBD 2019, Valuing Impact"
Syrian Arab Republic,SYR,Middle East & North Africa,Low income,0.0,diet_low_whole_grains,Diet,Diet low in whole grains,0.014534541037101402,DALY/capita,Human Capital,Health and well-being,"HEALTH | VI — IHME GBD 2019, Valuing Impact"
Syrian Arab Republic,SYR,Middle East & North Africa,Low income,0.0,diet_risks_total,Diet,Dietary risks — aggregate,0.0334513930017144,DALY/capita,Human Capital,Health and well-being,"HEALTH | VI — IHME GBD 2019, Valuing Impact"
Syrian Arab Republic,SYR,Middle East & North Africa,Low income,0.0,smoking,Lifestyle,Smoking — all causes,0.0275563980640852,DALY/capita,Human Capital,Health and well-being,"HEALTH | VI — IHME GBD 2019, Valuing Impact"
Turks and Caicos Islands,TCA,Latin America & Caribbean,High income,0.0,diet_processed_meat,Diet,Diet high in processed meat,0.0,DALY/capita,Human Capital,Health and well-being,"HEALTH | VI — IHME GBD 2019, Valuing Impact"
Turks and Caicos Islands,TCA,Latin America & Caribbean,High income,0.0,diet_red_meat,Diet,Diet high in red meat,0.0,DALY/capita,Human Capital,Health and well-being,"HEALTH | VI — IHME GBD 2019, Valuing Impact"
Turks and Caicos Islands,TCA,Latin America & Caribbean,High income,0.0,diet_sodium,Diet,Diet high in sodium,0.0,DALY/capita,Human Capital,Health and well-being,"HEALTH | VI — IHME GBD 2019, Valuing Impact"
Turks and Caicos Islands,TCA,Latin America & Caribbean,High income,0.0,diet_sugary_beverages,Diet,Diet high in sugar-sweetened beverages,0.0,DALY/capita,Human Capital,Health and well-being,"HEALTH | VI — IHME GBD 2019, Valuing Impact"
Turks and Caicos Islands,TCA,Latin America & Caribbean,High income,0.0,diet_trans_fats,Diet,Diet high in trans fats,0.0,DALY/capita,Human Capital,Health and well-being,"HEALTH | VI — IHME GBD 2019, Valuing Impact"
Turks and Caicos Islands,TCA,Latin America & Caribbean,High income,0.0,diet_low_vegetables,Diet,Diet low in vegetables,0.0,DALY/capita,Human Capital,Health and well-being,"HEALTH | VI — IHME GBD 2019, Valuing Impact"
Turks and Caicos Islands,TCA,Latin America & Caribbean,High income,0.0,diet_low_whole_grains,Diet,Diet low in whole grains,0.0,DALY/capita,Human Capital,Health and well-being,"HEALTH | VI — IHME GBD 2019, Valuing Impact"
Turks and Caicos Islands,TCA,Latin America & Caribbean,High income,0.0,diet_risks_total,Diet,Dietary risks — aggregate,0.0,DALY/capita,Human Capital,Health and well-being,"HEALTH | VI — IHME GBD 2019, Valuing Impact"
Chad,TCD,Sub-Saharan Africa,Low income,35.63,wash_handwashing_diarrheal,WASH,No handwashing facility — diarrheal disease,0.0480000817163331,DALY/capita,Human Capital,Health and well-being,"HEALTH | VI — IHME GBD 2019, Valuing Impact"
Chad,TCD,Sub-Saharan Africa,Low income,35.63,wash_sanitation_diarrheal,WASH,Unsafe sanitation — diarrheal disease,0.0979075163563318,DALY/capita,Human Capital,Health and well-being,"HEALTH | VI — IHME GBD 2019, Valuing Impact"
Chad,TCD,Sub-Saharan Africa,Low income,35.63,wash_water_diarrheal,WASH,Unsafe water source — diarrheal disease,0.12961991074412002,DALY/capita,Human Capital,Health and well-being,"HEALTH | VI — IHME GBD 2019, Valuing Impact"
Chad,TCD,Sub-Saharan Africa,Low income,35.63,wash_handwashing_respiratory,WASH,No handwashing — lower respiratory infections,0.0189128517149567,DALY/capita,Human Capital,Health and well-being,"HEALTH | VI — IHME GBD 2019, Valuing Impact"
Chad,TCD,Sub-Saharan Africa,Low income,35.63,ohs_secondhand_smoke,OHS,Second-hand smoke — all causes,0.004842137995150941,DALY/capita,Human Capital,Health and well-being,"HEALTH | VI — IHME GBD 2019, Valuing Impact"
Chad,TCD,Sub-Saharan Africa,Low income,35.63,ohs_occupational_pm,OHS,Occupational PM/gases/fumes — all causes,0.00044451730620252597,DALY/capita,Human Capital,Health and well-being,"HEALTH | VI — IHME GBD 2019, Valuing Impact"
Chad,TCD,Sub-Saharan Africa,Low income,35.63,ohs_occupational_injuries,OHS,Occupational injuries — all causes,0.00256295119094288,DALY/capita,Human Capital,Health and well-being,"HEALTH | VI — IHME GBD 2019, Valuing Impact"
Chad,TCD,Sub-Saharan Africa,Low income,35.63,diet_processed_meat,Diet,Diet high in processed meat,0.000387585536023919,DALY/capita,Human Capital,Health and well-being,"HEALTH | VI — IHME GBD 2019, Valuing Impact"
Chad,TCD,Sub-Saharan Africa,Low income,35.63,diet_red_meat,Diet,Diet high in red meat,0.000923077419970015,DALY/capita,Human Capital,Health and well-being,"HEALTH | VI — IHME GBD 2019, Valuing Impact"
Chad,TCD,Sub-Saharan Africa,Low income,35.63,diet_sodium,Diet,Diet high in sodium,0.0012953374408640498,DALY/capita,Human Capital,Health and well-being,"HEALTH | VI — IHME GBD 2019, Valuing Impact"
Chad,TCD,Sub-Saharan Africa,Low income,35.63,diet_sugary_beverages,Diet,Diet high in sugar-sweetened beverages,0.000406683031434484,DALY/capita,Human Capital,Health and well-being,"HEALTH | VI — IHME GBD 2019, Valuing Impact"
Chad,TCD,Sub-Saharan Africa,Low income,35.63,diet_trans_fats,Diet,Diet high in trans fats,0.000370935450368271,DALY/capita,Human Capital,Health and well-being,"HEALTH | VI — IHME GBD 2019, Valuing Impact"
Chad,TCD,Sub-Saharan Africa,Low income,35.63,diet_low_vegetables,Diet,Diet low in vegetables,0.00172623518855777,DALY/capita,Human Capital,Health and well-being,"HEALTH | VI — IHME GBD 2019, Valuing Impact"
Chad,TCD,Sub-Saharan Africa,Low income,35.63,diet_low_whole_grains,Diet,Diet low in whole grains,0.0025844131284217297,DALY/capita,Human Capital,Health and well-being,"HEALTH | VI — IHME GBD 2019, Valuing Impact"
Chad,TCD,Sub-Saharan Africa,Low income,35.63,diet_risks_total,Diet,Dietary risks — aggregate,0.009586726603976801,DALY/capita,Human Capital,Health and well-being,"HEALTH | VI — IHME GBD 2019, Valuing Impact"
Chad,TCD,Sub-Saharan Africa,Low income,35.63,smoking,Lifestyle,Smoking — all causes,0.00565220411835565,DALY/capita,Human Capital,Health and well-being,"HEALTH | VI — IHME GBD 2019, Valuing Impact"
Togo,TGO,Sub-Saharan Africa,Low income,54.15,wash_handwashing_diarrheal,WASH,No handwashing facility — diarrheal disease,0.0179279273756307,DALY/capita,Human Capital,Health and well-being,"HEALTH | VI — IHME GBD 2019, Valuing Impact"
Togo,TGO,Sub-Saharan Africa,Low income,54.15,wash_sanitation_diarrheal,WASH,Unsafe sanitation — diarrheal disease,0.034111194587908296,DALY/capita,Human Capital,Health and well-being,"HEALTH | VI — IHME GBD 2019, Valuing Impact"
Togo,TGO,Sub-Saharan Africa,Low income,54.15,wash_water_diarrheal,WASH,Unsafe water source — diarrheal disease,0.0484959733229551,DALY/capita,Human Capital,Health and well-being,"HEALTH | VI — IHME GBD 2019, Valuing Impact"
Togo,TGO,Sub-Saharan Africa,Low income,54.15,wash_handwashing_respiratory,WASH,No handwashing — lower respiratory infections,0.00584231339404237,DALY/capita,Human Capital,Health and well-being,"HEALTH | VI — IHME GBD 2019, Valuing Impact"
Togo,TGO,Sub-Saharan Africa,Low income,54.15,ohs_secondhand_smoke,OHS,Second-hand smoke — all causes,0.0027258950765297,DALY/capita,Human Capital,Health and well-being,"HEALTH | VI — IHME GBD 2019, Valuing Impact"
Togo,TGO,Sub-Saharan Africa,Low income,54.15,ohs_occupational_pm,OHS,Occupational PM/gases/fumes — all causes,0.000615281993748337,DALY/capita,Human Capital,Health and well-being,"HEALTH | VI — IHME GBD 2019, Valuing Impact"
Togo,TGO,Sub-Saharan Africa,Low income,54.15,ohs_occupational_injuries,OHS,Occupational injuries — all causes,0.00279044008454094,DALY/capita,Human Capital,Health and well-being,"HEALTH | VI — IHME GBD 2019, Valuing Impact"
Togo,TGO,Sub-Saharan Africa,Low income,54.15,diet_processed_meat,Diet,Diet high in processed meat,0.0005568681326437219,DALY/capita,Human Capital,Health and well-being,"HEALTH | VI — IHME GBD 2019, Valuing Impact"
Togo,TGO,Sub-Saharan Africa,Low income,54.15,diet_red_meat,Diet,Diet high in red meat,0.000582631013149681,DALY/capita,Human Capital,Health and well-being,"HEALTH | VI — IHME GBD 2019, Valuing Impact"
Togo,TGO,Sub-Saharan Africa,Low income,54.15,diet_sodium,Diet,Diet high in sodium,0.00175040230379155,DALY/capita,Human Capital,Health and well-being,"HEALTH | VI — IHME GBD 2019, Valuing Impact"
Togo,TGO,Sub-Saharan Africa,Low income,54.15,diet_sugary_beverages,Diet,Diet high in sugar-sweetened beverages,0.000428477084160287,DALY/capita,Human Capital,Health and well-being,"HEALTH | VI — IHME GBD 2019, Valuing Impact"
Togo,TGO,Sub-Saharan Africa,Low income,54.15,diet_trans_fats,Diet,Diet high in trans fats,0.000578680249985957,DALY/capita,Human Capital,Health and well-being,"HEALTH | VI — IHME GBD 2019, Valuing Impact"
Togo,TGO,Sub-Saharan Africa,Low income,54.15,diet_low_vegetables,Diet,Diet low in vegetables,0.00232480953089998,DALY/capita,Human Capital,Health and well-being,"HEALTH | VI — IHME GBD 2019, Valuing Impact"
Togo,TGO,Sub-Saharan Africa,Low income,54.15,diet_low_whole_grains,Diet,Diet low in whole grains,0.00246946934306098,DALY/capita,Human Capital,Health and well-being,"HEALTH | VI — IHME GBD 2019, Valuing Impact"
Togo,TGO,Sub-Saharan Africa,Low income,54.15,diet_risks_total,Diet,Dietary risks — aggregate,0.0120115053868552,DALY/capita,Human Capital,Health and well-being,"HEALTH | VI — IHME GBD 2019, Valuing Impact"
Togo,TGO,Sub-Saharan Africa,Low income,54.15,smoking,Lifestyle,Smoking — all causes,0.009095726630310219,DALY/capita,Human Capital,Health and well-being,"HEALTH | VI — IHME GBD 2019, Valuing Impact"
Thailand,THA,East Asia & Pacific,Upper middle income,364.37,wash_handwashing_diarrheal,WASH,No handwashing facility — diarrheal disease,0.00034209871565248496,DALY/capita,Human Capital,Health and well-being,"HEALTH | VI — IHME GBD 2019, Valuing Impact"
Thailand,THA,East Asia & Pacific,Upper middle income,364.37,wash_sanitation_diarrheal,WASH,Unsafe sanitation — diarrheal disease,0.000122722365746022,DALY/capita,Human Capital,Health and well-being,"HEALTH | VI — IHME GBD 2019, Valuing Impact"
Thailand,THA,East Asia & Pacific,Upper middle income,364.37,wash_water_diarrheal,WASH,Unsafe water source — diarrheal disease,0.0023656760126287697,DALY/capita,Human Capital,Health and well-being,"HEALTH | VI — IHME GBD 2019, Valuing Impact"
Thailand,THA,East Asia & Pacific,Upper middle income,364.37,wash_handwashing_respiratory,WASH,No handwashing — lower respiratory infections,0.000642945442193305,DALY/capita,Human Capital,Health and well-being,"HEALTH | VI — IHME GBD 2019, Valuing Impact"
Thailand,THA,East Asia & Pacific,Upper middle income,364.37,ohs_secondhand_smoke,OHS,Second-hand smoke — all causes,0.00374307609867777,DALY/capita,Human Capital,Health and well-being,"HEALTH | VI — IHME GBD 2019, Valuing Impact"
Thailand,THA,East Asia & Pacific,Upper middle income,364.37,ohs_occupational_pm,OHS,Occupational PM/gases/fumes — all causes,0.00130763550102335,DALY/capita,Human Capital,Health and well-being,"HEALTH | VI — IHME GBD 2019, Valuing Impact"
Thailand,THA,East Asia & Pacific,Upper middle income,364.37,ohs_occupational_injuries,OHS,Occupational injuries — all causes,0.00342728326636729,DALY/capita,Human Capital,Health and well-being,"HEALTH | VI — IHME GBD 2019, Valuing Impact"
Thailand,THA,East Asia & Pacific,Upper middle income,364.37,diet_processed_meat,Diet,Diet high in processed meat,0.000294632188105943,DALY/capita,Human Capital,Health and well-being,"HEALTH | VI — IHME GBD 2019, Valuing Impact"
Thailand,THA,East Asia & Pacific,Upper middle income,364.37,diet_red_meat,Diet,Diet high in red meat,0.00197875238868703,DALY/capita,Human Capital,Health and well-being,"HEALTH | VI — IHME GBD 2019, Valuing Impact"
Thailand,THA,East Asia & Pacific,Upper middle income,364.37,diet_sodium,Diet,Diet high in sodium,0.00521773412507387,DALY/capita,Human Capital,Health and well-being,"HEALTH | VI — IHME GBD 2019, Valuing Impact"
Thailand,THA,East Asia & Pacific,Upper middle income,364.37,diet_sugary_beverages,Diet,Diet high in sugar-sweetened beverages,0.000710462905287348,DALY/capita,Human Capital,Health and well-being,"HEALTH | VI — IHME GBD 2019, Valuing Impact"
Thailand,THA,East Asia & Pacific,Upper middle income,364.37,diet_trans_fats,Diet,Diet high in trans fats,0.000662159734796346,DALY/capita,Human Capital,Health and well-being,"HEALTH | VI — IHME GBD 2019, Valuing Impact"
Thailand,THA,East Asia & Pacific,Upper middle income,364.37,diet_low_vegetables,Diet,Diet low in vegetables,0.00233776963085704,DALY/capita,Human Capital,Health and well-being,"HEALTH | VI — IHME GBD 2019, Valuing Impact"
Thailand,THA,East Asia & Pacific,Upper middle income,364.37,diet_low_whole_grains,Diet,Diet low in whole grains,0.0029511646976897498,DALY/capita,Human Capital,Health and well-being,"HEALTH | VI — IHME GBD 2019, Valuing Impact"
Thailand,THA,East Asia & Pacific,Upper middle income,364.37,diet_risks_total,Diet,Dietary risks — aggregate,0.0185229023982518,DALY/capita,Human Capital,Health and well-being,"HEALTH | VI — IHME GBD 2019, Valuing Impact"
Thailand,THA,East Asia & Pacific,Upper middle income,364.37,smoking,Lifestyle,Smoking — all causes,0.0242717808344498,DALY/capita,Human Capital,Health and well-being,"HEALTH | VI — IHME GBD 2019, Valuing Impact"
Tajikistan,TJK,Europe & Central Asia,Lower middle income,73.43,wash_handwashing_diarrheal,WASH,No handwashing facility — diarrheal disease,0.000970249554714221,DALY/capita,Human Capital,Health and well-being,"HEALTH | VI — IHME GBD 2019, Valuing Impact"
Tajikistan,TJK,Europe & Central Asia,Lower middle income,73.43,wash_sanitation_diarrheal,WASH,Unsafe sanitation — diarrheal disease,0.00498256623015379,DALY/capita,Human Capital,Health and well-being,"HEALTH | VI — IHME GBD 2019, Valuing Impact"
Tajikistan,TJK,Europe & Central Asia,Lower middle income,73.43,wash_water_diarrheal,WASH,Unsafe water source — diarrheal disease,0.0058956342696747195,DALY/capita,Human Capital,Health and well-being,"HEALTH | VI — IHME GBD 2019, Valuing Impact"
Tajikistan,TJK,Europe & Central Asia,Lower middle income,73.43,wash_handwashing_respiratory,WASH,No handwashing — lower respiratory infections,0.0016727193008011301,DALY/capita,Human Capital,Health and well-being,"HEALTH | VI — IHME GBD 2019, Valuing Impact"
Tajikistan,TJK,Europe & Central Asia,Lower middle income,73.43,ohs_secondhand_smoke,OHS,Second-hand smoke — all causes,0.00593723728495848,DALY/capita,Human Capital,Health and well-being,"HEALTH | VI — IHME GBD 2019, Valuing Impact"
Tajikistan,TJK,Europe & Central Asia,Lower middle income,73.43,ohs_occupational_pm,OHS,Occupational PM/gases/fumes — all causes,0.00035810485062910403,DALY/capita,Human Capital,Health and well-being,"HEALTH | VI — IHME GBD 2019, Valuing Impact"
Tajikistan,TJK,Europe & Central Asia,Lower middle income,73.43,ohs_occupational_injuries,OHS,Occupational injuries — all causes,0.00197053507297123,DALY/capita,Human Capital,Health and well-being,"HEALTH | VI — IHME GBD 2019, Valuing Impact"
Tajikistan,TJK,Europe & Central Asia,Lower middle income,73.43,diet_processed_meat,Diet,Diet high in processed meat,0.00136926497063637,DALY/capita,Human Capital,Health and well-being,"HEALTH | VI — IHME GBD 2019, Valuing Impact"
Tajikistan,TJK,Europe & Central Asia,Lower middle income,73.43,diet_red_meat,Diet,Diet high in red meat,0.0019293451799852702,DALY/capita,Human Capital,Health and well-being,"HEALTH | VI — IHME GBD 2019, Valuing Impact"
Tajikistan,TJK,Europe & Central Asia,Lower middle income,73.43,diet_sodium,Diet,Diet high in sodium,0.00401742377255197,DALY/capita,Human Capital,Health and well-being,"HEALTH | VI — IHME GBD 2019, Valuing Impact"
Tajikistan,TJK,Europe & Central Asia,Lower middle income,73.43,diet_sugary_beverages,Diet,Diet high in sugar-sweetened beverages,0.00110873066406043,DALY/capita,Human Capital,Health and well-being,"HEALTH | VI — IHME GBD 2019, Valuing Impact"
Tajikistan,TJK,Europe & Central Asia,Lower middle income,73.43,diet_trans_fats,Diet,Diet high in trans fats,0.0020368024349819,DALY/capita,Human Capital,Health and well-being,"HEALTH | VI — IHME GBD 2019, Valuing Impact"
Tajikistan,TJK,Europe & Central Asia,Lower middle income,73.43,diet_low_vegetables,Diet,Diet low in vegetables,0.000499405475765314,DALY/capita,Human Capital,Health and well-being,"HEALTH | VI — IHME GBD 2019, Valuing Impact"
Tajikistan,TJK,Europe & Central Asia,Lower middle income,73.43,diet_low_whole_grains,Diet,Diet low in whole grains,0.00933777986977802,DALY/capita,Human Capital,Health and well-being,"HEALTH | VI — IHME GBD 2019, Valuing Impact"
Tajikistan,TJK,Europe & Central Asia,Lower middle income,73.43,diet_risks_total,Diet,Dietary risks — aggregate,0.028525165643363198,DALY/capita,Human Capital,Health and well-being,"HEALTH | VI — IHME GBD 2019, Valuing Impact"
Tajikistan,TJK,Europe & Central Asia,Lower middle income,73.43,smoking,Lifestyle,Smoking — all causes,0.0150691150061248,DALY/capita,Human Capital,Health and well-being,"HEALTH | VI — IHME GBD 2019, Valuing Impact"
Turkmenistan,TKM,Europe & Central Asia,Upper middle income,565.26,wash_handwashing_diarrheal,WASH,No handwashing facility — diarrheal disease,0.000172810622409567,DALY/capita,Human Capital,Health and well-being,"HEALTH | VI — IHME GBD 2019, Valuing Impact"
Turkmenistan,TKM,Europe & Central Asia,Upper middle income,565.26,wash_sanitation_diarrheal,WASH,Unsafe sanitation — diarrheal disease,0.00112254996298636,DALY/capita,Human Capital,Health and well-being,"HEALTH | VI — IHME GBD 2019, Valuing Impact"
Turkmenistan,TKM,Europe & Central Asia,Upper middle income,565.26,wash_water_diarrheal,WASH,Unsafe water source — diarrheal disease,0.00147447479899055,DALY/capita,Human Capital,Health and well-being,"HEALTH | VI — IHME GBD 2019, Valuing Impact"
Turkmenistan,TKM,Europe & Central Asia,Upper middle income,565.26,wash_handwashing_respiratory,WASH,No handwashing — lower respiratory infections,0.0008518369050457029,DALY/capita,Human Capital,Health and well-being,"HEALTH | VI — IHME GBD 2019, Valuing Impact"
Turkmenistan,TKM,Europe & Central Asia,Upper middle income,565.26,ohs_secondhand_smoke,OHS,Second-hand smoke — all causes,0.0104621622869462,DALY/capita,Human Capital,Health and well-being,"HEALTH | VI — IHME GBD 2019, Valuing Impact"
Turkmenistan,TKM,Europe & Central Asia,Upper middle income,565.26,ohs_occupational_pm,OHS,Occupational PM/gases/fumes — all causes,0.000247911289291354,DALY/capita,Human Capital,Health and well-being,"HEALTH | VI — IHME GBD 2019, Valuing Impact"
Turkmenistan,TKM,Europe & Central Asia,Upper middle income,565.26,ohs_occupational_injuries,OHS,Occupational injuries — all causes,0.0016958374096670802,DALY/capita,Human Capital,Health and well-being,"HEALTH | VI — IHME GBD 2019, Valuing Impact"
Turkmenistan,TKM,Europe & Central Asia,Upper middle income,565.26,diet_processed_meat,Diet,Diet high in processed meat,0.00282191018879809,DALY/capita,Human Capital,Health and well-being,"HEALTH | VI — IHME GBD 2019, Valuing Impact"
Turkmenistan,TKM,Europe & Central Asia,Upper middle income,565.26,diet_red_meat,Diet,Diet high in red meat,0.0106404427039445,DALY/capita,Human Capital,Health and well-being,"HEALTH | VI — IHME GBD 2019, Valuing Impact"
Turkmenistan,TKM,Europe & Central Asia,Upper middle income,565.26,diet_sodium,Diet,Diet high in sodium,0.00639117005171473,DALY/capita,Human Capital,Health and well-being,"HEALTH | VI — IHME GBD 2019, Valuing Impact"
Turkmenistan,TKM,Europe & Central Asia,Upper middle income,565.26,diet_sugary_beverages,Diet,Diet high in sugar-sweetened beverages,0.00146200227740733,DALY/capita,Human Capital,Health and well-being,"HEALTH | VI — IHME GBD 2019, Valuing Impact"
Turkmenistan,TKM,Europe & Central Asia,Upper middle income,565.26,diet_trans_fats,Diet,Diet high in trans fats,0.00304943277114458,DALY/capita,Human Capital,Health and well-being,"HEALTH | VI — IHME GBD 2019, Valuing Impact"
Turkmenistan,TKM,Europe & Central Asia,Upper middle income,565.26,diet_low_vegetables,Diet,Diet low in vegetables,0.000211869920573635,DALY/capita,Human Capital,Health and well-being,"HEALTH | VI — IHME GBD 2019, Valuing Impact"
Turkmenistan,TKM,Europe & Central Asia,Upper middle income,565.26,diet_low_whole_grains,Diet,Diet low in whole grains,0.0144623519752641,DALY/capita,Human Capital,Health and well-being,"HEALTH | VI — IHME GBD 2019, Valuing Impact"
Turkmenistan,TKM,Europe & Central Asia,Upper middle income,565.26,diet_risks_total,Diet,Dietary risks — aggregate,0.0461902210984164,DALY/capita,Human Capital,Health and well-being,"HEALTH | VI — IHME GBD 2019, Valuing Impact"
Turkmenistan,TKM,Europe & Central Asia,Upper middle income,565.26,smoking,Lifestyle,Smoking — all causes,0.026411909459932898,DALY/capita,Human Capital,Health and well-being,"HEALTH | VI — IHME GBD 2019, Valuing Impact"
Timor-Leste,TLS,East Asia & Pacific,Lower middle income,135.0,wash_handwashing_diarrheal,WASH,No handwashing facility — diarrheal disease,0.000957411949910137,DALY/capita,Human Capital,Health and well-being,"HEALTH | VI — IHME GBD 2019, Valuing Impact"
Timor-Leste,TLS,East Asia & Pacific,Lower middle income,135.0,wash_sanitation_diarrheal,WASH,Unsafe sanitation — diarrheal disease,0.00555726233860752,DALY/capita,Human Capital,Health and well-being,"HEALTH | VI — IHME GBD 2019, Valuing Impact"
Timor-Leste,TLS,East Asia & Pacific,Lower middle income,135.0,wash_water_diarrheal,WASH,Unsafe water source — diarrheal disease,0.0072871638816292,DALY/capita,Human Capital,Health and well-being,"HEALTH | VI — IHME GBD 2019, Valuing Impact"
Timor-Leste,TLS,East Asia & Pacific,Lower middle income,135.0,wash_handwashing_respiratory,WASH,No handwashing — lower respiratory infections,0.00139583520542447,DALY/capita,Human Capital,Health and well-being,"HEALTH | VI — IHME GBD 2019, Valuing Impact"
Timor-Leste,TLS,East Asia & Pacific,Lower middle income,135.0,ohs_secondhand_smoke,OHS,Second-hand smoke — all causes,0.0052930208513032005,DALY/capita,Human Capital,Health and well-being,"HEALTH | VI — IHME GBD 2019, Valuing Impact"
Timor-Leste,TLS,East Asia & Pacific,Lower middle income,135.0,ohs_occupational_pm,OHS,Occupational PM/gases/fumes — all causes,0.00105795436396863,DALY/capita,Human Capital,Health and well-being,"HEALTH | VI — IHME GBD 2019, Valuing Impact"
Timor-Leste,TLS,East Asia & Pacific,Lower middle income,135.0,ohs_occupational_injuries,OHS,Occupational injuries — all causes,0.00235563301704316,DALY/capita,Human Capital,Health and well-being,"HEALTH | VI — IHME GBD 2019, Valuing Impact"
Timor-Leste,TLS,East Asia & Pacific,Lower middle income,135.0,diet_processed_meat,Diet,Diet high in processed meat,0.000179277682693662,DALY/capita,Human Capital,Health and well-being,"HEALTH | VI — IHME GBD 2019, Valuing Impact"
Timor-Leste,TLS,East Asia & Pacific,Lower middle income,135.0,diet_red_meat,Diet,Diet high in red meat,0.00144114532651038,DALY/capita,Human Capital,Health and well-being,"HEALTH | VI — IHME GBD 2019, Valuing Impact"
Timor-Leste,TLS,East Asia & Pacific,Lower middle income,135.0,diet_sodium,Diet,Diet high in sodium,0.00620840576251334,DALY/capita,Human Capital,Health and well-being,"HEALTH | VI — IHME GBD 2019, Valuing Impact"
Timor-Leste,TLS,East Asia & Pacific,Lower middle income,135.0,diet_sugary_beverages,Diet,Diet high in sugar-sweetened beverages,0.0007339325868217741,DALY/capita,Human Capital,Health and well-being,"HEALTH | VI — IHME GBD 2019, Valuing Impact"
Timor-Leste,TLS,East Asia & Pacific,Lower middle income,135.0,diet_trans_fats,Diet,Diet high in trans fats,0.000848489599185462,DALY/capita,Human Capital,Health and well-being,"HEALTH | VI — IHME GBD 2019, Valuing Impact"
Timor-Leste,TLS,East Asia & Pacific,Lower middle income,135.0,diet_low_vegetables,Diet,Diet low in vegetables,0.00328398122811744,DALY/capita,Human Capital,Health and well-being,"HEALTH | VI — IHME GBD 2019, Valuing Impact"
Timor-Leste,TLS,East Asia & Pacific,Lower middle income,135.0,diet_low_whole_grains,Diet,Diet low in whole grains,0.0029837526559673803,DALY/capita,Human Capital,Health and well-being,"HEALTH | VI — IHME GBD 2019, Valuing Impact"
Timor-Leste,TLS,East Asia & Pacific,Lower middle income,135.0,diet_risks_total,Diet,Dietary risks — aggregate,0.020810788832581403,DALY/capita,Human Capital,Health and well-being,"HEALTH | VI — IHME GBD 2019, Valuing Impact"
Timor-Leste,TLS,East Asia & Pacific,Lower middle income,135.0,smoking,Lifestyle,Smoking — all causes,0.0188317067701731,DALY/capita,Human Capital,Health and well-being,"HEALTH | VI — IHME GBD 2019, Valuing Impact"
Tonga,TON,East Asia & Pacific,Upper middle income,279.25,wash_handwashing_diarrheal,WASH,No handwashing facility — diarrheal disease,0.000147270518528653,DALY/capita,Human Capital,Health and well-being,"HEALTH | VI — IHME GBD 2019, Valuing Impact"
Tonga,TON,East Asia & Pacific,Upper middle income,279.25,wash_sanitation_diarrheal,WASH,Unsafe sanitation — diarrheal disease,0.0006829367440464781,DALY/capita,Human Capital,Health and well-being,"HEALTH | VI — IHME GBD 2019, Valuing Impact"
Tonga,TON,East Asia & Pacific,Upper middle income,279.25,wash_water_diarrheal,WASH,Unsafe water source — diarrheal disease,0.0019695405410024903,DALY/capita,Human Capital,Health and well-being,"HEALTH | VI — IHME GBD 2019, Valuing Impact"
Tonga,TON,East Asia & Pacific,Upper middle income,279.25,wash_handwashing_respiratory,WASH,No handwashing — lower respiratory infections,0.000307249835965572,DALY/capita,Human Capital,Health and well-being,"HEALTH | VI — IHME GBD 2019, Valuing Impact"
Tonga,TON,East Asia & Pacific,Upper middle income,279.25,ohs_secondhand_smoke,OHS,Second-hand smoke — all causes,0.00729169988407588,DALY/capita,Human Capital,Health and well-being,"HEALTH | VI — IHME GBD 2019, Valuing Impact"
Tonga,TON,East Asia & Pacific,Upper middle income,279.25,ohs_occupational_pm,OHS,Occupational PM/gases/fumes — all causes,0.0007082015293339891,DALY/capita,Human Capital,Health and well-being,"HEALTH | VI — IHME GBD 2019, Valuing Impact"
Tonga,TON,East Asia & Pacific,Upper middle income,279.25,ohs_occupational_injuries,OHS,Occupational injuries — all causes,0.0013452654317762098,DALY/capita,Human Capital,Health and well-being,"HEALTH | VI — IHME GBD 2019, Valuing Impact"
Tonga,TON,East Asia & Pacific,Upper middle income,279.25,diet_processed_meat,Diet,Diet high in processed meat,0.000734542216852083,DALY/capita,Human Capital,Health and well-being,"HEALTH | VI — IHME GBD 2019, Valuing Impact"
Tonga,TON,East Asia & Pacific,Upper middle income,279.25,diet_red_meat,Diet,Diet high in red meat,0.0031443276484629202,DALY/capita,Human Capital,Health and well-being,"HEALTH | VI — IHME GBD 2019, Valuing Impact"
Tonga,TON,East Asia & Pacific,Upper middle income,279.25,diet_sodium,Diet,Diet high in sodium,0.00405093196914982,DALY/capita,Human Capital,Health and well-being,"HEALTH | VI — IHME GBD 2019, Valuing Impact"
Tonga,TON,East Asia & Pacific,Upper middle income,279.25,diet_sugary_beverages,Diet,Diet high in sugar-sweetened beverages,0.000905365705681906,DALY/capita,Human Capital,Health and well-being,"HEALTH | VI — IHME GBD 2019, Valuing Impact"
Tonga,TON,East Asia & Pacific,Upper middle income,279.25,diet_trans_fats,Diet,Diet high in trans fats,0.00119343889866877,DALY/capita,Human Capital,Health and well-being,"HEALTH | VI — IHME GBD 2019, Valuing Impact"
Tonga,TON,East Asia & Pacific,Upper middle income,279.25,diet_low_vegetables,Diet,Diet low in vegetables,0.00312475613443039,DALY/capita,Human Capital,Health and well-being,"HEALTH | VI — IHME GBD 2019, Valuing Impact"
Tonga,TON,East Asia & Pacific,Upper middle income,279.25,diet_low_whole_grains,Diet,Diet low in whole grains,0.00605533312410171,DALY/capita,Human Capital,Health and well-being,"HEALTH | VI — IHME GBD 2019, Valuing Impact"
Tonga,TON,East Asia & Pacific,Upper middle income,279.25,diet_risks_total,Diet,Dietary risks — aggregate,0.0232630326304152,DALY/capita,Human Capital,Health and well-being,"HEALTH | VI — IHME GBD 2019, Valuing Impact"
Tonga,TON,East Asia & Pacific,Upper middle income,279.25,smoking,Lifestyle,Smoking — all causes,0.0256336377398022,DALY/capita,Human Capital,Health and well-being,"HEALTH | VI — IHME GBD 2019, Valuing Impact"
Trinidad and Tobago,TTO,Latin America & Caribbean,High income,1125.4,wash_handwashing_diarrheal,WASH,No handwashing facility — diarrheal disease,0.000195922666198102,DALY/capita,Human Capital,Health and well-being,"HEALTH | VI — IHME GBD 2019, Valuing Impact"
Trinidad and Tobago,TTO,Latin America & Caribbean,High income,1125.4,wash_sanitation_diarrheal,WASH,Unsafe sanitation — diarrheal disease,0.000330641395061724,DALY/capita,Human Capital,Health and well-being,"HEALTH | VI — IHME GBD 2019, Valuing Impact"
Trinidad and Tobago,TTO,Latin America & Caribbean,High income,1125.4,wash_water_diarrheal,WASH,Unsafe water source — diarrheal disease,0.00125034956634947,DALY/capita,Human Capital,Health and well-being,"HEALTH | VI — IHME GBD 2019, Valuing Impact"
Trinidad and Tobago,TTO,Latin America & Caribbean,High income,1125.4,wash_handwashing_respiratory,WASH,No handwashing — lower respiratory infections,0.000305848326472404,DALY/capita,Human Capital,Health and well-being,"HEALTH | VI — IHME GBD 2019, Valuing Impact"
Trinidad and Tobago,TTO,Latin America & Caribbean,High income,1125.4,ohs_secondhand_smoke,OHS,Second-hand smoke — all causes,0.0060171553033203495,DALY/capita,Human Capital,Health and well-being,"HEALTH | VI — IHME GBD 2019, Valuing Impact"
Trinidad and Tobago,TTO,Latin America & Caribbean,High income,1125.4,ohs_occupational_pm,OHS,Occupational PM/gases/fumes — all causes,0.000407793304885268,DALY/capita,Human Capital,Health and well-being,"HEALTH | VI — IHME GBD 2019, Valuing Impact"
Trinidad and Tobago,TTO,Latin America & Caribbean,High income,1125.4,ohs_occupational_injuries,OHS,Occupational injuries — all causes,0.000331704931651679,DALY/capita,Human Capital,Health and well-being,"HEALTH | VI — IHME GBD 2019, Valuing Impact"
Trinidad and Tobago,TTO,Latin America & Caribbean,High income,1125.4,diet_processed_meat,Diet,Diet high in processed meat,0.00194068506997232,DALY/capita,Human Capital,Health and well-being,"HEALTH | VI — IHME GBD 2019, Valuing Impact"
Trinidad and Tobago,TTO,Latin America & Caribbean,High income,1125.4,diet_red_meat,Diet,Diet high in red meat,0.00337934270334535,DALY/capita,Human Capital,Health and well-being,"HEALTH | VI — IHME GBD 2019, Valuing Impact"
Trinidad and Tobago,TTO,Latin America & Caribbean,High income,1125.4,diet_sodium,Diet,Diet high in sodium,0.00332756040186235,DALY/capita,Human Capital,Health and well-being,"HEALTH | VI — IHME GBD 2019, Valuing Impact"
Trinidad and Tobago,TTO,Latin America & Caribbean,High income,1125.4,diet_sugary_beverages,Diet,Diet high in sugar-sweetened beverages,0.00238743086178633,DALY/capita,Human Capital,Health and well-being,"HEALTH | VI — IHME GBD 2019, Valuing Impact"
Trinidad and Tobago,TTO,Latin America & Caribbean,High income,1125.4,diet_trans_fats,Diet,Diet high in trans fats,0.0016770191531091502,DALY/capita,Human Capital,Health and well-being,"HEALTH | VI — IHME GBD 2019, Valuing Impact"
Trinidad and Tobago,TTO,Latin America & Caribbean,High income,1125.4,diet_low_vegetables,Diet,Diet low in vegetables,0.0036428879896962503,DALY/capita,Human Capital,Health and well-being,"HEALTH | VI — IHME GBD 2019, Valuing Impact"
Trinidad and Tobago,TTO,Latin America & Caribbean,High income,1125.4,diet_low_whole_grains,Diet,Diet low in whole grains,0.010174230397835,DALY/capita,Human Capital,Health and well-being,"HEALTH | VI — IHME GBD 2019, Valuing Impact"
Trinidad and Tobago,TTO,Latin America & Caribbean,High income,1125.4,diet_risks_total,Diet,Dietary risks — aggregate,0.0337286600544554,DALY/capita,Human Capital,Health and well-being,"HEALTH | VI — IHME GBD 2019, Valuing Impact"
Trinidad and Tobago,TTO,Latin America & Caribbean,High income,1125.4,smoking,Lifestyle,Smoking — all causes,0.0214832550424993,DALY/capita,Human Capital,Health and well-being,"HEALTH | VI — IHME GBD 2019, Valuing Impact"
Tunisia,TUN,Middle East & North Africa,Lower middle income,265.46,wash_handwashing_diarrheal,WASH,No handwashing facility — diarrheal disease,0.000170209797008137,DALY/capita,Human Capital,Health and well-being,"HEALTH | VI — IHME GBD 2019, Valuing Impact"
Tunisia,TUN,Middle East & North Africa,Lower middle income,265.46,wash_sanitation_diarrheal,WASH,Unsafe sanitation — diarrheal disease,0.000418574922092184,DALY/capita,Human Capital,Health and well-being,"HEALTH | VI — IHME GBD 2019, Valuing Impact"
Tunisia,TUN,Middle East & North Africa,Lower middle income,265.46,wash_water_diarrheal,WASH,Unsafe water source — diarrheal disease,0.00119225197631289,DALY/capita,Human Capital,Health and well-being,"HEALTH | VI — IHME GBD 2019, Valuing Impact"
Tunisia,TUN,Middle East & North Africa,Lower middle income,265.46,wash_handwashing_respiratory,WASH,No handwashing — lower respiratory infections,0.000204921232007892,DALY/capita,Human Capital,Health and well-being,"HEALTH | VI — IHME GBD 2019, Valuing Impact"
Tunisia,TUN,Middle East & North Africa,Lower middle income,265.46,ohs_secondhand_smoke,OHS,Second-hand smoke — all causes,0.005825996202344749,DALY/capita,Human Capital,Health and well-being,"HEALTH | VI — IHME GBD 2019, Valuing Impact"
Tunisia,TUN,Middle East & North Africa,Lower middle income,265.46,ohs_occupational_pm,OHS,Occupational PM/gases/fumes — all causes,0.0005695376729357181,DALY/capita,Human Capital,Health and well-being,"HEALTH | VI — IHME GBD 2019, Valuing Impact"
Tunisia,TUN,Middle East & North Africa,Lower middle income,265.46,ohs_occupational_injuries,OHS,Occupational injuries — all causes,0.00180667587247185,DALY/capita,Human Capital,Health and well-being,"HEALTH | VI — IHME GBD 2019, Valuing Impact"
Tunisia,TUN,Middle East & North Africa,Lower middle income,265.46,diet_processed_meat,Diet,Diet high in processed meat,0.0006430393526777099,DALY/capita,Human Capital,Health and well-being,"HEALTH | VI — IHME GBD 2019, Valuing Impact"
Tunisia,TUN,Middle East & North Africa,Lower middle income,265.46,diet_red_meat,Diet,Diet high in red meat,0.0020682410441186703,DALY/capita,Human Capital,Health and well-being,"HEALTH | VI — IHME GBD 2019, Valuing Impact"
Tunisia,TUN,Middle East & North Africa,Lower middle income,265.46,diet_sodium,Diet,Diet high in sodium,0.0013668373765011199,DALY/capita,Human Capital,Health and well-being,"HEALTH | VI — IHME GBD 2019, Valuing Impact"
Tunisia,TUN,Middle East & North Africa,Lower middle income,265.46,diet_sugary_beverages,Diet,Diet high in sugar-sweetened beverages,0.00101423301360804,DALY/capita,Human Capital,Health and well-being,"HEALTH | VI — IHME GBD 2019, Valuing Impact"
Tunisia,TUN,Middle East & North Africa,Lower middle income,265.46,diet_trans_fats,Diet,Diet high in trans fats,0.00154639259515599,DALY/capita,Human Capital,Health and well-being,"HEALTH | VI — IHME GBD 2019, Valuing Impact"
Tunisia,TUN,Middle East & North Africa,Lower middle income,265.46,diet_low_vegetables,Diet,Diet low in vegetables,0.000486378392452726,DALY/capita,Human Capital,Health and well-being,"HEALTH | VI — IHME GBD 2019, Valuing Impact"
Tunisia,TUN,Middle East & North Africa,Lower middle income,265.46,diet_low_whole_grains,Diet,Diet low in whole grains,0.010166954193584399,DALY/capita,Human Capital,Health and well-being,"HEALTH | VI — IHME GBD 2019, Valuing Impact"
Tunisia,TUN,Middle East & North Africa,Lower middle income,265.46,diet_risks_total,Diet,Dietary risks — aggregate,0.021873454430605004,DALY/capita,Human Capital,Health and well-being,"HEALTH | VI — IHME GBD 2019, Valuing Impact"
Tunisia,TUN,Middle East & North Africa,Lower middle income,265.46,smoking,Lifestyle,Smoking — all causes,0.0255960162031408,DALY/capita,Human Capital,Health and well-being,"HEALTH | VI — IHME GBD 2019, Valuing Impact"
Turkey,TUR,Europe & Central Asia,Upper middle income,441.06,wash_handwashing_diarrheal,WASH,No handwashing facility — diarrheal disease,0.00018697110958409201,DALY/capita,Human Capital,Health and well-being,"HEALTH | VI — IHME GBD 2019, Valuing Impact"
Turkey,TUR,Europe & Central Asia,Upper middle income,441.06,wash_sanitation_diarrheal,WASH,Unsafe sanitation — diarrheal disease,0.000304547951823985,DALY/capita,Human Capital,Health and well-being,"HEALTH | VI — IHME GBD 2019, Valuing Impact"
Turkey,TUR,Europe & Central Asia,Upper middle income,441.06,wash_water_diarrheal,WASH,Unsafe water source — diarrheal disease,0.0013201147197688498,DALY/capita,Human Capital,Health and well-being,"HEALTH | VI — IHME GBD 2019, Valuing Impact"
Turkey,TUR,Europe & Central Asia,Upper middle income,441.06,wash_handwashing_respiratory,WASH,No handwashing — lower respiratory infections,0.000219203016591505,DALY/capita,Human Capital,Health and well-being,"HEALTH | VI — IHME GBD 2019, Valuing Impact"
Turkey,TUR,Europe & Central Asia,Upper middle income,441.06,ohs_secondhand_smoke,OHS,Second-hand smoke — all causes,0.0046499838630278,DALY/capita,Human Capital,Health and well-being,"HEALTH | VI — IHME GBD 2019, Valuing Impact"
Turkey,TUR,Europe & Central Asia,Upper middle income,441.06,ohs_occupational_pm,OHS,Occupational PM/gases/fumes — all causes,0.00125620559203072,DALY/capita,Human Capital,Health and well-being,"HEALTH | VI — IHME GBD 2019, Valuing Impact"
Turkey,TUR,Europe & Central Asia,Upper middle income,441.06,ohs_occupational_injuries,OHS,Occupational injuries — all causes,0.00315240440655133,DALY/capita,Human Capital,Health and well-being,"HEALTH | VI — IHME GBD 2019, Valuing Impact"
Turkey,TUR,Europe & Central Asia,Upper middle income,441.06,diet_processed_meat,Diet,Diet high in processed meat,0.000517636166282694,DALY/capita,Human Capital,Health and well-being,"HEALTH | VI — IHME GBD 2019, Valuing Impact"
Turkey,TUR,Europe & Central Asia,Upper middle income,441.06,diet_red_meat,Diet,Diet high in red meat,0.00168986938426009,DALY/capita,Human Capital,Health and well-being,"HEALTH | VI — IHME GBD 2019, Valuing Impact"
Turkey,TUR,Europe & Central Asia,Upper middle income,441.06,diet_sodium,Diet,Diet high in sodium,0.000743227441498484,DALY/capita,Human Capital,Health and well-being,"HEALTH | VI — IHME GBD 2019, Valuing Impact"
Turkey,TUR,Europe & Central Asia,Upper middle income,441.06,diet_sugary_beverages,Diet,Diet high in sugar-sweetened beverages,0.000791532445578217,DALY/capita,Human Capital,Health and well-being,"HEALTH | VI — IHME GBD 2019, Valuing Impact"
Turkey,TUR,Europe & Central Asia,Upper middle income,441.06,diet_trans_fats,Diet,Diet high in trans fats,0.000924790910479516,DALY/capita,Human Capital,Health and well-being,"HEALTH | VI — IHME GBD 2019, Valuing Impact"
Turkey,TUR,Europe & Central Asia,Upper middle income,441.06,diet_low_vegetables,Diet,Diet low in vegetables,7.32394760126071e-05,DALY/capita,Human Capital,Health and well-being,"HEALTH | VI — IHME GBD 2019, Valuing Impact"
Turkey,TUR,Europe & Central Asia,Upper middle income,441.06,diet_low_whole_grains,Diet,Diet low in whole grains,0.00772774852647502,DALY/capita,Human Capital,Health and well-being,"HEALTH | VI — IHME GBD 2019, Valuing Impact"
Turkey,TUR,Europe & Central Asia,Upper middle income,441.06,diet_risks_total,Diet,Dietary risks — aggregate,0.0135220282020115,DALY/capita,Human Capital,Health and well-being,"HEALTH | VI — IHME GBD 2019, Valuing Impact"
Turkey,TUR,Europe & Central Asia,Upper middle income,441.06,smoking,Lifestyle,Smoking — all causes,0.031005357537833702,DALY/capita,Human Capital,Health and well-being,"HEALTH | VI — IHME GBD 2019, Valuing Impact"
Tuvalu,TUV,East Asia & Pacific,Upper middle income,1070.96,wash_handwashing_diarrheal,WASH,No handwashing facility — diarrheal disease,0.000282743762828269,DALY/capita,Human Capital,Health and well-being,"HEALTH | VI — IHME GBD 2019, Valuing Impact"
Tuvalu,TUV,East Asia & Pacific,Upper middle income,1070.96,wash_sanitation_diarrheal,WASH,Unsafe sanitation — diarrheal disease,0.00140602751719035,DALY/capita,Human Capital,Health and well-being,"HEALTH | VI — IHME GBD 2019, Valuing Impact"
Tuvalu,TUV,East Asia & Pacific,Upper middle income,1070.96,wash_water_diarrheal,WASH,Unsafe water source — diarrheal disease,0.00346131938686028,DALY/capita,Human Capital,Health and well-being,"HEALTH | VI — IHME GBD 2019, Valuing Impact"
Tuvalu,TUV,East Asia & Pacific,Upper middle income,1070.96,wash_handwashing_respiratory,WASH,No handwashing — lower respiratory infections,0.000482723344482787,DALY/capita,Human Capital,Health and well-being,"HEALTH | VI — IHME GBD 2019, Valuing Impact"
Tuvalu,TUV,East Asia & Pacific,Upper middle income,1070.96,ohs_secondhand_smoke,OHS,Second-hand smoke — all causes,0.012959177795860201,DALY/capita,Human Capital,Health and well-being,"HEALTH | VI — IHME GBD 2019, Valuing Impact"
Tuvalu,TUV,East Asia & Pacific,Upper middle income,1070.96,ohs_occupational_pm,OHS,Occupational PM/gases/fumes — all causes,0.00133721285810381,DALY/capita,Human Capital,Health and well-being,"HEALTH | VI — IHME GBD 2019, Valuing Impact"
Tuvalu,TUV,East Asia & Pacific,Upper middle income,1070.96,ohs_occupational_injuries,OHS,Occupational injuries — all causes,0.00212122078861052,DALY/capita,Human Capital,Health and well-being,"HEALTH | VI — IHME GBD 2019, Valuing Impact"
Tuvalu,TUV,East Asia & Pacific,Upper middle income,1070.96,diet_processed_meat,Diet,Diet high in processed meat,0.00113796710703457,DALY/capita,Human Capital,Health and well-being,"HEALTH | VI — IHME GBD 2019, Valuing Impact"
Tuvalu,TUV,East Asia & Pacific,Upper middle income,1070.96,diet_red_meat,Diet,Diet high in red meat,0.00604552220483699,DALY/capita,Human Capital,Health and well-being,"HEALTH | VI — IHME GBD 2019, Valuing Impact"
Tuvalu,TUV,East Asia & Pacific,Upper middle income,1070.96,diet_sodium,Diet,Diet high in sodium,0.008054713271810371,DALY/capita,Human Capital,Health and well-being,"HEALTH | VI — IHME GBD 2019, Valuing Impact"
Tuvalu,TUV,East Asia & Pacific,Upper middle income,1070.96,diet_sugary_beverages,Diet,Diet high in sugar-sweetened beverages,0.0016566610163263498,DALY/capita,Human Capital,Health and well-being,"HEALTH | VI — IHME GBD 2019, Valuing Impact"
Tuvalu,TUV,East Asia & Pacific,Upper middle income,1070.96,diet_trans_fats,Diet,Diet high in trans fats,0.00280488960958644,DALY/capita,Human Capital,Health and well-being,"HEALTH | VI — IHME GBD 2019, Valuing Impact"
Tuvalu,TUV,East Asia & Pacific,Upper middle income,1070.96,diet_low_vegetables,Diet,Diet low in vegetables,0.007932462505570531,DALY/capita,Human Capital,Health and well-being,"HEALTH | VI — IHME GBD 2019, Valuing Impact"
Tuvalu,TUV,East Asia & Pacific,Upper middle income,1070.96,diet_low_whole_grains,Diet,Diet low in whole grains,0.0129366006948048,DALY/capita,Human Capital,Health and well-being,"HEALTH | VI — IHME GBD 2019, Valuing Impact"
Tuvalu,TUV,East Asia & Pacific,Upper middle income,1070.96,diet_risks_total,Diet,Dietary risks — aggregate,0.0491494484663689,DALY/capita,Human Capital,Health and well-being,"HEALTH | VI — IHME GBD 2019, Valuing Impact"
Tuvalu,TUV,East Asia & Pacific,Upper middle income,1070.96,smoking,Lifestyle,Smoking — all causes,0.0438994354018661,DALY/capita,Human Capital,Health and well-being,"HEALTH | VI — IHME GBD 2019, Valuing Impact"
"Taiwan, China",TWN,East Asia & Pacific,High income,0.0,wash_handwashing_diarrheal,WASH,No handwashing facility — diarrheal disease,3.49180635582251e-05,DALY/capita,Human Capital,Health and well-being,"HEALTH | VI — IHME GBD 2019, Valuing Impact"
"Taiwan, China",TWN,East Asia & Pacific,High income,0.0,wash_sanitation_diarrheal,WASH,Unsafe sanitation — diarrheal disease,8.03903261560632e-05,DALY/capita,Human Capital,Health and well-being,"HEALTH | VI — IHME GBD 2019, Valuing Impact"
"Taiwan, China",TWN,East Asia & Pacific,High income,0.0,wash_water_diarrheal,WASH,Unsafe water source — diarrheal disease,0.00032284448608425003,DALY/capita,Human Capital,Health and well-being,"HEALTH | VI — IHME GBD 2019, Valuing Impact"
"Taiwan, China",TWN,East Asia & Pacific,High income,0.0,wash_handwashing_respiratory,WASH,No handwashing — lower respiratory infections,0.000138934865733362,DALY/capita,Human Capital,Health and well-being,"HEALTH | VI — IHME GBD 2019, Valuing Impact"
"Taiwan, China",TWN,East Asia & Pacific,High income,0.0,ohs_secondhand_smoke,OHS,Second-hand smoke — all causes,0.00467800118656569,DALY/capita,Human Capital,Health and well-being,"HEALTH | VI — IHME GBD 2019, Valuing Impact"
"Taiwan, China",TWN,East Asia & Pacific,High income,0.0,ohs_occupational_pm,OHS,Occupational PM/gases/fumes — all causes,0.000961720046367301,DALY/capita,Human Capital,Health and well-being,"HEALTH | VI — IHME GBD 2019, Valuing Impact"
"Taiwan, China",TWN,East Asia & Pacific,High income,0.0,ohs_occupational_injuries,OHS,Occupational injuries — all causes,0.0012254342649850101,DALY/capita,Human Capital,Health and well-being,"HEALTH | VI — IHME GBD 2019, Valuing Impact"
"Taiwan, China",TWN,East Asia & Pacific,High income,0.0,diet_processed_meat,Diet,Diet high in processed meat,0.00120975969360044,DALY/capita,Human Capital,Health and well-being,"HEALTH | VI — IHME GBD 2019, Valuing Impact"
"Taiwan, China",TWN,East Asia & Pacific,High income,0.0,diet_red_meat,Diet,Diet high in red meat,0.00564793177435551,DALY/capita,Human Capital,Health and well-being,"HEALTH | VI — IHME GBD 2019, Valuing Impact"
"Taiwan, China",TWN,East Asia & Pacific,High income,0.0,diet_sodium,Diet,Diet high in sodium,0.00393914968919017,DALY/capita,Human Capital,Health and well-being,"HEALTH | VI — IHME GBD 2019, Valuing Impact"
"Taiwan, China",TWN,East Asia & Pacific,High income,0.0,diet_sugary_beverages,Diet,Diet high in sugar-sweetened beverages,0.000557907092277284,DALY/capita,Human Capital,Health and well-being,"HEALTH | VI — IHME GBD 2019, Valuing Impact"
"Taiwan, China",TWN,East Asia & Pacific,High income,0.0,diet_trans_fats,Diet,Diet high in trans fats,0.0006652722164023641,DALY/capita,Human Capital,Health and well-being,"HEALTH | VI — IHME GBD 2019, Valuing Impact"
"Taiwan, China",TWN,East Asia & Pacific,High income,0.0,diet_low_vegetables,Diet,Diet low in vegetables,0.000543243377737679,DALY/capita,Human Capital,Health and well-being,"HEALTH | VI — IHME GBD 2019, Valuing Impact"
"Taiwan, China",TWN,East Asia & Pacific,High income,0.0,diet_low_whole_grains,Diet,Diet low in whole grains,0.00486568617269612,DALY/capita,Human Capital,Health and well-being,"HEALTH | VI — IHME GBD 2019, Valuing Impact"
"Taiwan, China",TWN,East Asia & Pacific,High income,0.0,diet_risks_total,Diet,Dietary risks — aggregate,0.0196383826118246,DALY/capita,Human Capital,Health and well-being,"HEALTH | VI — IHME GBD 2019, Valuing Impact"
"Taiwan, China",TWN,East Asia & Pacific,High income,0.0,smoking,Lifestyle,Smoking — all causes,0.029077608945974,DALY/capita,Human Capital,Health and well-being,"HEALTH | VI — IHME GBD 2019, Valuing Impact"
Tanzania,TZA,Sub-Saharan Africa,Lower middle income,37.16,wash_handwashing_diarrheal,WASH,No handwashing facility — diarrheal disease,0.00481182716790047,DALY/capita,Human Capital,Health and well-being,"HEALTH | VI — IHME GBD 2019, Valuing Impact"
Tanzania,TZA,Sub-Saharan Africa,Lower middle income,37.16,wash_sanitation_diarrheal,WASH,Unsafe sanitation — diarrheal disease,0.0089259469631151,DALY/capita,Human Capital,Health and well-being,"HEALTH | VI — IHME GBD 2019, Valuing Impact"
Tanzania,TZA,Sub-Saharan Africa,Lower middle income,37.16,wash_water_diarrheal,WASH,Unsafe water source — diarrheal disease,0.0124127440888906,DALY/capita,Human Capital,Health and well-being,"HEALTH | VI — IHME GBD 2019, Valuing Impact"
Tanzania,TZA,Sub-Saharan Africa,Lower middle income,37.16,wash_handwashing_respiratory,WASH,No handwashing — lower respiratory infections,0.007716334911710821,DALY/capita,Human Capital,Health and well-being,"HEALTH | VI — IHME GBD 2019, Valuing Impact"
Tanzania,TZA,Sub-Saharan Africa,Lower middle income,37.16,ohs_secondhand_smoke,OHS,Second-hand smoke — all causes,0.00309345241175061,DALY/capita,Human Capital,Health and well-being,"HEALTH | VI — IHME GBD 2019, Valuing Impact"
Tanzania,TZA,Sub-Saharan Africa,Lower middle income,37.16,ohs_occupational_pm,OHS,Occupational PM/gases/fumes — all causes,0.00045955907155025103,DALY/capita,Human Capital,Health and well-being,"HEALTH | VI — IHME GBD 2019, Valuing Impact"
Tanzania,TZA,Sub-Saharan Africa,Lower middle income,37.16,ohs_occupational_injuries,OHS,Occupational injuries — all causes,0.0037983772641737197,DALY/capita,Human Capital,Health and well-being,"HEALTH | VI — IHME GBD 2019, Valuing Impact"
Tanzania,TZA,Sub-Saharan Africa,Lower middle income,37.16,diet_processed_meat,Diet,Diet high in processed meat,0.000312784829527943,DALY/capita,Human Capital,Health and well-being,"HEALTH | VI — IHME GBD 2019, Valuing Impact"
Tanzania,TZA,Sub-Saharan Africa,Lower middle income,37.16,diet_red_meat,Diet,Diet high in red meat,0.000625373018548335,DALY/capita,Human Capital,Health and well-being,"HEALTH | VI — IHME GBD 2019, Valuing Impact"
Tanzania,TZA,Sub-Saharan Africa,Lower middle income,37.16,diet_sodium,Diet,Diet high in sodium,0.00317956269324614,DALY/capita,Human Capital,Health and well-being,"HEALTH | VI — IHME GBD 2019, Valuing Impact"
Tanzania,TZA,Sub-Saharan Africa,Lower middle income,37.16,diet_sugary_beverages,Diet,Diet high in sugar-sweetened beverages,0.00021808156582198,DALY/capita,Human Capital,Health and well-being,"HEALTH | VI — IHME GBD 2019, Valuing Impact"
Tanzania,TZA,Sub-Saharan Africa,Lower middle income,37.16,diet_trans_fats,Diet,Diet high in trans fats,0.000349210598711515,DALY/capita,Human Capital,Health and well-being,"HEALTH | VI — IHME GBD 2019, Valuing Impact"
Tanzania,TZA,Sub-Saharan Africa,Lower middle income,37.16,diet_low_vegetables,Diet,Diet low in vegetables,0.00145302978442604,DALY/capita,Human Capital,Health and well-being,"HEALTH | VI — IHME GBD 2019, Valuing Impact"
Tanzania,TZA,Sub-Saharan Africa,Lower middle income,37.16,diet_low_whole_grains,Diet,Diet low in whole grains,0.00134806069896959,DALY/capita,Human Capital,Health and well-being,"HEALTH | VI — IHME GBD 2019, Valuing Impact"
Tanzania,TZA,Sub-Saharan Africa,Lower middle income,37.16,diet_risks_total,Diet,Dietary risks — aggregate,0.00876311553858458,DALY/capita,Human Capital,Health and well-being,"HEALTH | VI — IHME GBD 2019, Valuing Impact"
Tanzania,TZA,Sub-Saharan Africa,Lower middle income,37.16,smoking,Lifestyle,Smoking — all causes,0.00977687004415161,DALY/capita,Human Capital,Health and well-being,"HEALTH | VI — IHME GBD 2019, Valuing Impact"
Uganda,UGA,Sub-Saharan Africa,Low income,43.45,wash_handwashing_diarrheal,WASH,No handwashing facility — diarrheal disease,0.0056615781877452,DALY/capita,Human Capital,Health and well-being,"HEALTH | VI — IHME GBD 2019, Valuing Impact"
Uganda,UGA,Sub-Saharan Africa,Low income,43.45,wash_sanitation_diarrheal,WASH,Unsafe sanitation — diarrheal disease,0.0111307330916142,DALY/capita,Human Capital,Health and well-being,"HEALTH | VI — IHME GBD 2019, Valuing Impact"
Uganda,UGA,Sub-Saharan Africa,Low income,43.45,wash_water_diarrheal,WASH,Unsafe water source — diarrheal disease,0.0148776760061659,DALY/capita,Human Capital,Health and well-being,"HEALTH | VI — IHME GBD 2019, Valuing Impact"
Uganda,UGA,Sub-Saharan Africa,Low income,43.45,wash_handwashing_respiratory,WASH,No handwashing — lower respiratory infections,0.00483893053835909,DALY/capita,Human Capital,Health and well-being,"HEALTH | VI — IHME GBD 2019, Valuing Impact"
Uganda,UGA,Sub-Saharan Africa,Low income,43.45,ohs_secondhand_smoke,OHS,Second-hand smoke — all causes,0.00136483583344394,DALY/capita,Human Capital,Health and well-being,"HEALTH | VI — IHME GBD 2019, Valuing Impact"
Uganda,UGA,Sub-Saharan Africa,Low income,43.45,ohs_occupational_pm,OHS,Occupational PM/gases/fumes — all causes,0.000470807866477855,DALY/capita,Human Capital,Health and well-being,"HEALTH | VI — IHME GBD 2019, Valuing Impact"
Uganda,UGA,Sub-Saharan Africa,Low income,43.45,ohs_occupational_injuries,OHS,Occupational injuries — all causes,0.00342167542732836,DALY/capita,Human Capital,Health and well-being,"HEALTH | VI — IHME GBD 2019, Valuing Impact"
Uganda,UGA,Sub-Saharan Africa,Low income,43.45,diet_processed_meat,Diet,Diet high in processed meat,0.00027098756175714496,DALY/capita,Human Capital,Health and well-being,"HEALTH | VI — IHME GBD 2019, Valuing Impact"
Uganda,UGA,Sub-Saharan Africa,Low income,43.45,diet_red_meat,Diet,Diet high in red meat,0.000633417679384576,DALY/capita,Human Capital,Health and well-being,"HEALTH | VI — IHME GBD 2019, Valuing Impact"
Uganda,UGA,Sub-Saharan Africa,Low income,43.45,diet_sodium,Diet,Diet high in sodium,0.0016447907247510698,DALY/capita,Human Capital,Health and well-being,"HEALTH | VI — IHME GBD 2019, Valuing Impact"
Uganda,UGA,Sub-Saharan Africa,Low income,43.45,diet_sugary_beverages,Diet,Diet high in sugar-sweetened beverages,0.000188658923734083,DALY/capita,Human Capital,Health and well-being,"HEALTH | VI — IHME GBD 2019, Valuing Impact"
Uganda,UGA,Sub-Saharan Africa,Low income,43.45,diet_trans_fats,Diet,Diet high in trans fats,0.000270741137626292,DALY/capita,Human Capital,Health and well-being,"HEALTH | VI — IHME GBD 2019, Valuing Impact"
Uganda,UGA,Sub-Saharan Africa,Low income,43.45,diet_low_vegetables,Diet,Diet low in vegetables,0.0013378963357295898,DALY/capita,Human Capital,Health and well-being,"HEALTH | VI — IHME GBD 2019, Valuing Impact"
Uganda,UGA,Sub-Saharan Africa,Low income,43.45,diet_low_whole_grains,Diet,Diet low in whole grains,0.0012763161835043998,DALY/capita,Human Capital,Health and well-being,"HEALTH | VI — IHME GBD 2019, Valuing Impact"
Uganda,UGA,Sub-Saharan Africa,Low income,43.45,diet_risks_total,Diet,Dietary risks — aggregate,0.00602654920687076,DALY/capita,Human Capital,Health and well-being,"HEALTH | VI — IHME GBD 2019, Valuing Impact"
Uganda,UGA,Sub-Saharan Africa,Low income,43.45,smoking,Lifestyle,Smoking — all causes,0.00472179201227894,DALY/capita,Human Capital,Health and well-being,"HEALTH | VI — IHME GBD 2019, Valuing Impact"
Ukraine,UKR,Europe & Central Asia,Lower middle income,367.98,wash_handwashing_diarrheal,WASH,No handwashing facility — diarrheal disease,6.745764947184749e-05,DALY/capita,Human Capital,Health and well-being,"HEALTH | VI — IHME GBD 2019, Valuing Impact"
Ukraine,UKR,Europe & Central Asia,Lower middle income,367.98,wash_sanitation_diarrheal,WASH,Unsafe sanitation — diarrheal disease,0.0005186795303344261,DALY/capita,Human Capital,Health and well-being,"HEALTH | VI — IHME GBD 2019, Valuing Impact"
Ukraine,UKR,Europe & Central Asia,Lower middle income,367.98,wash_water_diarrheal,WASH,Unsafe water source — diarrheal disease,0.000737394534524129,DALY/capita,Human Capital,Health and well-being,"HEALTH | VI — IHME GBD 2019, Valuing Impact"
Ukraine,UKR,Europe & Central Asia,Lower middle income,367.98,wash_handwashing_respiratory,WASH,No handwashing — lower respiratory infections,0.000207843824939712,DALY/capita,Human Capital,Health and well-being,"HEALTH | VI — IHME GBD 2019, Valuing Impact"
Ukraine,UKR,Europe & Central Asia,Lower middle income,367.98,ohs_secondhand_smoke,OHS,Second-hand smoke — all causes,0.008673463394669439,DALY/capita,Human Capital,Health and well-being,"HEALTH | VI — IHME GBD 2019, Valuing Impact"
Ukraine,UKR,Europe & Central Asia,Lower middle income,367.98,ohs_occupational_pm,OHS,Occupational PM/gases/fumes — all causes,0.000726731313442713,DALY/capita,Human Capital,Health and well-being,"HEALTH | VI — IHME GBD 2019, Valuing Impact"
Ukraine,UKR,Europe & Central Asia,Lower middle income,367.98,ohs_occupational_injuries,OHS,Occupational injuries — all causes,0.0021338787142878898,DALY/capita,Human Capital,Health and well-being,"HEALTH | VI — IHME GBD 2019, Valuing Impact"
Ukraine,UKR,Europe & Central Asia,Lower middle income,367.98,diet_processed_meat,Diet,Diet high in processed meat,0.00338092165277682,DALY/capita,Human Capital,Health and well-being,"HEALTH | VI — IHME GBD 2019, Valuing Impact"
Ukraine,UKR,Europe & Central Asia,Lower middle income,367.98,diet_red_meat,Diet,Diet high in red meat,0.00904784147376987,DALY/capita,Human Capital,Health and well-being,"HEALTH | VI — IHME GBD 2019, Valuing Impact"
Ukraine,UKR,Europe & Central Asia,Lower middle income,367.98,diet_sodium,Diet,Diet high in sodium,0.006582481951457391,DALY/capita,Human Capital,Health and well-being,"HEALTH | VI — IHME GBD 2019, Valuing Impact"
Ukraine,UKR,Europe & Central Asia,Lower middle income,367.98,diet_sugary_beverages,Diet,Diet high in sugar-sweetened beverages,0.00226196564222197,DALY/capita,Human Capital,Health and well-being,"HEALTH | VI — IHME GBD 2019, Valuing Impact"
Ukraine,UKR,Europe & Central Asia,Lower middle income,367.98,diet_trans_fats,Diet,Diet high in trans fats,0.00568057362709903,DALY/capita,Human Capital,Health and well-being,"HEALTH | VI — IHME GBD 2019, Valuing Impact"
Ukraine,UKR,Europe & Central Asia,Lower middle income,367.98,diet_low_vegetables,Diet,Diet low in vegetables,0.00210483990712393,DALY/capita,Human Capital,Health and well-being,"HEALTH | VI — IHME GBD 2019, Valuing Impact"
Ukraine,UKR,Europe & Central Asia,Lower middle income,367.98,diet_low_whole_grains,Diet,Diet low in whole grains,0.028458493110383003,DALY/capita,Human Capital,Health and well-being,"HEALTH | VI — IHME GBD 2019, Valuing Impact"
Ukraine,UKR,Europe & Central Asia,Lower middle income,367.98,diet_risks_total,Diet,Dietary risks — aggregate,0.0848268610247628,DALY/capita,Human Capital,Health and well-being,"HEALTH | VI — IHME GBD 2019, Valuing Impact"
Ukraine,UKR,Europe & Central Asia,Lower middle income,367.98,smoking,Lifestyle,Smoking — all causes,0.0721529085316568,DALY/capita,Human Capital,Health and well-being,"HEALTH | VI — IHME GBD 2019, Valuing Impact"
Uruguay,URY,Latin America & Caribbean,High income,1620.33,wash_handwashing_diarrheal,WASH,No handwashing facility — diarrheal disease,5.7209842981703695e-05,DALY/capita,Human Capital,Health and well-being,"HEALTH | VI — IHME GBD 2019, Valuing Impact"
Uruguay,URY,Latin America & Caribbean,High income,1620.33,wash_sanitation_diarrheal,WASH,Unsafe sanitation — diarrheal disease,6.184207329363941e-05,DALY/capita,Human Capital,Health and well-being,"HEALTH | VI — IHME GBD 2019, Valuing Impact"
Uruguay,URY,Latin America & Caribbean,High income,1620.33,wash_water_diarrheal,WASH,Unsafe water source — diarrheal disease,0.00053443429075662,DALY/capita,Human Capital,Health and well-being,"HEALTH | VI — IHME GBD 2019, Valuing Impact"
Uruguay,URY,Latin America & Caribbean,High income,1620.33,wash_handwashing_respiratory,WASH,No handwashing — lower respiratory infections,0.000150651481517771,DALY/capita,Human Capital,Health and well-being,"HEALTH | VI — IHME GBD 2019, Valuing Impact"
Uruguay,URY,Latin America & Caribbean,High income,1620.33,ohs_secondhand_smoke,OHS,Second-hand smoke — all causes,0.00470782857810011,DALY/capita,Human Capital,Health and well-being,"HEALTH | VI — IHME GBD 2019, Valuing Impact"
Uruguay,URY,Latin America & Caribbean,High income,1620.33,ohs_occupational_pm,OHS,Occupational PM/gases/fumes — all causes,0.0013039745562499,DALY/capita,Human Capital,Health and well-being,"HEALTH | VI — IHME GBD 2019, Valuing Impact"
Uruguay,URY,Latin America & Caribbean,High income,1620.33,ohs_occupational_injuries,OHS,Occupational injuries — all causes,0.0032628780494880602,DALY/capita,Human Capital,Health and well-being,"HEALTH | VI — IHME GBD 2019, Valuing Impact"
Uruguay,URY,Latin America & Caribbean,High income,1620.33,diet_processed_meat,Diet,Diet high in processed meat,0.00215410587056133,DALY/capita,Human Capital,Health and well-being,"HEALTH | VI — IHME GBD 2019, Valuing Impact"
Uruguay,URY,Latin America & Caribbean,High income,1620.33,diet_red_meat,Diet,Diet high in red meat,0.00595849688818373,DALY/capita,Human Capital,Health and well-being,"HEALTH | VI — IHME GBD 2019, Valuing Impact"
Uruguay,URY,Latin America & Caribbean,High income,1620.33,diet_sodium,Diet,Diet high in sodium,0.0038581406578135197,DALY/capita,Human Capital,Health and well-being,"HEALTH | VI — IHME GBD 2019, Valuing Impact"
Uruguay,URY,Latin America & Caribbean,High income,1620.33,diet_sugary_beverages,Diet,Diet high in sugar-sweetened beverages,0.00123853935890716,DALY/capita,Human Capital,Health and well-being,"HEALTH | VI — IHME GBD 2019, Valuing Impact"
Uruguay,URY,Latin America & Caribbean,High income,1620.33,diet_trans_fats,Diet,Diet high in trans fats,0.000867904453292431,DALY/capita,Human Capital,Health and well-being,"HEALTH | VI — IHME GBD 2019, Valuing Impact"
Uruguay,URY,Latin America & Caribbean,High income,1620.33,diet_low_vegetables,Diet,Diet low in vegetables,0.00216904727525646,DALY/capita,Human Capital,Health and well-being,"HEALTH | VI — IHME GBD 2019, Valuing Impact"
Uruguay,URY,Latin America & Caribbean,High income,1620.33,diet_low_whole_grains,Diet,Diet low in whole grains,0.00624802195990635,DALY/capita,Human Capital,Health and well-being,"HEALTH | VI — IHME GBD 2019, Valuing Impact"
Uruguay,URY,Latin America & Caribbean,High income,1620.33,diet_risks_total,Diet,Dietary risks — aggregate,0.024991209995784303,DALY/capita,Human Capital,Health and well-being,"HEALTH | VI — IHME GBD 2019, Valuing Impact"
Uruguay,URY,Latin America & Caribbean,High income,1620.33,smoking,Lifestyle,Smoking — all causes,0.0362041212174856,DALY/capita,Human Capital,Health and well-being,"HEALTH | VI — IHME GBD 2019, Valuing Impact"
United States,USA,North America,High income,12012.24,wash_handwashing_diarrheal,WASH,No handwashing facility — diarrheal disease,2.13560079797275e-05,DALY/capita,Human Capital,Health and well-being,"HEALTH | VI — IHME GBD 2019, Valuing Impact"
United States,USA,North America,High income,12012.24,wash_sanitation_diarrheal,WASH,Unsafe sanitation — diarrheal disease,7.97947085497233e-05,DALY/capita,Human Capital,Health and well-being,"HEALTH | VI — IHME GBD 2019, Valuing Impact"
United States,USA,North America,High income,12012.24,wash_water_diarrheal,WASH,Unsafe water source — diarrheal disease,4.42217377265809e-05,DALY/capita,Human Capital,Health and well-being,"HEALTH | VI — IHME GBD 2019, Valuing Impact"
United States,USA,North America,High income,12012.24,wash_handwashing_respiratory,WASH,No handwashing — lower respiratory infections,3.66792504781508e-05,DALY/capita,Human Capital,Health and well-being,"HEALTH | VI — IHME GBD 2019, Valuing Impact"
United States,USA,North America,High income,12012.24,ohs_secondhand_smoke,OHS,Second-hand smoke — all causes,0.0030856643749552003,DALY/capita,Human Capital,Health and well-being,"HEALTH | VI — IHME GBD 2019, Valuing Impact"
United States,USA,North America,High income,12012.24,ohs_occupational_pm,OHS,Occupational PM/gases/fumes — all causes,0.00151906196242548,DALY/capita,Human Capital,Health and well-being,"HEALTH | VI — IHME GBD 2019, Valuing Impact"
United States,USA,North America,High income,12012.24,ohs_occupational_injuries,OHS,Occupational injuries — all causes,0.0018943683797386002,DALY/capita,Human Capital,Health and well-being,"HEALTH | VI — IHME GBD 2019, Valuing Impact"
United States,USA,North America,High income,12012.24,diet_processed_meat,Diet,Diet high in processed meat,0.00439166505148393,DALY/capita,Human Capital,Health and well-being,"HEALTH | VI — IHME GBD 2019, Valuing Impact"
United States,USA,North America,High income,12012.24,diet_red_meat,Diet,Diet high in red meat,0.00534782314631292,DALY/capita,Human Capital,Health and well-being,"HEALTH | VI — IHME GBD 2019, Valuing Impact"
United States,USA,North America,High income,12012.24,diet_sodium,Diet,Diet high in sodium,0.0031952811085459304,DALY/capita,Human Capital,Health and well-being,"HEALTH | VI — IHME GBD 2019, Valuing Impact"
United States,USA,North America,High income,12012.24,diet_sugary_beverages,Diet,Diet high in sugar-sweetened beverages,0.00190307478950167,DALY/capita,Human Capital,Health and well-being,"HEALTH | VI — IHME GBD 2019, Valuing Impact"
United States,USA,North America,High income,12012.24,diet_trans_fats,Diet,Diet high in trans fats,0.00345330883791668,DALY/capita,Human Capital,Health and well-being,"HEALTH | VI — IHME GBD 2019, Valuing Impact"
United States,USA,North America,High income,12012.24,diet_low_vegetables,Diet,Diet low in vegetables,0.00155154998356557,DALY/capita,Human Capital,Health and well-being,"HEALTH | VI — IHME GBD 2019, Valuing Impact"
United States,USA,North America,High income,12012.24,diet_low_whole_grains,Diet,Diet low in whole grains,0.00615889997733722,DALY/capita,Human Capital,Health and well-being,"HEALTH | VI — IHME GBD 2019, Valuing Impact"
United States,USA,North America,High income,12012.24,diet_risks_total,Diet,Dietary risks — aggregate,0.0271269813160775,DALY/capita,Human Capital,Health and well-being,"HEALTH | VI — IHME GBD 2019, Valuing Impact"
United States,USA,North America,High income,12012.24,smoking,Lifestyle,Smoking — all causes,0.042537349879214495,DALY/capita,Human Capital,Health and well-being,"HEALTH | VI — IHME GBD 2019, Valuing Impact"
Uzbekistan,UZB,Europe & Central Asia,Lower middle income,157.19,wash_handwashing_diarrheal,WASH,No handwashing facility — diarrheal disease,0.0001204526676466,DALY/capita,Human Capital,Health and well-being,"HEALTH | VI — IHME GBD 2019, Valuing Impact"
Uzbekistan,UZB,Europe & Central Asia,Lower middle income,157.19,wash_sanitation_diarrheal,WASH,Unsafe sanitation — diarrheal disease,0.000927023712543126,DALY/capita,Human Capital,Health and well-being,"HEALTH | VI — IHME GBD 2019, Valuing Impact"
Uzbekistan,UZB,Europe & Central Asia,Lower middle income,157.19,wash_water_diarrheal,WASH,Unsafe water source — diarrheal disease,0.000898048579546071,DALY/capita,Human Capital,Health and well-being,"HEALTH | VI — IHME GBD 2019, Valuing Impact"
Uzbekistan,UZB,Europe & Central Asia,Lower middle income,157.19,wash_handwashing_respiratory,WASH,No handwashing — lower respiratory infections,0.0010269107858535,DALY/capita,Human Capital,Health and well-being,"HEALTH | VI — IHME GBD 2019, Valuing Impact"
Uzbekistan,UZB,Europe & Central Asia,Lower middle income,157.19,ohs_secondhand_smoke,OHS,Second-hand smoke — all causes,0.00659842253811345,DALY/capita,Human Capital,Health and well-being,"HEALTH | VI — IHME GBD 2019, Valuing Impact"
Uzbekistan,UZB,Europe & Central Asia,Lower middle income,157.19,ohs_occupational_pm,OHS,Occupational PM/gases/fumes — all causes,0.000348952948898693,DALY/capita,Human Capital,Health and well-being,"HEALTH | VI — IHME GBD 2019, Valuing Impact"
Uzbekistan,UZB,Europe & Central Asia,Lower middle income,157.19,ohs_occupational_injuries,OHS,Occupational injuries — all causes,0.00222356301526007,DALY/capita,Human Capital,Health and well-being,"HEALTH | VI — IHME GBD 2019, Valuing Impact"
Uzbekistan,UZB,Europe & Central Asia,Lower middle income,157.19,diet_processed_meat,Diet,Diet high in processed meat,0.00277861813299152,DALY/capita,Human Capital,Health and well-being,"HEALTH | VI — IHME GBD 2019, Valuing Impact"
Uzbekistan,UZB,Europe & Central Asia,Lower middle income,157.19,diet_red_meat,Diet,Diet high in red meat,0.00634374425025901,DALY/capita,Human Capital,Health and well-being,"HEALTH | VI — IHME GBD 2019, Valuing Impact"
Uzbekistan,UZB,Europe & Central Asia,Lower middle income,157.19,diet_sodium,Diet,Diet high in sodium,0.005648064054956671,DALY/capita,Human Capital,Health and well-being,"HEALTH | VI — IHME GBD 2019, Valuing Impact"
Uzbekistan,UZB,Europe & Central Asia,Lower middle income,157.19,diet_sugary_beverages,Diet,Diet high in sugar-sweetened beverages,0.0011477041243139,DALY/capita,Human Capital,Health and well-being,"HEALTH | VI — IHME GBD 2019, Valuing Impact"
Uzbekistan,UZB,Europe & Central Asia,Lower middle income,157.19,diet_trans_fats,Diet,Diet high in trans fats,0.00242625712872098,DALY/capita,Human Capital,Health and well-being,"HEALTH | VI — IHME GBD 2019, Valuing Impact"
Uzbekistan,UZB,Europe & Central Asia,Lower middle income,157.19,diet_low_vegetables,Diet,Diet low in vegetables,0.0001568712612005,DALY/capita,Human Capital,Health and well-being,"HEALTH | VI — IHME GBD 2019, Valuing Impact"
Uzbekistan,UZB,Europe & Central Asia,Lower middle income,157.19,diet_low_whole_grains,Diet,Diet low in whole grains,0.015724984961749202,DALY/capita,Human Capital,Health and well-being,"HEALTH | VI — IHME GBD 2019, Valuing Impact"
Uzbekistan,UZB,Europe & Central Asia,Lower middle income,157.19,diet_risks_total,Diet,Dietary risks — aggregate,0.0449177783036412,DALY/capita,Human Capital,Health and well-being,"HEALTH | VI — IHME GBD 2019, Valuing Impact"
Uzbekistan,UZB,Europe & Central Asia,Lower middle income,157.19,smoking,Lifestyle,Smoking — all causes,0.0212455152874681,DALY/capita,Human Capital,Health and well-being,"HEALTH | VI — IHME GBD 2019, Valuing Impact"
St. Vincent and the Grenadines,VCT,Latin America & Caribbean,Upper middle income,448.31,wash_handwashing_diarrheal,WASH,No handwashing facility — diarrheal disease,0.00040732641957524104,DALY/capita,Human Capital,Health and well-being,"HEALTH | VI — IHME GBD 2019, Valuing Impact"
St. Vincent and the Grenadines,VCT,Latin America & Caribbean,Upper middle income,448.31,wash_sanitation_diarrheal,WASH,Unsafe sanitation — diarrheal disease,0.000966640114550756,DALY/capita,Human Capital,Health and well-being,"HEALTH | VI — IHME GBD 2019, Valuing Impact"
St. Vincent and the Grenadines,VCT,Latin America & Caribbean,Upper middle income,448.31,wash_water_diarrheal,WASH,Unsafe water source — diarrheal disease,0.00222494116200311,DALY/capita,Human Capital,Health and well-being,"HEALTH | VI — IHME GBD 2019, Valuing Impact"
St. Vincent and the Grenadines,VCT,Latin America & Caribbean,Upper middle income,448.31,wash_handwashing_respiratory,WASH,No handwashing — lower respiratory infections,0.0006636015494965341,DALY/capita,Human Capital,Health and well-being,"HEALTH | VI — IHME GBD 2019, Valuing Impact"
St. Vincent and the Grenadines,VCT,Latin America & Caribbean,Upper middle income,448.31,ohs_secondhand_smoke,OHS,Second-hand smoke — all causes,0.0038453457518909896,DALY/capita,Human Capital,Health and well-being,"HEALTH | VI — IHME GBD 2019, Valuing Impact"
St. Vincent and the Grenadines,VCT,Latin America & Caribbean,Upper middle income,448.31,ohs_occupational_pm,OHS,Occupational PM/gases/fumes — all causes,0.000387459736244605,DALY/capita,Human Capital,Health and well-being,"HEALTH | VI — IHME GBD 2019, Valuing Impact"
St. Vincent and the Grenadines,VCT,Latin America & Caribbean,Upper middle income,448.31,ohs_occupational_injuries,OHS,Occupational injuries — all causes,0.000476712325258767,DALY/capita,Human Capital,Health and well-being,"HEALTH | VI — IHME GBD 2019, Valuing Impact"
St. Vincent and the Grenadines,VCT,Latin America & Caribbean,Upper middle income,448.31,diet_processed_meat,Diet,Diet high in processed meat,0.0013650318186942201,DALY/capita,Human Capital,Health and well-being,"HEALTH | VI — IHME GBD 2019, Valuing Impact"
St. Vincent and the Grenadines,VCT,Latin America & Caribbean,Upper middle income,448.31,diet_red_meat,Diet,Diet high in red meat,0.00308864490063834,DALY/capita,Human Capital,Health and well-being,"HEALTH | VI — IHME GBD 2019, Valuing Impact"
St. Vincent and the Grenadines,VCT,Latin America & Caribbean,Upper middle income,448.31,diet_sodium,Diet,Diet high in sodium,0.0032279754333664197,DALY/capita,Human Capital,Health and well-being,"HEALTH | VI — IHME GBD 2019, Valuing Impact"
St. Vincent and the Grenadines,VCT,Latin America & Caribbean,Upper middle income,448.31,diet_sugary_beverages,Diet,Diet high in sugar-sweetened beverages,0.0014443314717889398,DALY/capita,Human Capital,Health and well-being,"HEALTH | VI — IHME GBD 2019, Valuing Impact"
St. Vincent and the Grenadines,VCT,Latin America & Caribbean,Upper middle income,448.31,diet_trans_fats,Diet,Diet high in trans fats,0.00135790415658174,DALY/capita,Human Capital,Health and well-being,"HEALTH | VI — IHME GBD 2019, Valuing Impact"
St. Vincent and the Grenadines,VCT,Latin America & Caribbean,Upper middle income,448.31,diet_low_vegetables,Diet,Diet low in vegetables,0.0033055618635793797,DALY/capita,Human Capital,Health and well-being,"HEALTH | VI — IHME GBD 2019, Valuing Impact"
St. Vincent and the Grenadines,VCT,Latin America & Caribbean,Upper middle income,448.31,diet_low_whole_grains,Diet,Diet low in whole grains,0.00778763370370894,DALY/capita,Human Capital,Health and well-being,"HEALTH | VI — IHME GBD 2019, Valuing Impact"
St. Vincent and the Grenadines,VCT,Latin America & Caribbean,Upper middle income,448.31,diet_risks_total,Diet,Dietary risks — aggregate,0.026609798043617103,DALY/capita,Human Capital,Health and well-being,"HEALTH | VI — IHME GBD 2019, Valuing Impact"
St. Vincent and the Grenadines,VCT,Latin America & Caribbean,Upper middle income,448.31,smoking,Lifestyle,Smoking — all causes,0.015195168649923601,DALY/capita,Human Capital,Health and well-being,"HEALTH | VI — IHME GBD 2019, Valuing Impact"
"Venezuela, RB",VEN,Latin America & Caribbean,,160.1,wash_handwashing_diarrheal,WASH,No handwashing facility — diarrheal disease,0.000299965379058991,DALY/capita,Human Capital,Health and well-being,"HEALTH | VI — IHME GBD 2019, Valuing Impact"
"Venezuela, RB",VEN,Latin America & Caribbean,,160.1,wash_sanitation_diarrheal,WASH,Unsafe sanitation — diarrheal disease,0.0006830306313619199,DALY/capita,Human Capital,Health and well-being,"HEALTH | VI — IHME GBD 2019, Valuing Impact"
"Venezuela, RB",VEN,Latin America & Caribbean,,160.1,wash_water_diarrheal,WASH,Unsafe water source — diarrheal disease,0.00180837749531978,DALY/capita,Human Capital,Health and well-being,"HEALTH | VI — IHME GBD 2019, Valuing Impact"
"Venezuela, RB",VEN,Latin America & Caribbean,,160.1,wash_handwashing_respiratory,WASH,No handwashing — lower respiratory infections,0.00033701141152242997,DALY/capita,Human Capital,Health and well-being,"HEALTH | VI — IHME GBD 2019, Valuing Impact"
"Venezuela, RB",VEN,Latin America & Caribbean,,160.1,ohs_secondhand_smoke,OHS,Second-hand smoke — all causes,0.0038939967863728204,DALY/capita,Human Capital,Health and well-being,"HEALTH | VI — IHME GBD 2019, Valuing Impact"
"Venezuela, RB",VEN,Latin America & Caribbean,,160.1,ohs_occupational_pm,OHS,Occupational PM/gases/fumes — all causes,0.000595281690403343,DALY/capita,Human Capital,Health and well-being,"HEALTH | VI — IHME GBD 2019, Valuing Impact"
"Venezuela, RB",VEN,Latin America & Caribbean,,160.1,ohs_occupational_injuries,OHS,Occupational injuries — all causes,0.0077279832260681,DALY/capita,Human Capital,Health and well-being,"HEALTH | VI — IHME GBD 2019, Valuing Impact"
"Venezuela, RB",VEN,Latin America & Caribbean,,160.1,diet_processed_meat,Diet,Diet high in processed meat,0.00105958623093875,DALY/capita,Human Capital,Health and well-being,"HEALTH | VI — IHME GBD 2019, Valuing Impact"
"Venezuela, RB",VEN,Latin America & Caribbean,,160.1,diet_red_meat,Diet,Diet high in red meat,0.00324806300312114,DALY/capita,Human Capital,Health and well-being,"HEALTH | VI — IHME GBD 2019, Valuing Impact"
"Venezuela, RB",VEN,Latin America & Caribbean,,160.1,diet_sodium,Diet,Diet high in sodium,0.00529563751418603,DALY/capita,Human Capital,Health and well-being,"HEALTH | VI — IHME GBD 2019, Valuing Impact"
"Venezuela, RB",VEN,Latin America & Caribbean,,160.1,diet_sugary_beverages,Diet,Diet high in sugar-sweetened beverages,0.0009080651739907771,DALY/capita,Human Capital,Health and well-being,"HEALTH | VI — IHME GBD 2019, Valuing Impact"
"Venezuela, RB",VEN,Latin America & Caribbean,,160.1,diet_trans_fats,Diet,Diet high in trans fats,0.00221379757151888,DALY/capita,Human Capital,Health and well-being,"HEALTH | VI — IHME GBD 2019, Valuing Impact"
"Venezuela, RB",VEN,Latin America & Caribbean,,160.1,diet_low_vegetables,Diet,Diet low in vegetables,0.0026235823946076,DALY/capita,Human Capital,Health and well-being,"HEALTH | VI — IHME GBD 2019, Valuing Impact"
"Venezuela, RB",VEN,Latin America & Caribbean,,160.1,diet_low_whole_grains,Diet,Diet low in whole grains,0.00497132808279671,DALY/capita,Human Capital,Health and well-being,"HEALTH | VI — IHME GBD 2019, Valuing Impact"
"Venezuela, RB",VEN,Latin America & Caribbean,,160.1,diet_risks_total,Diet,Dietary risks — aggregate,0.0255171046877272,DALY/capita,Human Capital,Health and well-being,"HEALTH | VI — IHME GBD 2019, Valuing Impact"
"Venezuela, RB",VEN,Latin America & Caribbean,,160.1,smoking,Lifestyle,Smoking — all causes,0.0163111530176762,DALY/capita,Human Capital,Health and well-being,"HEALTH | VI — IHME GBD 2019, Valuing Impact"
British Virgin Islands,VGB,Latin America & Caribbean,High income,0.0,diet_processed_meat,Diet,Diet high in processed meat,0.0,DALY/capita,Human Capital,Health and well-being,"HEALTH | VI — IHME GBD 2019, Valuing Impact"
British Virgin Islands,VGB,Latin America & Caribbean,High income,0.0,diet_red_meat,Diet,Diet high in red meat,0.0,DALY/capita,Human Capital,Health and well-being,"HEALTH | VI — IHME GBD 2019, Valuing Impact"
British Virgin Islands,VGB,Latin America & Caribbean,High income,0.0,diet_sodium,Diet,Diet high in sodium,0.0,DALY/capita,Human Capital,Health and well-being,"HEALTH | VI — IHME GBD 2019, Valuing Impact"
British Virgin Islands,VGB,Latin America & Caribbean,High income,0.0,diet_sugary_beverages,Diet,Diet high in sugar-sweetened beverages,0.0,DALY/capita,Human Capital,Health and well-being,"HEALTH | VI — IHME GBD 2019, Valuing Impact"
British Virgin Islands,VGB,Latin America & Caribbean,High income,0.0,diet_trans_fats,Diet,Diet high in trans fats,0.0,DALY/capita,Human Capital,Health and well-being,"HEALTH | VI — IHME GBD 2019, Valuing Impact"
British Virgin Islands,VGB,Latin America & Caribbean,High income,0.0,diet_low_vegetables,Diet,Diet low in vegetables,0.0,DALY/capita,Human Capital,Health and well-being,"HEALTH | VI — IHME GBD 2019, Valuing Impact"
British Virgin Islands,VGB,Latin America & Caribbean,High income,0.0,diet_low_whole_grains,Diet,Diet low in whole grains,0.0,DALY/capita,Human Capital,Health and well-being,"HEALTH | VI — IHME GBD 2019, Valuing Impact"
British Virgin Islands,VGB,Latin America & Caribbean,High income,0.0,diet_risks_total,Diet,Dietary risks — aggregate,0.0,DALY/capita,Human Capital,Health and well-being,"HEALTH | VI — IHME GBD 2019, Valuing Impact"
Virgin Islands (U.S.),VIR,Latin America & Caribbean,High income,0.0,wash_handwashing_diarrheal,WASH,No handwashing facility — diarrheal disease,0.000224084579174518,DALY/capita,Human Capital,Health and well-being,"HEALTH | VI — IHME GBD 2019, Valuing Impact"
Virgin Islands (U.S.),VIR,Latin America & Caribbean,High income,0.0,wash_sanitation_diarrheal,WASH,Unsafe sanitation — diarrheal disease,0.000194734533757144,DALY/capita,Human Capital,Health and well-being,"HEALTH | VI — IHME GBD 2019, Valuing Impact"
Virgin Islands (U.S.),VIR,Latin America & Caribbean,High income,0.0,wash_water_diarrheal,WASH,Unsafe water source — diarrheal disease,0.00158476743625105,DALY/capita,Human Capital,Health and well-being,"HEALTH | VI — IHME GBD 2019, Valuing Impact"
Virgin Islands (U.S.),VIR,Latin America & Caribbean,High income,0.0,wash_handwashing_respiratory,WASH,No handwashing — lower respiratory infections,0.000278013246803428,DALY/capita,Human Capital,Health and well-being,"HEALTH | VI — IHME GBD 2019, Valuing Impact"
Virgin Islands (U.S.),VIR,Latin America & Caribbean,High income,0.0,ohs_secondhand_smoke,OHS,Second-hand smoke — all causes,0.00487891302581753,DALY/capita,Human Capital,Health and well-being,"HEALTH | VI — IHME GBD 2019, Valuing Impact"
Virgin Islands (U.S.),VIR,Latin America & Caribbean,High income,0.0,ohs_occupational_pm,OHS,Occupational PM/gases/fumes — all causes,0.000516817857234978,DALY/capita,Human Capital,Health and well-being,"HEALTH | VI — IHME GBD 2019, Valuing Impact"
Virgin Islands (U.S.),VIR,Latin America & Caribbean,High income,0.0,ohs_occupational_injuries,OHS,Occupational injuries — all causes,0.00248533390800126,DALY/capita,Human Capital,Health and well-being,"HEALTH | VI — IHME GBD 2019, Valuing Impact"
Virgin Islands (U.S.),VIR,Latin America & Caribbean,High income,0.0,diet_processed_meat,Diet,Diet high in processed meat,0.0017030132304581202,DALY/capita,Human Capital,Health and well-being,"HEALTH | VI — IHME GBD 2019, Valuing Impact"
Virgin Islands (U.S.),VIR,Latin America & Caribbean,High income,0.0,diet_red_meat,Diet,Diet high in red meat,0.00484462190830494,DALY/capita,Human Capital,Health and well-being,"HEALTH | VI — IHME GBD 2019, Valuing Impact"
Virgin Islands (U.S.),VIR,Latin America & Caribbean,High income,0.0,diet_sodium,Diet,Diet high in sodium,0.00493606112366081,DALY/capita,Human Capital,Health and well-being,"HEALTH | VI — IHME GBD 2019, Valuing Impact"
Virgin Islands (U.S.),VIR,Latin America & Caribbean,High income,0.0,diet_sugary_beverages,Diet,Diet high in sugar-sweetened beverages,0.002371409544973,DALY/capita,Human Capital,Health and well-being,"HEALTH | VI — IHME GBD 2019, Valuing Impact"
Virgin Islands (U.S.),VIR,Latin America & Caribbean,High income,0.0,diet_trans_fats,Diet,Diet high in trans fats,0.0027404839495985198,DALY/capita,Human Capital,Health and well-being,"HEALTH | VI — IHME GBD 2019, Valuing Impact"
Virgin Islands (U.S.),VIR,Latin America & Caribbean,High income,0.0,diet_low_vegetables,Diet,Diet low in vegetables,0.00400811584833366,DALY/capita,Human Capital,Health and well-being,"HEALTH | VI — IHME GBD 2019, Valuing Impact"
Virgin Islands (U.S.),VIR,Latin America & Caribbean,High income,0.0,diet_low_whole_grains,Diet,Diet low in whole grains,0.0130191328416135,DALY/capita,Human Capital,Health and well-being,"HEALTH | VI — IHME GBD 2019, Valuing Impact"
Virgin Islands (U.S.),VIR,Latin America & Caribbean,High income,0.0,diet_risks_total,Diet,Dietary risks — aggregate,0.0390899925017087,DALY/capita,Human Capital,Health and well-being,"HEALTH | VI — IHME GBD 2019, Valuing Impact"
Virgin Islands (U.S.),VIR,Latin America & Caribbean,High income,0.0,smoking,Lifestyle,Smoking — all causes,0.0260075805802663,DALY/capita,Human Capital,Health and well-being,"HEALTH | VI — IHME GBD 2019, Valuing Impact"
Vietnam,VNM,East Asia & Pacific,Lower middle income,172.55,wash_handwashing_diarrheal,WASH,No handwashing facility — diarrheal disease,0.00017294293393597802,DALY/capita,Human Capital,Health and well-being,"HEALTH | VI — IHME GBD 2019, Valuing Impact"
Vietnam,VNM,East Asia & Pacific,Lower middle income,172.55,wash_sanitation_diarrheal,WASH,Unsafe sanitation — diarrheal disease,0.000469287323224142,DALY/capita,Human Capital,Health and well-being,"HEALTH | VI — IHME GBD 2019, Valuing Impact"
Vietnam,VNM,East Asia & Pacific,Lower middle income,172.55,wash_water_diarrheal,WASH,Unsafe water source — diarrheal disease,0.0009721948458632529,DALY/capita,Human Capital,Health and well-being,"HEALTH | VI — IHME GBD 2019, Valuing Impact"
Vietnam,VNM,East Asia & Pacific,Lower middle income,172.55,wash_handwashing_respiratory,WASH,No handwashing — lower respiratory infections,0.000516267700425659,DALY/capita,Human Capital,Health and well-being,"HEALTH | VI — IHME GBD 2019, Valuing Impact"
Vietnam,VNM,East Asia & Pacific,Lower middle income,172.55,ohs_secondhand_smoke,OHS,Second-hand smoke — all causes,0.00541877801020708,DALY/capita,Human Capital,Health and well-being,"HEALTH | VI — IHME GBD 2019, Valuing Impact"
Vietnam,VNM,East Asia & Pacific,Lower middle income,172.55,ohs_occupational_pm,OHS,Occupational PM/gases/fumes — all causes,0.00144399164889246,DALY/capita,Human Capital,Health and well-being,"HEALTH | VI — IHME GBD 2019, Valuing Impact"
Vietnam,VNM,East Asia & Pacific,Lower middle income,172.55,ohs_occupational_injuries,OHS,Occupational injuries — all causes,0.00271172541085418,DALY/capita,Human Capital,Health and well-being,"HEALTH | VI — IHME GBD 2019, Valuing Impact"
Vietnam,VNM,East Asia & Pacific,Lower middle income,172.55,diet_processed_meat,Diet,Diet high in processed meat,0.000161728856056723,DALY/capita,Human Capital,Health and well-being,"HEALTH | VI — IHME GBD 2019, Valuing Impact"
Vietnam,VNM,East Asia & Pacific,Lower middle income,172.55,diet_red_meat,Diet,Diet high in red meat,0.00461543889613644,DALY/capita,Human Capital,Health and well-being,"HEALTH | VI — IHME GBD 2019, Valuing Impact"
Vietnam,VNM,East Asia & Pacific,Lower middle income,172.55,diet_sodium,Diet,Diet high in sodium,0.0079517743271828,DALY/capita,Human Capital,Health and well-being,"HEALTH | VI — IHME GBD 2019, Valuing Impact"
Vietnam,VNM,East Asia & Pacific,Lower middle income,172.55,diet_sugary_beverages,Diet,Diet high in sugar-sweetened beverages,0.00047289402163809297,DALY/capita,Human Capital,Health and well-being,"HEALTH | VI — IHME GBD 2019, Valuing Impact"
Vietnam,VNM,East Asia & Pacific,Lower middle income,172.55,diet_trans_fats,Diet,Diet high in trans fats,0.000791240852896734,DALY/capita,Human Capital,Health and well-being,"HEALTH | VI — IHME GBD 2019, Valuing Impact"
Vietnam,VNM,East Asia & Pacific,Lower middle income,172.55,diet_low_vegetables,Diet,Diet low in vegetables,0.0014257695976382702,DALY/capita,Human Capital,Health and well-being,"HEALTH | VI — IHME GBD 2019, Valuing Impact"
Vietnam,VNM,East Asia & Pacific,Lower middle income,172.55,diet_low_whole_grains,Diet,Diet low in whole grains,0.00306325784745825,DALY/capita,Human Capital,Health and well-being,"HEALTH | VI — IHME GBD 2019, Valuing Impact"
Vietnam,VNM,East Asia & Pacific,Lower middle income,172.55,diet_risks_total,Diet,Dietary risks — aggregate,0.026005364616291198,DALY/capita,Human Capital,Health and well-being,"HEALTH | VI — IHME GBD 2019, Valuing Impact"
Vietnam,VNM,East Asia & Pacific,Lower middle income,172.55,smoking,Lifestyle,Smoking — all causes,0.0287717318693576,DALY/capita,Human Capital,Health and well-being,"HEALTH | VI — IHME GBD 2019, Valuing Impact"
Vanuatu,VUT,East Asia & Pacific,Lower middle income,133.15,wash_handwashing_diarrheal,WASH,No handwashing facility — diarrheal disease,0.00166503473322268,DALY/capita,Human Capital,Health and well-being,"HEALTH | VI — IHME GBD 2019, Valuing Impact"
Vanuatu,VUT,East Asia & Pacific,Lower middle income,133.15,wash_sanitation_diarrheal,WASH,Unsafe sanitation — diarrheal disease,0.006354041336844719,DALY/capita,Human Capital,Health and well-being,"HEALTH | VI — IHME GBD 2019, Valuing Impact"
Vanuatu,VUT,East Asia & Pacific,Lower middle income,133.15,wash_water_diarrheal,WASH,Unsafe water source — diarrheal disease,0.00886142468610193,DALY/capita,Human Capital,Health and well-being,"HEALTH | VI — IHME GBD 2019, Valuing Impact"
Vanuatu,VUT,East Asia & Pacific,Lower middle income,133.15,wash_handwashing_respiratory,WASH,No handwashing — lower respiratory infections,0.00183744645617918,DALY/capita,Human Capital,Health and well-being,"HEALTH | VI — IHME GBD 2019, Valuing Impact"
Vanuatu,VUT,East Asia & Pacific,Lower middle income,133.15,ohs_secondhand_smoke,OHS,Second-hand smoke — all causes,0.007800637331454961,DALY/capita,Human Capital,Health and well-being,"HEALTH | VI — IHME GBD 2019, Valuing Impact"
Vanuatu,VUT,East Asia & Pacific,Lower middle income,133.15,ohs_occupational_pm,OHS,Occupational PM/gases/fumes — all causes,0.0016500484284269399,DALY/capita,Human Capital,Health and well-being,"HEALTH | VI — IHME GBD 2019, Valuing Impact"
Vanuatu,VUT,East Asia & Pacific,Lower middle income,133.15,ohs_occupational_injuries,OHS,Occupational injuries — all causes,0.0030778547688642198,DALY/capita,Human Capital,Health and well-being,"HEALTH | VI — IHME GBD 2019, Valuing Impact"
Vanuatu,VUT,East Asia & Pacific,Lower middle income,133.15,diet_processed_meat,Diet,Diet high in processed meat,0.000739786316609969,DALY/capita,Human Capital,Health and well-being,"HEALTH | VI — IHME GBD 2019, Valuing Impact"
Vanuatu,VUT,East Asia & Pacific,Lower middle income,133.15,diet_red_meat,Diet,Diet high in red meat,0.00693261038334625,DALY/capita,Human Capital,Health and well-being,"HEALTH | VI — IHME GBD 2019, Valuing Impact"
Vanuatu,VUT,East Asia & Pacific,Lower middle income,133.15,diet_sodium,Diet,Diet high in sodium,0.00704781090885673,DALY/capita,Human Capital,Health and well-being,"HEALTH | VI — IHME GBD 2019, Valuing Impact"
Vanuatu,VUT,East Asia & Pacific,Lower middle income,133.15,diet_sugary_beverages,Diet,Diet high in sugar-sweetened beverages,0.00105395834916174,DALY/capita,Human Capital,Health and well-being,"HEALTH | VI — IHME GBD 2019, Valuing Impact"
Vanuatu,VUT,East Asia & Pacific,Lower middle income,133.15,diet_trans_fats,Diet,Diet high in trans fats,0.00252089583413838,DALY/capita,Human Capital,Health and well-being,"HEALTH | VI — IHME GBD 2019, Valuing Impact"
Vanuatu,VUT,East Asia & Pacific,Lower middle income,133.15,diet_low_vegetables,Diet,Diet low in vegetables,0.00711074856635306,DALY/capita,Human Capital,Health and well-being,"HEALTH | VI — IHME GBD 2019, Valuing Impact"
Vanuatu,VUT,East Asia & Pacific,Lower middle income,133.15,diet_low_whole_grains,Diet,Diet low in whole grains,0.010904209457786801,DALY/capita,Human Capital,Health and well-being,"HEALTH | VI — IHME GBD 2019, Valuing Impact"
Vanuatu,VUT,East Asia & Pacific,Lower middle income,133.15,diet_risks_total,Diet,Dietary risks — aggregate,0.041400345223566004,DALY/capita,Human Capital,Health and well-being,"HEALTH | VI — IHME GBD 2019, Valuing Impact"
Vanuatu,VUT,East Asia & Pacific,Lower middle income,133.15,smoking,Lifestyle,Smoking — all causes,0.0262312412666959,DALY/capita,Human Capital,Health and well-being,"HEALTH | VI — IHME GBD 2019, Valuing Impact"
Samoa,WSM,East Asia & Pacific,Lower middle income,263.89,wash_handwashing_diarrheal,WASH,No handwashing facility — diarrheal disease,0.000128000068293262,DALY/capita,Human Capital,Health and well-being,"HEALTH | VI — IHME GBD 2019, Valuing Impact"
Samoa,WSM,East Asia & Pacific,Lower middle income,263.89,wash_sanitation_diarrheal,WASH,Unsafe sanitation — diarrheal disease,0.000264581384476601,DALY/capita,Human Capital,Health and well-being,"HEALTH | VI — IHME GBD 2019, Valuing Impact"
Samoa,WSM,East Asia & Pacific,Lower middle income,263.89,wash_water_diarrheal,WASH,Unsafe water source — diarrheal disease,0.00212123565367062,DALY/capita,Human Capital,Health and well-being,"HEALTH | VI — IHME GBD 2019, Valuing Impact"
Samoa,WSM,East Asia & Pacific,Lower middle income,263.89,wash_handwashing_respiratory,WASH,No handwashing — lower respiratory infections,0.000206960836459823,DALY/capita,Human Capital,Health and well-being,"HEALTH | VI — IHME GBD 2019, Valuing Impact"
Samoa,WSM,East Asia & Pacific,Lower middle income,263.89,ohs_secondhand_smoke,OHS,Second-hand smoke — all causes,0.00962424741313946,DALY/capita,Human Capital,Health and well-being,"HEALTH | VI — IHME GBD 2019, Valuing Impact"
Samoa,WSM,East Asia & Pacific,Lower middle income,263.89,ohs_occupational_pm,OHS,Occupational PM/gases/fumes — all causes,0.000799238671670422,DALY/capita,Human Capital,Health and well-being,"HEALTH | VI — IHME GBD 2019, Valuing Impact"
Samoa,WSM,East Asia & Pacific,Lower middle income,263.89,ohs_occupational_injuries,OHS,Occupational injuries — all causes,0.0015309913273318198,DALY/capita,Human Capital,Health and well-being,"HEALTH | VI — IHME GBD 2019, Valuing Impact"
Samoa,WSM,East Asia & Pacific,Lower middle income,263.89,diet_processed_meat,Diet,Diet high in processed meat,0.0008428358240293361,DALY/capita,Human Capital,Health and well-being,"HEALTH | VI — IHME GBD 2019, Valuing Impact"
Samoa,WSM,East Asia & Pacific,Lower middle income,263.89,diet_red_meat,Diet,Diet high in red meat,0.00480798195219559,DALY/capita,Human Capital,Health and well-being,"HEALTH | VI — IHME GBD 2019, Valuing Impact"
Samoa,WSM,East Asia & Pacific,Lower middle income,263.89,diet_sodium,Diet,Diet high in sodium,0.0017351171875231199,DALY/capita,Human Capital,Health and well-being,"HEALTH | VI — IHME GBD 2019, Valuing Impact"
Samoa,WSM,East Asia & Pacific,Lower middle income,263.89,diet_sugary_beverages,Diet,Diet high in sugar-sweetened beverages,0.00118892322267156,DALY/capita,Human Capital,Health and well-being,"HEALTH | VI — IHME GBD 2019, Valuing Impact"
Samoa,WSM,East Asia & Pacific,Lower middle income,263.89,diet_trans_fats,Diet,Diet high in trans fats,0.00185988898936298,DALY/capita,Human Capital,Health and well-being,"HEALTH | VI — IHME GBD 2019, Valuing Impact"
Samoa,WSM,East Asia & Pacific,Lower middle income,263.89,diet_low_vegetables,Diet,Diet low in vegetables,0.00574210913143142,DALY/capita,Human Capital,Health and well-being,"HEALTH | VI — IHME GBD 2019, Valuing Impact"
Samoa,WSM,East Asia & Pacific,Lower middle income,263.89,diet_low_whole_grains,Diet,Diet low in whole grains,0.00923409310652672,DALY/capita,Human Capital,Health and well-being,"HEALTH | VI — IHME GBD 2019, Valuing Impact"
Samoa,WSM,East Asia & Pacific,Lower middle income,263.89,diet_risks_total,Diet,Dietary risks — aggregate,0.030277480530902998,DALY/capita,Human Capital,Health and well-being,"HEALTH | VI — IHME GBD 2019, Valuing Impact"
Samoa,WSM,East Asia & Pacific,Lower middle income,263.89,smoking,Lifestyle,Smoking — all causes,0.0334612471712775,DALY/capita,Human Capital,Health and well-being,"HEALTH | VI — IHME GBD 2019, Valuing Impact"
Kosovo,XKX,Europe & Central Asia,Upper middle income,0.0,diet_processed_meat,Diet,Diet high in processed meat,0.0,DALY/capita,Human Capital,Health and well-being,"HEALTH | VI — IHME GBD 2019, Valuing Impact"
Kosovo,XKX,Europe & Central Asia,Upper middle income,0.0,diet_red_meat,Diet,Diet high in red meat,0.0,DALY/capita,Human Capital,Health and well-being,"HEALTH | VI — IHME GBD 2019, Valuing Impact"
Kosovo,XKX,Europe & Central Asia,Upper middle income,0.0,diet_sodium,Diet,Diet high in sodium,0.0,DALY/capita,Human Capital,Health and well-being,"HEALTH | VI — IHME GBD 2019, Valuing Impact"
Kosovo,XKX,Europe & Central Asia,Upper middle income,0.0,diet_sugary_beverages,Diet,Diet high in sugar-sweetened beverages,0.0,DALY/capita,Human Capital,Health and well-being,"HEALTH | VI — IHME GBD 2019, Valuing Impact"
Kosovo,XKX,Europe & Central Asia,Upper middle income,0.0,diet_trans_fats,Diet,Diet high in trans fats,0.0,DALY/capita,Human Capital,Health and well-being,"HEALTH | VI — IHME GBD 2019, Valuing Impact"
Kosovo,XKX,Europe & Central Asia,Upper middle income,0.0,diet_low_vegetables,Diet,Diet low in vegetables,0.0,DALY/capita,Human Capital,Health and well-being,"HEALTH | VI — IHME GBD 2019, Valuing Impact"
Kosovo,XKX,Europe & Central Asia,Upper middle income,0.0,diet_low_whole_grains,Diet,Diet low in whole grains,0.0,DALY/capita,Human Capital,Health and well-being,"HEALTH | VI — IHME GBD 2019, Valuing Impact"
Kosovo,XKX,Europe & Central Asia,Upper middle income,0.0,diet_risks_total,Diet,Dietary risks — aggregate,0.0,DALY/capita,Human Capital,Health and well-being,"HEALTH | VI — IHME GBD 2019, Valuing Impact"
"Yemen, Rep.",YEM,Middle East & North Africa,Low income,0.0,wash_handwashing_diarrheal,WASH,No handwashing facility — diarrheal disease,0.0040609162328890305,DALY/capita,Human Capital,Health and well-being,"HEALTH | VI — IHME GBD 2019, Valuing Impact"
"Yemen, Rep.",YEM,Middle East & North Africa,Low income,0.0,wash_sanitation_diarrheal,WASH,Unsafe sanitation — diarrheal disease,0.0101998202692722,DALY/capita,Human Capital,Health and well-being,"HEALTH | VI — IHME GBD 2019, Valuing Impact"
"Yemen, Rep.",YEM,Middle East & North Africa,Low income,0.0,wash_water_diarrheal,WASH,Unsafe water source — diarrheal disease,0.0160860266275435,DALY/capita,Human Capital,Health and well-being,"HEALTH | VI — IHME GBD 2019, Valuing Impact"
"Yemen, Rep.",YEM,Middle East & North Africa,Low income,0.0,wash_handwashing_respiratory,WASH,No handwashing — lower respiratory infections,0.0015543052827241201,DALY/capita,Human Capital,Health and well-being,"HEALTH | VI — IHME GBD 2019, Valuing Impact"
"Yemen, Rep.",YEM,Middle East & North Africa,Low income,0.0,ohs_secondhand_smoke,OHS,Second-hand smoke — all causes,0.00521053344566679,DALY/capita,Human Capital,Health and well-being,"HEALTH | VI — IHME GBD 2019, Valuing Impact"
"Yemen, Rep.",YEM,Middle East & North Africa,Low income,0.0,ohs_occupational_pm,OHS,Occupational PM/gases/fumes — all causes,0.00035766371328663406,DALY/capita,Human Capital,Health and well-being,"HEALTH | VI — IHME GBD 2019, Valuing Impact"
"Yemen, Rep.",YEM,Middle East & North Africa,Low income,0.0,ohs_occupational_injuries,OHS,Occupational injuries — all causes,0.00327838065119164,DALY/capita,Human Capital,Health and well-being,"HEALTH | VI — IHME GBD 2019, Valuing Impact"
"Yemen, Rep.",YEM,Middle East & North Africa,Low income,0.0,diet_processed_meat,Diet,Diet high in processed meat,0.000260650937348433,DALY/capita,Human Capital,Health and well-being,"HEALTH | VI — IHME GBD 2019, Valuing Impact"
"Yemen, Rep.",YEM,Middle East & North Africa,Low income,0.0,diet_red_meat,Diet,Diet high in red meat,0.00118875111696544,DALY/capita,Human Capital,Health and well-being,"HEALTH | VI — IHME GBD 2019, Valuing Impact"
"Yemen, Rep.",YEM,Middle East & North Africa,Low income,0.0,diet_sodium,Diet,Diet high in sodium,0.0010976529967146,DALY/capita,Human Capital,Health and well-being,"HEALTH | VI — IHME GBD 2019, Valuing Impact"
"Yemen, Rep.",YEM,Middle East & North Africa,Low income,0.0,diet_sugary_beverages,Diet,Diet high in sugar-sweetened beverages,0.000997494521673721,DALY/capita,Human Capital,Health and well-being,"HEALTH | VI — IHME GBD 2019, Valuing Impact"
"Yemen, Rep.",YEM,Middle East & North Africa,Low income,0.0,diet_trans_fats,Diet,Diet high in trans fats,0.00203408626913499,DALY/capita,Human Capital,Health and well-being,"HEALTH | VI — IHME GBD 2019, Valuing Impact"
"Yemen, Rep.",YEM,Middle East & North Africa,Low income,0.0,diet_low_vegetables,Diet,Diet low in vegetables,0.0032950571246247603,DALY/capita,Human Capital,Health and well-being,"HEALTH | VI — IHME GBD 2019, Valuing Impact"
"Yemen, Rep.",YEM,Middle East & North Africa,Low income,0.0,diet_low_whole_grains,Diet,Diet low in whole grains,0.00796042465772596,DALY/capita,Human Capital,Health and well-being,"HEALTH | VI — IHME GBD 2019, Valuing Impact"
"Yemen, Rep.",YEM,Middle East & North Africa,Low income,0.0,diet_risks_total,Diet,Dietary risks — aggregate,0.021842566745939897,DALY/capita,Human Capital,Health and well-being,"HEALTH | VI — IHME GBD 2019, Valuing Impact"
"Yemen, Rep.",YEM,Middle East & North Africa,Low income,0.0,smoking,Lifestyle,Smoking — all causes,0.017106847089314398,DALY/capita,Human Capital,Health and well-being,"HEALTH | VI — IHME GBD 2019, Valuing Impact"
South Africa,ZAF,Sub-Saharan Africa,Upper middle income,583.67,wash_handwashing_diarrheal,WASH,No handwashing facility — diarrheal disease,0.00284436366842827,DALY/capita,Human Capital,Health and well-being,"HEALTH | VI — IHME GBD 2019, Valuing Impact"
South Africa,ZAF,Sub-Saharan Africa,Upper middle income,583.67,wash_sanitation_diarrheal,WASH,Unsafe sanitation — diarrheal disease,0.0048401978054272,DALY/capita,Human Capital,Health and well-being,"HEALTH | VI — IHME GBD 2019, Valuing Impact"
South Africa,ZAF,Sub-Saharan Africa,Upper middle income,583.67,wash_water_diarrheal,WASH,Unsafe water source — diarrheal disease,0.00862522894215734,DALY/capita,Human Capital,Health and well-being,"HEALTH | VI — IHME GBD 2019, Valuing Impact"
South Africa,ZAF,Sub-Saharan Africa,Upper middle income,583.67,wash_handwashing_respiratory,WASH,No handwashing — lower respiratory infections,0.00278353216152931,DALY/capita,Human Capital,Health and well-being,"HEALTH | VI — IHME GBD 2019, Valuing Impact"
South Africa,ZAF,Sub-Saharan Africa,Upper middle income,583.67,ohs_secondhand_smoke,OHS,Second-hand smoke — all causes,0.00415095890138813,DALY/capita,Human Capital,Health and well-being,"HEALTH | VI — IHME GBD 2019, Valuing Impact"
South Africa,ZAF,Sub-Saharan Africa,Upper middle income,583.67,ohs_occupational_pm,OHS,Occupational PM/gases/fumes — all causes,0.000704549756720689,DALY/capita,Human Capital,Health and well-being,"HEALTH | VI — IHME GBD 2019, Valuing Impact"
South Africa,ZAF,Sub-Saharan Africa,Upper middle income,583.67,ohs_occupational_injuries,OHS,Occupational injuries — all causes,0.0034493233513716304,DALY/capita,Human Capital,Health and well-being,"HEALTH | VI — IHME GBD 2019, Valuing Impact"
South Africa,ZAF,Sub-Saharan Africa,Upper middle income,583.67,diet_processed_meat,Diet,Diet high in processed meat,0.000813351711399224,DALY/capita,Human Capital,Health and well-being,"HEALTH | VI — IHME GBD 2019, Valuing Impact"
South Africa,ZAF,Sub-Saharan Africa,Upper middle income,583.67,diet_red_meat,Diet,Diet high in red meat,0.0029352274779445202,DALY/capita,Human Capital,Health and well-being,"HEALTH | VI — IHME GBD 2019, Valuing Impact"
South Africa,ZAF,Sub-Saharan Africa,Upper middle income,583.67,diet_sodium,Diet,Diet high in sodium,0.00149901430692698,DALY/capita,Human Capital,Health and well-being,"HEALTH | VI — IHME GBD 2019, Valuing Impact"
South Africa,ZAF,Sub-Saharan Africa,Upper middle income,583.67,diet_sugary_beverages,Diet,Diet high in sugar-sweetened beverages,0.000791351760277532,DALY/capita,Human Capital,Health and well-being,"HEALTH | VI — IHME GBD 2019, Valuing Impact"
South Africa,ZAF,Sub-Saharan Africa,Upper middle income,583.67,diet_trans_fats,Diet,Diet high in trans fats,0.0005133498010804,DALY/capita,Human Capital,Health and well-being,"HEALTH | VI — IHME GBD 2019, Valuing Impact"
South Africa,ZAF,Sub-Saharan Africa,Upper middle income,583.67,diet_low_vegetables,Diet,Diet low in vegetables,0.0017691444111909102,DALY/capita,Human Capital,Health and well-being,"HEALTH | VI — IHME GBD 2019, Valuing Impact"
South Africa,ZAF,Sub-Saharan Africa,Upper middle income,583.67,diet_low_whole_grains,Diet,Diet low in whole grains,0.0024486253182855098,DALY/capita,Human Capital,Health and well-being,"HEALTH | VI — IHME GBD 2019, Valuing Impact"
South Africa,ZAF,Sub-Saharan Africa,Upper middle income,583.67,diet_risks_total,Diet,Dietary risks — aggregate,0.0162396586213701,DALY/capita,Human Capital,Health and well-being,"HEALTH | VI — IHME GBD 2019, Valuing Impact"
South Africa,ZAF,Sub-Saharan Africa,Upper middle income,583.67,smoking,Lifestyle,Smoking — all causes,0.01814086873707,DALY/capita,Human Capital,Health and well-being,"HEALTH | VI — IHME GBD 2019, Valuing Impact"
Zambia,ZMB,Sub-Saharan Africa,Lower middle income,75.34,wash_handwashing_diarrheal,WASH,No handwashing facility — diarrheal disease,0.00860003463497358,DALY/capita,Human Capital,Health and well-being,"HEALTH | VI — IHME GBD 2019, Valuing Impact"
Zambia,ZMB,Sub-Saharan Africa,Lower middle income,75.34,wash_sanitation_diarrheal,WASH,Unsafe sanitation — diarrheal disease,0.0159153111063089,DALY/capita,Human Capital,Health and well-being,"HEALTH | VI — IHME GBD 2019, Valuing Impact"
Zambia,ZMB,Sub-Saharan Africa,Lower middle income,75.34,wash_water_diarrheal,WASH,Unsafe water source — diarrheal disease,0.0227852568839742,DALY/capita,Human Capital,Health and well-being,"HEALTH | VI — IHME GBD 2019, Valuing Impact"
Zambia,ZMB,Sub-Saharan Africa,Lower middle income,75.34,wash_handwashing_respiratory,WASH,No handwashing — lower respiratory infections,0.0053816237096467705,DALY/capita,Human Capital,Health and well-being,"HEALTH | VI — IHME GBD 2019, Valuing Impact"
Zambia,ZMB,Sub-Saharan Africa,Lower middle income,75.34,ohs_secondhand_smoke,OHS,Second-hand smoke — all causes,0.00224476228038345,DALY/capita,Human Capital,Health and well-being,"HEALTH | VI — IHME GBD 2019, Valuing Impact"
Zambia,ZMB,Sub-Saharan Africa,Lower middle income,75.34,ohs_occupational_pm,OHS,Occupational PM/gases/fumes — all causes,0.00043859655343165996,DALY/capita,Human Capital,Health and well-being,"HEALTH | VI — IHME GBD 2019, Valuing Impact"
Zambia,ZMB,Sub-Saharan Africa,Lower middle income,75.34,ohs_occupational_injuries,OHS,Occupational injuries — all causes,0.00214993197980284,DALY/capita,Human Capital,Health and well-being,"HEALTH | VI — IHME GBD 2019, Valuing Impact"
Zambia,ZMB,Sub-Saharan Africa,Lower middle income,75.34,diet_processed_meat,Diet,Diet high in processed meat,0.000313679164551483,DALY/capita,Human Capital,Health and well-being,"HEALTH | VI — IHME GBD 2019, Valuing Impact"
Zambia,ZMB,Sub-Saharan Africa,Lower middle income,75.34,diet_red_meat,Diet,Diet high in red meat,0.0008928235037364191,DALY/capita,Human Capital,Health and well-being,"HEALTH | VI — IHME GBD 2019, Valuing Impact"
Zambia,ZMB,Sub-Saharan Africa,Lower middle income,75.34,diet_sodium,Diet,Diet high in sodium,0.00238204457728487,DALY/capita,Human Capital,Health and well-being,"HEALTH | VI — IHME GBD 2019, Valuing Impact"
Zambia,ZMB,Sub-Saharan Africa,Lower middle income,75.34,diet_sugary_beverages,Diet,Diet high in sugar-sweetened beverages,0.000285379277080339,DALY/capita,Human Capital,Health and well-being,"HEALTH | VI — IHME GBD 2019, Valuing Impact"
Zambia,ZMB,Sub-Saharan Africa,Lower middle income,75.34,diet_trans_fats,Diet,Diet high in trans fats,0.00035455831097928403,DALY/capita,Human Capital,Health and well-being,"HEALTH | VI — IHME GBD 2019, Valuing Impact"
Zambia,ZMB,Sub-Saharan Africa,Lower middle income,75.34,diet_low_vegetables,Diet,Diet low in vegetables,0.00193604011192803,DALY/capita,Human Capital,Health and well-being,"HEALTH | VI — IHME GBD 2019, Valuing Impact"
Zambia,ZMB,Sub-Saharan Africa,Lower middle income,75.34,diet_low_whole_grains,Diet,Diet low in whole grains,0.00143650191974944,DALY/capita,Human Capital,Health and well-being,"HEALTH | VI — IHME GBD 2019, Valuing Impact"
Zambia,ZMB,Sub-Saharan Africa,Lower middle income,75.34,diet_risks_total,Diet,Dietary risks — aggregate,0.0109653742415644,DALY/capita,Human Capital,Health and well-being,"HEALTH | VI — IHME GBD 2019, Valuing Impact"
Zambia,ZMB,Sub-Saharan Africa,Lower middle income,75.34,smoking,Lifestyle,Smoking — all causes,0.00770187496935332,DALY/capita,Human Capital,Health and well-being,"HEALTH | VI — IHME GBD 2019, Valuing Impact"
Zimbabwe,ZWE,Sub-Saharan Africa,Lower middle income,62.74,wash_handwashing_diarrheal,WASH,No handwashing facility — diarrheal disease,0.00532416342522723,DALY/capita,Human Capital,Health and well-being,"HEALTH | VI — IHME GBD 2019, Valuing Impact"
Zimbabwe,ZWE,Sub-Saharan Africa,Lower middle income,62.74,wash_sanitation_diarrheal,WASH,Unsafe sanitation — diarrheal disease,0.00953691721075357,DALY/capita,Human Capital,Health and well-being,"HEALTH | VI — IHME GBD 2019, Valuing Impact"
Zimbabwe,ZWE,Sub-Saharan Africa,Lower middle income,62.74,wash_water_diarrheal,WASH,Unsafe water source — diarrheal disease,0.0147355072845529,DALY/capita,Human Capital,Health and well-being,"HEALTH | VI — IHME GBD 2019, Valuing Impact"
Zimbabwe,ZWE,Sub-Saharan Africa,Lower middle income,62.74,wash_handwashing_respiratory,WASH,No handwashing — lower respiratory infections,0.00922164085993268,DALY/capita,Human Capital,Health and well-being,"HEALTH | VI — IHME GBD 2019, Valuing Impact"
Zimbabwe,ZWE,Sub-Saharan Africa,Lower middle income,62.74,ohs_secondhand_smoke,OHS,Second-hand smoke — all causes,0.00493788537798736,DALY/capita,Human Capital,Health and well-being,"HEALTH | VI — IHME GBD 2019, Valuing Impact"
Zimbabwe,ZWE,Sub-Saharan Africa,Lower middle income,62.74,ohs_occupational_pm,OHS,Occupational PM/gases/fumes — all causes,0.000556063626491452,DALY/capita,Human Capital,Health and well-being,"HEALTH | VI — IHME GBD 2019, Valuing Impact"
Zimbabwe,ZWE,Sub-Saharan Africa,Lower middle income,62.74,ohs_occupational_injuries,OHS,Occupational injuries — all causes,0.0024094435828931403,DALY/capita,Human Capital,Health and well-being,"HEALTH | VI — IHME GBD 2019, Valuing Impact"
Zimbabwe,ZWE,Sub-Saharan Africa,Lower middle income,62.74,diet_processed_meat,Diet,Diet high in processed meat,0.00040901006213261396,DALY/capita,Human Capital,Health and well-being,"HEALTH | VI — IHME GBD 2019, Valuing Impact"
Zimbabwe,ZWE,Sub-Saharan Africa,Lower middle income,62.74,diet_red_meat,Diet,Diet high in red meat,0.00108040170006656,DALY/capita,Human Capital,Health and well-being,"HEALTH | VI — IHME GBD 2019, Valuing Impact"
Zimbabwe,ZWE,Sub-Saharan Africa,Lower middle income,62.74,diet_sodium,Diet,Diet high in sodium,0.00213774833958898,DALY/capita,Human Capital,Health and well-being,"HEALTH | VI — IHME GBD 2019, Valuing Impact"
Zimbabwe,ZWE,Sub-Saharan Africa,Lower middle income,62.74,diet_sugary_beverages,Diet,Diet high in sugar-sweetened beverages,0.00044424956954930303,DALY/capita,Human Capital,Health and well-being,"HEALTH | VI — IHME GBD 2019, Valuing Impact"
Zimbabwe,ZWE,Sub-Saharan Africa,Lower middle income,62.74,diet_trans_fats,Diet,Diet high in trans fats,0.000624512564033739,DALY/capita,Human Capital,Health and well-being,"HEALTH | VI — IHME GBD 2019, Valuing Impact"
Zimbabwe,ZWE,Sub-Saharan Africa,Lower middle income,62.74,diet_low_vegetables,Diet,Diet low in vegetables,0.0025033026600335,DALY/capita,Human Capital,Health and well-being,"HEALTH | VI — IHME GBD 2019, Valuing Impact"
Zimbabwe,ZWE,Sub-Saharan Africa,Lower middle income,62.74,diet_low_whole_grains,Diet,Diet low in whole grains,0.0026691502648122202,DALY/capita,Human Capital,Health and well-being,"HEALTH | VI — IHME GBD 2019, Valuing Impact"
Zimbabwe,ZWE,Sub-Saharan Africa,Lower middle income,62.74,diet_risks_total,Diet,Dietary risks — aggregate,0.0142970647396839,DALY/capita,Human Capital,Health and well-being,"HEALTH | VI — IHME GBD 2019, Valuing Impact"
Zimbabwe,ZWE,Sub-Saharan Africa,Lower middle income,62.74,smoking,Lifestyle,Smoking — all causes,0.0179119283372275,DALY/capita,Human Capital,Health and well-being,"HEALTH | VI — IHME GBD 2019, Valuing Impact"
