country,country_code,region,income_group,method,year,impact_category,land_type,valuation_factor_usd_ha,unit,capital,pathway,source
Afghanistan,AFG,South Asia,Low income,LANCA v2.0,2016,Land use,Pasture meadow,681.9503817582529,USD/ha,Natural Capital,Ecosystem services (land use),"NatCap | VI — LANCA v2.0, Valuing Impact (2023 USD)"
Angola,AGO,Sub-Saharan Africa,Lower middle income,LANCA v2.0,2016,Land use,Pasture meadow,1233.9679074214516,USD/ha,Natural Capital,Ecosystem services (land use),"NatCap | VI — LANCA v2.0, Valuing Impact (2023 USD)"
Albania,ALB,Europe & Central Asia,Upper middle income,LANCA v2.0,2016,Land use,Pasture meadow,1046.861685158762,USD/ha,Natural Capital,Ecosystem services (land use),"NatCap | VI — LANCA v2.0, Valuing Impact (2023 USD)"
Andorra,AND,Europe & Central Asia,High income,LANCA v2.0,2016,Land use,Pasture meadow,2463.4427163473833,USD/ha,Natural Capital,Ecosystem services (land use),"NatCap | VI — LANCA v2.0, Valuing Impact (2023 USD)"
United Arab Emirates,ARE,Middle East & North Africa,High income,LANCA v2.0,2016,Land use,Pasture meadow,-361.2971662394811,USD/ha,Natural Capital,Ecosystem services (land use),"NatCap | VI — LANCA v2.0, Valuing Impact (2023 USD)"
Argentina,ARG,Latin America & Caribbean,Upper middle income,LANCA v2.0,2016,Land use,Pasture meadow,2241.048740341562,USD/ha,Natural Capital,Ecosystem services (land use),"NatCap | VI — LANCA v2.0, Valuing Impact (2023 USD)"
Armenia,ARM,Europe & Central Asia,Upper middle income,LANCA v2.0,2016,Land use,Pasture meadow,374.2639700603417,USD/ha,Natural Capital,Ecosystem services (land use),"NatCap | VI — LANCA v2.0, Valuing Impact (2023 USD)"
Australia,AUS,East Asia & Pacific,High income,LANCA v2.0,2016,Land use,Pasture meadow,755.4074250001298,USD/ha,Natural Capital,Ecosystem services (land use),"NatCap | VI — LANCA v2.0, Valuing Impact (2023 USD)"
Azerbaijan,AZE,Europe & Central Asia,Upper middle income,LANCA v2.0,2016,Land use,Pasture meadow,803.5356495839629,USD/ha,Natural Capital,Ecosystem services (land use),"NatCap | VI — LANCA v2.0, Valuing Impact (2023 USD)"
Burundi,BDI,Sub-Saharan Africa,Low income,LANCA v2.0,2016,Land use,Pasture meadow,599.8631544369794,USD/ha,Natural Capital,Ecosystem services (land use),"NatCap | VI — LANCA v2.0, Valuing Impact (2023 USD)"
Belgium,BEL,Europe & Central Asia,High income,LANCA v2.0,2016,Land use,Pasture meadow,6454.274384474073,USD/ha,Natural Capital,Ecosystem services (land use),"NatCap | VI — LANCA v2.0, Valuing Impact (2023 USD)"
Benin,BEN,Sub-Saharan Africa,Lower middle income,LANCA v2.0,2016,Land use,Pasture meadow,1104.8366742906298,USD/ha,Natural Capital,Ecosystem services (land use),"NatCap | VI — LANCA v2.0, Valuing Impact (2023 USD)"
Burkina Faso,BFA,Sub-Saharan Africa,Low income,LANCA v2.0,2016,Land use,Pasture meadow,739.9813103612469,USD/ha,Natural Capital,Ecosystem services (land use),"NatCap | VI — LANCA v2.0, Valuing Impact (2023 USD)"
Bangladesh,BGD,South Asia,Lower middle income,LANCA v2.0,2016,Land use,Pasture meadow,1150.4420889168396,USD/ha,Natural Capital,Ecosystem services (land use),"NatCap | VI — LANCA v2.0, Valuing Impact (2023 USD)"
Bulgaria,BGR,Europe & Central Asia,Upper middle income,LANCA v2.0,2016,Land use,Pasture meadow,1101.0028675621643,USD/ha,Natural Capital,Ecosystem services (land use),"NatCap | VI — LANCA v2.0, Valuing Impact (2023 USD)"
Bahrain,BHR,Middle East & North Africa,High income,LANCA v2.0,2016,Land use,Pasture meadow,-319.55615303213006,USD/ha,Natural Capital,Ecosystem services (land use),"NatCap | VI — LANCA v2.0, Valuing Impact (2023 USD)"
Belarus,BLR,Europe & Central Asia,Upper middle income,LANCA v2.0,2016,Land use,Pasture meadow,2376.4334731511726,USD/ha,Natural Capital,Ecosystem services (land use),"NatCap | VI — LANCA v2.0, Valuing Impact (2023 USD)"
Belize,BLZ,Latin America & Caribbean,Upper middle income,LANCA v2.0,2016,Land use,Pasture meadow,1232.88188296472,USD/ha,Natural Capital,Ecosystem services (land use),"NatCap | VI — LANCA v2.0, Valuing Impact (2023 USD)"
Bolivia,BOL,Latin America & Caribbean,Lower middle income,LANCA v2.0,2016,Land use,Pasture meadow,929.6628810659108,USD/ha,Natural Capital,Ecosystem services (land use),"NatCap | VI — LANCA v2.0, Valuing Impact (2023 USD)"
Brazil,BRA,Latin America & Caribbean,Upper middle income,LANCA v2.0,2016,Land use,Pasture meadow,1251.9257417663391,USD/ha,Natural Capital,Ecosystem services (land use),"NatCap | VI — LANCA v2.0, Valuing Impact (2023 USD)"
Bhutan,BTN,South Asia,Lower middle income,LANCA v2.0,2016,Land use,Pasture meadow,634.2337011107365,USD/ha,Natural Capital,Ecosystem services (land use),"NatCap | VI — LANCA v2.0, Valuing Impact (2023 USD)"
Botswana,BWA,Sub-Saharan Africa,Upper middle income,LANCA v2.0,2016,Land use,Pasture meadow,445.1106793494578,USD/ha,Natural Capital,Ecosystem services (land use),"NatCap | VI — LANCA v2.0, Valuing Impact (2023 USD)"
Central African Republic,CAF,Sub-Saharan Africa,Low income,LANCA v2.0,2016,Land use,Pasture meadow,1252.7234778017298,USD/ha,Natural Capital,Ecosystem services (land use),"NatCap | VI — LANCA v2.0, Valuing Impact (2023 USD)"
Canada,CAN,North America,High income,LANCA v2.0,2016,Land use,Pasture meadow,968.7697934750801,USD/ha,Natural Capital,Ecosystem services (land use),"NatCap | VI — LANCA v2.0, Valuing Impact (2023 USD)"
Switzerland,CHE,Europe & Central Asia,High income,LANCA v2.0,2016,Land use,Pasture meadow,6696.3865248012025,USD/ha,Natural Capital,Ecosystem services (land use),"NatCap | VI — LANCA v2.0, Valuing Impact (2023 USD)"
Chile,CHL,Latin America & Caribbean,High income,LANCA v2.0,2016,Land use,Pasture meadow,1468.896603707473,USD/ha,Natural Capital,Ecosystem services (land use),"NatCap | VI — LANCA v2.0, Valuing Impact (2023 USD)"
China,CHN,East Asia & Pacific,Upper middle income,LANCA v2.0,2016,Land use,Pasture meadow,1634.1707438001924,USD/ha,Natural Capital,Ecosystem services (land use),"NatCap | VI — LANCA v2.0, Valuing Impact (2023 USD)"
Côte d’Ivoire,CIV,Sub-Saharan Africa,Lower middle income,LANCA v2.0,2016,Land use,Pasture meadow,1399.3015184792941,USD/ha,Natural Capital,Ecosystem services (land use),"NatCap | VI — LANCA v2.0, Valuing Impact (2023 USD)"
Cameroon,CMR,Sub-Saharan Africa,Lower middle income,LANCA v2.0,2016,Land use,Pasture meadow,1247.8367220138728,USD/ha,Natural Capital,Ecosystem services (land use),"NatCap | VI — LANCA v2.0, Valuing Impact (2023 USD)"
Colombia,COL,Latin America & Caribbean,Upper middle income,LANCA v2.0,2016,Land use,Pasture meadow,1353.722918780595,USD/ha,Natural Capital,Ecosystem services (land use),"NatCap | VI — LANCA v2.0, Valuing Impact (2023 USD)"
Costa Rica,CRI,Latin America & Caribbean,Upper middle income,LANCA v2.0,2016,Land use,Pasture meadow,1504.9681309821638,USD/ha,Natural Capital,Ecosystem services (land use),"NatCap | VI — LANCA v2.0, Valuing Impact (2023 USD)"
Cuba,CUB,Latin America & Caribbean,Upper middle income,LANCA v2.0,2016,Land use,Pasture meadow,1048.2058720706934,USD/ha,Natural Capital,Ecosystem services (land use),"NatCap | VI — LANCA v2.0, Valuing Impact (2023 USD)"
Cyprus,CYP,Europe & Central Asia,High income,LANCA v2.0,2016,Land use,Pasture meadow,1114.9631045886306,USD/ha,Natural Capital,Ecosystem services (land use),"NatCap | VI — LANCA v2.0, Valuing Impact (2023 USD)"
Germany,DEU,Europe & Central Asia,High income,LANCA v2.0,2016,Land use,Pasture meadow,2265.887559760362,USD/ha,Natural Capital,Ecosystem services (land use),"NatCap | VI — LANCA v2.0, Valuing Impact (2023 USD)"
Djibouti,DJI,Middle East & North Africa,Lower middle income,LANCA v2.0,2016,Land use,Pasture meadow,341.0986980050388,USD/ha,Natural Capital,Ecosystem services (land use),"NatCap | VI — LANCA v2.0, Valuing Impact (2023 USD)"
Denmark,DNK,Europe & Central Asia,High income,LANCA v2.0,2016,Land use,Pasture meadow,1132.8322520793554,USD/ha,Natural Capital,Ecosystem services (land use),"NatCap | VI — LANCA v2.0, Valuing Impact (2023 USD)"
Dominican Republic,DOM,Latin America & Caribbean,Upper middle income,LANCA v2.0,2016,Land use,Pasture meadow,1304.7415480283248,USD/ha,Natural Capital,Ecosystem services (land use),"NatCap | VI — LANCA v2.0, Valuing Impact (2023 USD)"
Algeria,DZA,Middle East & North Africa,Lower middle income,LANCA v2.0,2016,Land use,Pasture meadow,796.5885033203255,USD/ha,Natural Capital,Ecosystem services (land use),"NatCap | VI — LANCA v2.0, Valuing Impact (2023 USD)"
Ecuador,ECU,Latin America & Caribbean,Upper middle income,LANCA v2.0,2016,Land use,Pasture meadow,1154.0147004150685,USD/ha,Natural Capital,Ecosystem services (land use),"NatCap | VI — LANCA v2.0, Valuing Impact (2023 USD)"
Eritrea,ERI,Sub-Saharan Africa,Low income,LANCA v2.0,2016,Land use,Pasture meadow,210.92733943218363,USD/ha,Natural Capital,Ecosystem services (land use),"NatCap | VI — LANCA v2.0, Valuing Impact (2023 USD)"
Spain,ESP,Europe & Central Asia,High income,LANCA v2.0,2016,Land use,Pasture meadow,996.9366309848137,USD/ha,Natural Capital,Ecosystem services (land use),"NatCap | VI — LANCA v2.0, Valuing Impact (2023 USD)"
Ethiopia,ETH,Sub-Saharan Africa,Low income,LANCA v2.0,2016,Land use,Pasture meadow,442.81090530689926,USD/ha,Natural Capital,Ecosystem services (land use),"NatCap | VI — LANCA v2.0, Valuing Impact (2023 USD)"
France,FRA,Europe & Central Asia,High income,LANCA v2.0,2016,Land use,Pasture meadow,4147.989875162147,USD/ha,Natural Capital,Ecosystem services (land use),"NatCap | VI — LANCA v2.0, Valuing Impact (2023 USD)"
Georgia,GEO,Europe & Central Asia,Upper middle income,LANCA v2.0,2016,Land use,Pasture meadow,1049.0331821371374,USD/ha,Natural Capital,Ecosystem services (land use),"NatCap | VI — LANCA v2.0, Valuing Impact (2023 USD)"
Ghana,GHA,Sub-Saharan Africa,Lower middle income,LANCA v2.0,2016,Land use,Pasture meadow,1161.0784882643893,USD/ha,Natural Capital,Ecosystem services (land use),"NatCap | VI — LANCA v2.0, Valuing Impact (2023 USD)"
Guinea,GIN,Sub-Saharan Africa,Lower middle income,LANCA v2.0,2016,Land use,Pasture meadow,1187.5619242802618,USD/ha,Natural Capital,Ecosystem services (land use),"NatCap | VI — LANCA v2.0, Valuing Impact (2023 USD)"
Guinea-Bissau,GNB,Sub-Saharan Africa,Low income,LANCA v2.0,2016,Land use,Pasture meadow,1072.3870177247902,USD/ha,Natural Capital,Ecosystem services (land use),"NatCap | VI — LANCA v2.0, Valuing Impact (2023 USD)"
Greece,GRC,Europe & Central Asia,High income,LANCA v2.0,2016,Land use,Pasture meadow,1012.6760621387114,USD/ha,Natural Capital,Ecosystem services (land use),"NatCap | VI — LANCA v2.0, Valuing Impact (2023 USD)"
Guatemala,GTM,Latin America & Caribbean,Upper middle income,LANCA v2.0,2016,Land use,Pasture meadow,1264.1454560693014,USD/ha,Natural Capital,Ecosystem services (land use),"NatCap | VI — LANCA v2.0, Valuing Impact (2023 USD)"
Guyana,GUY,Latin America & Caribbean,High income,LANCA v2.0,2016,Land use,Pasture meadow,1540.8375113921757,USD/ha,Natural Capital,Ecosystem services (land use),"NatCap | VI — LANCA v2.0, Valuing Impact (2023 USD)"
Honduras,HND,Latin America & Caribbean,Lower middle income,LANCA v2.0,2016,Land use,Pasture meadow,1612.3111964795012,USD/ha,Natural Capital,Ecosystem services (land use),"NatCap | VI — LANCA v2.0, Valuing Impact (2023 USD)"
Haiti,HTI,Latin America & Caribbean,Lower middle income,LANCA v2.0,2016,Land use,Pasture meadow,1493.7821202579078,USD/ha,Natural Capital,Ecosystem services (land use),"NatCap | VI — LANCA v2.0, Valuing Impact (2023 USD)"
India,IND,South Asia,Lower middle income,LANCA v2.0,2016,Land use,Pasture meadow,609.5683431073901,USD/ha,Natural Capital,Ecosystem services (land use),"NatCap | VI — LANCA v2.0, Valuing Impact (2023 USD)"
Iraq,IRQ,Middle East & North Africa,Upper middle income,LANCA v2.0,2016,Land use,Pasture meadow,119.8939139941136,USD/ha,Natural Capital,Ecosystem services (land use),"NatCap | VI — LANCA v2.0, Valuing Impact (2023 USD)"
Israel,ISR,Middle East & North Africa,High income,LANCA v2.0,2016,Land use,Pasture meadow,482.5736738353634,USD/ha,Natural Capital,Ecosystem services (land use),"NatCap | VI — LANCA v2.0, Valuing Impact (2023 USD)"
Italy,ITA,Europe & Central Asia,High income,LANCA v2.0,2016,Land use,Pasture meadow,1201.6614080395989,USD/ha,Natural Capital,Ecosystem services (land use),"NatCap | VI — LANCA v2.0, Valuing Impact (2023 USD)"
Jamaica,JAM,Latin America & Caribbean,Upper middle income,LANCA v2.0,2016,Land use,Pasture meadow,1519.4807062067894,USD/ha,Natural Capital,Ecosystem services (land use),"NatCap | VI — LANCA v2.0, Valuing Impact (2023 USD)"
Jordan,JOR,Middle East & North Africa,Lower middle income,LANCA v2.0,2016,Land use,Pasture meadow,240.31105739195144,USD/ha,Natural Capital,Ecosystem services (land use),"NatCap | VI — LANCA v2.0, Valuing Impact (2023 USD)"
Japan,JPN,East Asia & Pacific,High income,LANCA v2.0,2016,Land use,Pasture meadow,1588.1845529073807,USD/ha,Natural Capital,Ecosystem services (land use),"NatCap | VI — LANCA v2.0, Valuing Impact (2023 USD)"
Kazakhstan,KAZ,Europe & Central Asia,Upper middle income,LANCA v2.0,2016,Land use,Pasture meadow,234.36055151825974,USD/ha,Natural Capital,Ecosystem services (land use),"NatCap | VI — LANCA v2.0, Valuing Impact (2023 USD)"
Kenya,KEN,Sub-Saharan Africa,Lower middle income,LANCA v2.0,2016,Land use,Pasture meadow,309.8978954043073,USD/ha,Natural Capital,Ecosystem services (land use),"NatCap | VI — LANCA v2.0, Valuing Impact (2023 USD)"
Cambodia,KHM,East Asia & Pacific,Lower middle income,LANCA v2.0,2016,Land use,Pasture meadow,1039.6580272790554,USD/ha,Natural Capital,Ecosystem services (land use),"NatCap | VI — LANCA v2.0, Valuing Impact (2023 USD)"
Kuwait,KWT,Middle East & North Africa,High income,LANCA v2.0,2016,Land use,Pasture meadow,-359.8964672888485,USD/ha,Natural Capital,Ecosystem services (land use),"NatCap | VI — LANCA v2.0, Valuing Impact (2023 USD)"
Lebanon,LBN,Middle East & North Africa,Lower middle income,LANCA v2.0,2016,Land use,Pasture meadow,880.3897060876401,USD/ha,Natural Capital,Ecosystem services (land use),"NatCap | VI — LANCA v2.0, Valuing Impact (2023 USD)"
Liberia,LBR,Sub-Saharan Africa,Low income,LANCA v2.0,2016,Land use,Pasture meadow,1518.5955025284106,USD/ha,Natural Capital,Ecosystem services (land use),"NatCap | VI — LANCA v2.0, Valuing Impact (2023 USD)"
Libya,LBY,Middle East & North Africa,Upper middle income,LANCA v2.0,2016,Land use,Pasture meadow,544.4305550212507,USD/ha,Natural Capital,Ecosystem services (land use),"NatCap | VI — LANCA v2.0, Valuing Impact (2023 USD)"
Sri Lanka,LKA,South Asia,Lower middle income,LANCA v2.0,2016,Land use,Pasture meadow,1212.2497337417533,USD/ha,Natural Capital,Ecosystem services (land use),"NatCap | VI — LANCA v2.0, Valuing Impact (2023 USD)"
Lesotho,LSO,Sub-Saharan Africa,Lower middle income,LANCA v2.0,2016,Land use,Pasture meadow,620.8861421363105,USD/ha,Natural Capital,Ecosystem services (land use),"NatCap | VI — LANCA v2.0, Valuing Impact (2023 USD)"
Luxembourg,LUX,Europe & Central Asia,High income,LANCA v2.0,2016,Land use,Pasture meadow,2022.63350747535,USD/ha,Natural Capital,Ecosystem services (land use),"NatCap | VI — LANCA v2.0, Valuing Impact (2023 USD)"
Morocco,MAR,Middle East & North Africa,Lower middle income,LANCA v2.0,2016,Land use,Pasture meadow,929.9149253232664,USD/ha,Natural Capital,Ecosystem services (land use),"NatCap | VI — LANCA v2.0, Valuing Impact (2023 USD)"
Moldova,MDA,Europe & Central Asia,Upper middle income,LANCA v2.0,2016,Land use,Pasture meadow,1047.332527830284,USD/ha,Natural Capital,Ecosystem services (land use),"NatCap | VI — LANCA v2.0, Valuing Impact (2023 USD)"
Madagascar,MDG,Sub-Saharan Africa,Low income,LANCA v2.0,2016,Land use,Pasture meadow,686.7906799853337,USD/ha,Natural Capital,Ecosystem services (land use),"NatCap | VI — LANCA v2.0, Valuing Impact (2023 USD)"
Mexico,MEX,Latin America & Caribbean,Upper middle income,LANCA v2.0,2016,Land use,Pasture meadow,1438.319908184292,USD/ha,Natural Capital,Ecosystem services (land use),"NatCap | VI — LANCA v2.0, Valuing Impact (2023 USD)"
Mali,MLI,Sub-Saharan Africa,Low income,LANCA v2.0,2016,Land use,Pasture meadow,508.93471041007695,USD/ha,Natural Capital,Ecosystem services (land use),"NatCap | VI — LANCA v2.0, Valuing Impact (2023 USD)"
Myanmar,MMR,East Asia & Pacific,Lower middle income,LANCA v2.0,2016,Land use,Pasture meadow,1267.5025029147982,USD/ha,Natural Capital,Ecosystem services (land use),"NatCap | VI — LANCA v2.0, Valuing Impact (2023 USD)"
Montenegro,MNE,Europe & Central Asia,Upper middle income,LANCA v2.0,2016,Land use,Pasture meadow,2785.249138345358,USD/ha,Natural Capital,Ecosystem services (land use),"NatCap | VI — LANCA v2.0, Valuing Impact (2023 USD)"
Mongolia,MNG,East Asia & Pacific,Lower middle income,LANCA v2.0,2016,Land use,Pasture meadow,531.1175130548027,USD/ha,Natural Capital,Ecosystem services (land use),"NatCap | VI — LANCA v2.0, Valuing Impact (2023 USD)"
Mozambique,MOZ,Sub-Saharan Africa,Low income,LANCA v2.0,2016,Land use,Pasture meadow,1099.556511277871,USD/ha,Natural Capital,Ecosystem services (land use),"NatCap | VI — LANCA v2.0, Valuing Impact (2023 USD)"
Mauritania,MRT,Sub-Saharan Africa,Lower middle income,LANCA v2.0,2016,Land use,Pasture meadow,2077.62794147643,USD/ha,Natural Capital,Ecosystem services (land use),"NatCap | VI — LANCA v2.0, Valuing Impact (2023 USD)"
Malawi,MWI,Sub-Saharan Africa,Low income,LANCA v2.0,2016,Land use,Pasture meadow,933.5073663823304,USD/ha,Natural Capital,Ecosystem services (land use),"NatCap | VI — LANCA v2.0, Valuing Impact (2023 USD)"
Malaysia,MYS,East Asia & Pacific,Upper middle income,LANCA v2.0,2016,Land use,Pasture meadow,1657.6575828038515,USD/ha,Natural Capital,Ecosystem services (land use),"NatCap | VI — LANCA v2.0, Valuing Impact (2023 USD)"
Namibia,NAM,Sub-Saharan Africa,Upper middle income,LANCA v2.0,2016,Land use,Pasture meadow,1870.8455423056162,USD/ha,Natural Capital,Ecosystem services (land use),"NatCap | VI — LANCA v2.0, Valuing Impact (2023 USD)"
Niger,NER,Sub-Saharan Africa,Low income,LANCA v2.0,2016,Land use,Pasture meadow,1651.6491681162054,USD/ha,Natural Capital,Ecosystem services (land use),"NatCap | VI — LANCA v2.0, Valuing Impact (2023 USD)"
Nigeria,NGA,Sub-Saharan Africa,Lower middle income,LANCA v2.0,2016,Land use,Pasture meadow,1058.7587126612164,USD/ha,Natural Capital,Ecosystem services (land use),"NatCap | VI — LANCA v2.0, Valuing Impact (2023 USD)"
Nicaragua,NIC,Latin America & Caribbean,Lower middle income,LANCA v2.0,2016,Land use,Pasture meadow,1363.5653938466496,USD/ha,Natural Capital,Ecosystem services (land use),"NatCap | VI — LANCA v2.0, Valuing Impact (2023 USD)"
Netherlands,NLD,Europe & Central Asia,High income,LANCA v2.0,2016,Land use,Pasture meadow,1381.1931603268933,USD/ha,Natural Capital,Ecosystem services (land use),"NatCap | VI — LANCA v2.0, Valuing Impact (2023 USD)"
Nepal,NPL,South Asia,Lower middle income,LANCA v2.0,2016,Land use,Pasture meadow,1195.6027571314924,USD/ha,Natural Capital,Ecosystem services (land use),"NatCap | VI — LANCA v2.0, Valuing Impact (2023 USD)"
New Zealand,NZL,East Asia & Pacific,High income,LANCA v2.0,2016,Land use,Pasture meadow,4339.597709167542,USD/ha,Natural Capital,Ecosystem services (land use),"NatCap | VI — LANCA v2.0, Valuing Impact (2023 USD)"
Oman,OMN,Middle East & North Africa,High income,LANCA v2.0,2016,Land use,Pasture meadow,237.01297810023496,USD/ha,Natural Capital,Ecosystem services (land use),"NatCap | VI — LANCA v2.0, Valuing Impact (2023 USD)"
Pakistan,PAK,South Asia,Lower middle income,LANCA v2.0,2016,Land use,Pasture meadow,498.5730155963265,USD/ha,Natural Capital,Ecosystem services (land use),"NatCap | VI — LANCA v2.0, Valuing Impact (2023 USD)"
Panama,PAN,Latin America & Caribbean,High income,LANCA v2.0,2016,Land use,Pasture meadow,1765.425598423559,USD/ha,Natural Capital,Ecosystem services (land use),"NatCap | VI — LANCA v2.0, Valuing Impact (2023 USD)"
Peru,PER,Latin America & Caribbean,Upper middle income,LANCA v2.0,2016,Land use,Pasture meadow,1615.6258537643914,USD/ha,Natural Capital,Ecosystem services (land use),"NatCap | VI — LANCA v2.0, Valuing Impact (2023 USD)"
Philippines,PHL,East Asia & Pacific,Lower middle income,LANCA v2.0,2016,Land use,Pasture meadow,1664.3382895292532,USD/ha,Natural Capital,Ecosystem services (land use),"NatCap | VI — LANCA v2.0, Valuing Impact (2023 USD)"
Poland,POL,Europe & Central Asia,High income,LANCA v2.0,2016,Land use,Pasture meadow,1643.453521309628,USD/ha,Natural Capital,Ecosystem services (land use),"NatCap | VI — LANCA v2.0, Valuing Impact (2023 USD)"
Portugal,PRT,Europe & Central Asia,High income,LANCA v2.0,2016,Land use,Pasture meadow,2050.158254152946,USD/ha,Natural Capital,Ecosystem services (land use),"NatCap | VI — LANCA v2.0, Valuing Impact (2023 USD)"
Paraguay,PRY,Latin America & Caribbean,Upper middle income,LANCA v2.0,2016,Land use,Pasture meadow,1073.0510275085992,USD/ha,Natural Capital,Ecosystem services (land use),"NatCap | VI — LANCA v2.0, Valuing Impact (2023 USD)"
Qatar,QAT,Middle East & North Africa,High income,LANCA v2.0,2016,Land use,Pasture meadow,123.23020687529669,USD/ha,Natural Capital,Ecosystem services (land use),"NatCap | VI — LANCA v2.0, Valuing Impact (2023 USD)"
Romania,ROU,Europe & Central Asia,High income,LANCA v2.0,2016,Land use,Pasture meadow,1078.5798232741145,USD/ha,Natural Capital,Ecosystem services (land use),"NatCap | VI — LANCA v2.0, Valuing Impact (2023 USD)"
Rwanda,RWA,Sub-Saharan Africa,Low income,LANCA v2.0,2016,Land use,Pasture meadow,990.7560702509704,USD/ha,Natural Capital,Ecosystem services (land use),"NatCap | VI — LANCA v2.0, Valuing Impact (2023 USD)"
Saudi Arabia,SAU,Middle East & North Africa,High income,LANCA v2.0,2016,Land use,Pasture meadow,588.1006780603062,USD/ha,Natural Capital,Ecosystem services (land use),"NatCap | VI — LANCA v2.0, Valuing Impact (2023 USD)"
Sudan,SDN,Sub-Saharan Africa,Low income,LANCA v2.0,2016,Land use,Pasture meadow,1319.8295770188743,USD/ha,Natural Capital,Ecosystem services (land use),"NatCap | VI — LANCA v2.0, Valuing Impact (2023 USD)"
Senegal,SEN,Sub-Saharan Africa,Lower middle income,LANCA v2.0,2016,Land use,Pasture meadow,679.6556280137064,USD/ha,Natural Capital,Ecosystem services (land use),"NatCap | VI — LANCA v2.0, Valuing Impact (2023 USD)"
Sierra Leone,SLE,Sub-Saharan Africa,Low income,LANCA v2.0,2016,Land use,Pasture meadow,1460.9459452044773,USD/ha,Natural Capital,Ecosystem services (land use),"NatCap | VI — LANCA v2.0, Valuing Impact (2023 USD)"
El Salvador,SLV,Latin America & Caribbean,Upper middle income,LANCA v2.0,2016,Land use,Pasture meadow,1404.0916373494372,USD/ha,Natural Capital,Ecosystem services (land use),"NatCap | VI — LANCA v2.0, Valuing Impact (2023 USD)"
San Marino,SMR,Europe & Central Asia,High income,LANCA v2.0,2016,Land use,Pasture meadow,1603.3985407637801,USD/ha,Natural Capital,Ecosystem services (land use),"NatCap | VI — LANCA v2.0, Valuing Impact (2023 USD)"
Serbia,SRB,Europe & Central Asia,Upper middle income,LANCA v2.0,2016,Land use,Pasture meadow,2161.5885525514923,USD/ha,Natural Capital,Ecosystem services (land use),"NatCap | VI — LANCA v2.0, Valuing Impact (2023 USD)"
Suriname,SUR,Latin America & Caribbean,Upper middle income,LANCA v2.0,2016,Land use,Pasture meadow,1455.373722441601,USD/ha,Natural Capital,Ecosystem services (land use),"NatCap | VI — LANCA v2.0, Valuing Impact (2023 USD)"
Eswatini,SWZ,Sub-Saharan Africa,Lower middle income,LANCA v2.0,2016,Land use,Pasture meadow,1030.6804797105954,USD/ha,Natural Capital,Ecosystem services (land use),"NatCap | VI — LANCA v2.0, Valuing Impact (2023 USD)"
Chad,TCD,Sub-Saharan Africa,Low income,LANCA v2.0,2016,Land use,Pasture meadow,1443.3514978686194,USD/ha,Natural Capital,Ecosystem services (land use),"NatCap | VI — LANCA v2.0, Valuing Impact (2023 USD)"
Togo,TGO,Sub-Saharan Africa,Low income,LANCA v2.0,2016,Land use,Pasture meadow,1185.914391444602,USD/ha,Natural Capital,Ecosystem services (land use),"NatCap | VI — LANCA v2.0, Valuing Impact (2023 USD)"
Thailand,THA,East Asia & Pacific,Upper middle income,LANCA v2.0,2016,Land use,Pasture meadow,1134.9251257685814,USD/ha,Natural Capital,Ecosystem services (land use),"NatCap | VI — LANCA v2.0, Valuing Impact (2023 USD)"
Tajikistan,TJK,Europe & Central Asia,Lower middle income,LANCA v2.0,2016,Land use,Pasture meadow,953.4501235609813,USD/ha,Natural Capital,Ecosystem services (land use),"NatCap | VI — LANCA v2.0, Valuing Impact (2023 USD)"
Turkmenistan,TKM,Europe & Central Asia,Upper middle income,LANCA v2.0,2016,Land use,Pasture meadow,196.46186453799632,USD/ha,Natural Capital,Ecosystem services (land use),"NatCap | VI — LANCA v2.0, Valuing Impact (2023 USD)"
Timor-Leste,TLS,East Asia & Pacific,Lower middle income,LANCA v2.0,2016,Land use,Pasture meadow,1094.9583539988764,USD/ha,Natural Capital,Ecosystem services (land use),"NatCap | VI — LANCA v2.0, Valuing Impact (2023 USD)"
Trinidad and Tobago,TTO,Latin America & Caribbean,High income,LANCA v2.0,2016,Land use,Pasture meadow,1411.169526155634,USD/ha,Natural Capital,Ecosystem services (land use),"NatCap | VI — LANCA v2.0, Valuing Impact (2023 USD)"
Tunisia,TUN,Middle East & North Africa,Lower middle income,LANCA v2.0,2016,Land use,Pasture meadow,1056.6866015436524,USD/ha,Natural Capital,Ecosystem services (land use),"NatCap | VI — LANCA v2.0, Valuing Impact (2023 USD)"
Türkiye,TUR,Europe & Central Asia,Upper middle income,LANCA v2.0,2016,Land use,Pasture meadow,408.7551593446756,USD/ha,Natural Capital,Ecosystem services (land use),"NatCap | VI — LANCA v2.0, Valuing Impact (2023 USD)"
Tanzania,TZA,Sub-Saharan Africa,Lower middle income,LANCA v2.0,2016,Land use,Pasture meadow,686.9854562206626,USD/ha,Natural Capital,Ecosystem services (land use),"NatCap | VI — LANCA v2.0, Valuing Impact (2023 USD)"
Uganda,UGA,Sub-Saharan Africa,Low income,LANCA v2.0,2016,Land use,Pasture meadow,1618.927912794293,USD/ha,Natural Capital,Ecosystem services (land use),"NatCap | VI — LANCA v2.0, Valuing Impact (2023 USD)"
Ukraine,UKR,Europe & Central Asia,Lower middle income,LANCA v2.0,2016,Land use,Pasture meadow,612.0205709195261,USD/ha,Natural Capital,Ecosystem services (land use),"NatCap | VI — LANCA v2.0, Valuing Impact (2023 USD)"
Uruguay,URY,Latin America & Caribbean,High income,LANCA v2.0,2016,Land use,Pasture meadow,1054.417668497071,USD/ha,Natural Capital,Ecosystem services (land use),"NatCap | VI — LANCA v2.0, Valuing Impact (2023 USD)"
United States,USA,North America,High income,LANCA v2.0,2016,Land use,Pasture meadow,2153.246537889204,USD/ha,Natural Capital,Ecosystem services (land use),"NatCap | VI — LANCA v2.0, Valuing Impact (2023 USD)"
Uzbekistan,UZB,Europe & Central Asia,Lower middle income,LANCA v2.0,2016,Land use,Pasture meadow,791.5477809889704,USD/ha,Natural Capital,Ecosystem services (land use),"NatCap | VI — LANCA v2.0, Valuing Impact (2023 USD)"
Vietnam,VNM,East Asia & Pacific,Lower middle income,LANCA v2.0,2016,Land use,Pasture meadow,1250.323510884653,USD/ha,Natural Capital,Ecosystem services (land use),"NatCap | VI — LANCA v2.0, Valuing Impact (2023 USD)"
South Africa,ZAF,Sub-Saharan Africa,Upper middle income,LANCA v2.0,2016,Land use,Pasture meadow,1300.1970073239415,USD/ha,Natural Capital,Ecosystem services (land use),"NatCap | VI — LANCA v2.0, Valuing Impact (2023 USD)"
Zambia,ZMB,Sub-Saharan Africa,Lower middle income,LANCA v2.0,2016,Land use,Pasture meadow,976.5730017942157,USD/ha,Natural Capital,Ecosystem services (land use),"NatCap | VI — LANCA v2.0, Valuing Impact (2023 USD)"
Zimbabwe,ZWE,Sub-Saharan Africa,Lower middle income,LANCA v2.0,2016,Land use,Pasture meadow,2117.282987776196,USD/ha,Natural Capital,Ecosystem services (land use),"NatCap | VI — LANCA v2.0, Valuing Impact (2023 USD)"
Afghanistan,AFG,South Asia,Low income,LANCA v2.0,2016,Land use,Permanent crops,742.5468624683922,USD/ha,Natural Capital,Ecosystem services (land use),"NatCap | VI — LANCA v2.0, Valuing Impact (2023 USD)"
Angola,AGO,Sub-Saharan Africa,Lower middle income,LANCA v2.0,2016,Land use,Permanent crops,1546.6334649490443,USD/ha,Natural Capital,Ecosystem services (land use),"NatCap | VI — LANCA v2.0, Valuing Impact (2023 USD)"
Albania,ALB,Europe & Central Asia,Upper middle income,LANCA v2.0,2016,Land use,Permanent crops,1172.9903358135093,USD/ha,Natural Capital,Ecosystem services (land use),"NatCap | VI — LANCA v2.0, Valuing Impact (2023 USD)"
Andorra,AND,Europe & Central Asia,High income,LANCA v2.0,2016,Land use,Permanent crops,3272.937968766599,USD/ha,Natural Capital,Ecosystem services (land use),"NatCap | VI — LANCA v2.0, Valuing Impact (2023 USD)"
United Arab Emirates,ARE,Middle East & North Africa,High income,LANCA v2.0,2016,Land use,Permanent crops,153.7547098527986,USD/ha,Natural Capital,Ecosystem services (land use),"NatCap | VI — LANCA v2.0, Valuing Impact (2023 USD)"
Argentina,ARG,Latin America & Caribbean,Upper middle income,LANCA v2.0,2016,Land use,Permanent crops,2251.7481703108397,USD/ha,Natural Capital,Ecosystem services (land use),"NatCap | VI — LANCA v2.0, Valuing Impact (2023 USD)"
Armenia,ARM,Europe & Central Asia,Upper middle income,LANCA v2.0,2016,Land use,Permanent crops,285.79754124058996,USD/ha,Natural Capital,Ecosystem services (land use),"NatCap | VI — LANCA v2.0, Valuing Impact (2023 USD)"
Australia,AUS,East Asia & Pacific,High income,LANCA v2.0,2016,Land use,Permanent crops,707.9984724189521,USD/ha,Natural Capital,Ecosystem services (land use),"NatCap | VI — LANCA v2.0, Valuing Impact (2023 USD)"
Azerbaijan,AZE,Europe & Central Asia,Upper middle income,LANCA v2.0,2016,Land use,Permanent crops,732.8211056915618,USD/ha,Natural Capital,Ecosystem services (land use),"NatCap | VI — LANCA v2.0, Valuing Impact (2023 USD)"
Burundi,BDI,Sub-Saharan Africa,Low income,LANCA v2.0,2016,Land use,Permanent crops,1267.6113634414673,USD/ha,Natural Capital,Ecosystem services (land use),"NatCap | VI — LANCA v2.0, Valuing Impact (2023 USD)"
Belgium,BEL,Europe & Central Asia,High income,LANCA v2.0,2016,Land use,Permanent crops,6413.192771824114,USD/ha,Natural Capital,Ecosystem services (land use),"NatCap | VI — LANCA v2.0, Valuing Impact (2023 USD)"
Benin,BEN,Sub-Saharan Africa,Lower middle income,LANCA v2.0,2016,Land use,Permanent crops,1212.4949289681028,USD/ha,Natural Capital,Ecosystem services (land use),"NatCap | VI — LANCA v2.0, Valuing Impact (2023 USD)"
Burkina Faso,BFA,Sub-Saharan Africa,Low income,LANCA v2.0,2016,Land use,Permanent crops,649.3999574743959,USD/ha,Natural Capital,Ecosystem services (land use),"NatCap | VI — LANCA v2.0, Valuing Impact (2023 USD)"
Bangladesh,BGD,South Asia,Lower middle income,LANCA v2.0,2016,Land use,Permanent crops,1414.9336195542126,USD/ha,Natural Capital,Ecosystem services (land use),"NatCap | VI — LANCA v2.0, Valuing Impact (2023 USD)"
Bulgaria,BGR,Europe & Central Asia,Upper middle income,LANCA v2.0,2016,Land use,Permanent crops,1149.4527649932434,USD/ha,Natural Capital,Ecosystem services (land use),"NatCap | VI — LANCA v2.0, Valuing Impact (2023 USD)"
Bahrain,BHR,Middle East & North Africa,High income,LANCA v2.0,2016,Land use,Permanent crops,133.5931668802014,USD/ha,Natural Capital,Ecosystem services (land use),"NatCap | VI — LANCA v2.0, Valuing Impact (2023 USD)"
Belarus,BLR,Europe & Central Asia,Upper middle income,LANCA v2.0,2016,Land use,Permanent crops,2285.9675522133925,USD/ha,Natural Capital,Ecosystem services (land use),"NatCap | VI — LANCA v2.0, Valuing Impact (2023 USD)"
Belize,BLZ,Latin America & Caribbean,Upper middle income,LANCA v2.0,2016,Land use,Permanent crops,1861.304532319535,USD/ha,Natural Capital,Ecosystem services (land use),"NatCap | VI — LANCA v2.0, Valuing Impact (2023 USD)"
Bolivia,BOL,Latin America & Caribbean,Lower middle income,LANCA v2.0,2016,Land use,Permanent crops,1670.3865012947456,USD/ha,Natural Capital,Ecosystem services (land use),"NatCap | VI — LANCA v2.0, Valuing Impact (2023 USD)"
Brazil,BRA,Latin America & Caribbean,Upper middle income,LANCA v2.0,2016,Land use,Permanent crops,1686.7487739304017,USD/ha,Natural Capital,Ecosystem services (land use),"NatCap | VI — LANCA v2.0, Valuing Impact (2023 USD)"
Bhutan,BTN,South Asia,Lower middle income,LANCA v2.0,2016,Land use,Permanent crops,8871.276666844626,USD/ha,Natural Capital,Ecosystem services (land use),"NatCap | VI — LANCA v2.0, Valuing Impact (2023 USD)"
Botswana,BWA,Sub-Saharan Africa,Upper middle income,LANCA v2.0,2016,Land use,Permanent crops,354.52972088637057,USD/ha,Natural Capital,Ecosystem services (land use),"NatCap | VI — LANCA v2.0, Valuing Impact (2023 USD)"
Central African Republic,CAF,Sub-Saharan Africa,Low income,LANCA v2.0,2016,Land use,Permanent crops,1595.518667105834,USD/ha,Natural Capital,Ecosystem services (land use),"NatCap | VI — LANCA v2.0, Valuing Impact (2023 USD)"
Canada,CAN,North America,High income,LANCA v2.0,2016,Land use,Permanent crops,878.1884036610408,USD/ha,Natural Capital,Ecosystem services (land use),"NatCap | VI — LANCA v2.0, Valuing Impact (2023 USD)"
Switzerland,CHE,Europe & Central Asia,High income,LANCA v2.0,2016,Land use,Permanent crops,7161.226986236312,USD/ha,Natural Capital,Ecosystem services (land use),"NatCap | VI — LANCA v2.0, Valuing Impact (2023 USD)"
Chile,CHL,Latin America & Caribbean,High income,LANCA v2.0,2016,Land use,Permanent crops,1607.050373679663,USD/ha,Natural Capital,Ecosystem services (land use),"NatCap | VI — LANCA v2.0, Valuing Impact (2023 USD)"
China,CHN,East Asia & Pacific,Upper middle income,LANCA v2.0,2016,Land use,Permanent crops,1625.4350389911554,USD/ha,Natural Capital,Ecosystem services (land use),"NatCap | VI — LANCA v2.0, Valuing Impact (2023 USD)"
Côte d’Ivoire,CIV,Sub-Saharan Africa,Lower middle income,LANCA v2.0,2016,Land use,Permanent crops,1762.0982319479122,USD/ha,Natural Capital,Ecosystem services (land use),"NatCap | VI — LANCA v2.0, Valuing Impact (2023 USD)"
Cameroon,CMR,Sub-Saharan Africa,Lower middle income,LANCA v2.0,2016,Land use,Permanent crops,2060.6318287789595,USD/ha,Natural Capital,Ecosystem services (land use),"NatCap | VI — LANCA v2.0, Valuing Impact (2023 USD)"
Colombia,COL,Latin America & Caribbean,Upper middle income,LANCA v2.0,2016,Land use,Permanent crops,3687.960295339069,USD/ha,Natural Capital,Ecosystem services (land use),"NatCap | VI — LANCA v2.0, Valuing Impact (2023 USD)"
Costa Rica,CRI,Latin America & Caribbean,Upper middle income,LANCA v2.0,2016,Land use,Permanent crops,4973.776886166027,USD/ha,Natural Capital,Ecosystem services (land use),"NatCap | VI — LANCA v2.0, Valuing Impact (2023 USD)"
Cuba,CUB,Latin America & Caribbean,Upper middle income,LANCA v2.0,2016,Land use,Permanent crops,1213.4501234540373,USD/ha,Natural Capital,Ecosystem services (land use),"NatCap | VI — LANCA v2.0, Valuing Impact (2023 USD)"
Cyprus,CYP,Europe & Central Asia,High income,LANCA v2.0,2016,Land use,Permanent crops,1129.3701628511928,USD/ha,Natural Capital,Ecosystem services (land use),"NatCap | VI — LANCA v2.0, Valuing Impact (2023 USD)"
Germany,DEU,Europe & Central Asia,High income,LANCA v2.0,2016,Land use,Permanent crops,2228.4863585692656,USD/ha,Natural Capital,Ecosystem services (land use),"NatCap | VI — LANCA v2.0, Valuing Impact (2023 USD)"
Djibouti,DJI,Middle East & North Africa,Lower middle income,LANCA v2.0,2016,Land use,Permanent crops,395.05393607228905,USD/ha,Natural Capital,Ecosystem services (land use),"NatCap | VI — LANCA v2.0, Valuing Impact (2023 USD)"
Denmark,DNK,Europe & Central Asia,High income,LANCA v2.0,2016,Land use,Permanent crops,1060.8429235313856,USD/ha,Natural Capital,Ecosystem services (land use),"NatCap | VI — LANCA v2.0, Valuing Impact (2023 USD)"
Dominican Republic,DOM,Latin America & Caribbean,Upper middle income,LANCA v2.0,2016,Land use,Permanent crops,2453.168450002863,USD/ha,Natural Capital,Ecosystem services (land use),"NatCap | VI — LANCA v2.0, Valuing Impact (2023 USD)"
Algeria,DZA,Middle East & North Africa,Lower middle income,LANCA v2.0,2016,Land use,Permanent crops,709.5139900194147,USD/ha,Natural Capital,Ecosystem services (land use),"NatCap | VI — LANCA v2.0, Valuing Impact (2023 USD)"
Ecuador,ECU,Latin America & Caribbean,Upper middle income,LANCA v2.0,2016,Land use,Permanent crops,4342.881172407742,USD/ha,Natural Capital,Ecosystem services (land use),"NatCap | VI — LANCA v2.0, Valuing Impact (2023 USD)"
Eritrea,ERI,Sub-Saharan Africa,Low income,LANCA v2.0,2016,Land use,Permanent crops,334.97277445328774,USD/ha,Natural Capital,Ecosystem services (land use),"NatCap | VI — LANCA v2.0, Valuing Impact (2023 USD)"
Spain,ESP,Europe & Central Asia,High income,LANCA v2.0,2016,Land use,Permanent crops,1079.4134521710282,USD/ha,Natural Capital,Ecosystem services (land use),"NatCap | VI — LANCA v2.0, Valuing Impact (2023 USD)"
Ethiopia,ETH,Sub-Saharan Africa,Low income,LANCA v2.0,2016,Land use,Permanent crops,799.1984449636831,USD/ha,Natural Capital,Ecosystem services (land use),"NatCap | VI — LANCA v2.0, Valuing Impact (2023 USD)"
France,FRA,Europe & Central Asia,High income,LANCA v2.0,2016,Land use,Permanent crops,4108.770413220805,USD/ha,Natural Capital,Ecosystem services (land use),"NatCap | VI — LANCA v2.0, Valuing Impact (2023 USD)"
Georgia,GEO,Europe & Central Asia,Upper middle income,LANCA v2.0,2016,Land use,Permanent crops,1012.8902884251023,USD/ha,Natural Capital,Ecosystem services (land use),"NatCap | VI — LANCA v2.0, Valuing Impact (2023 USD)"
Ghana,GHA,Sub-Saharan Africa,Lower middle income,LANCA v2.0,2016,Land use,Permanent crops,1419.3928972040276,USD/ha,Natural Capital,Ecosystem services (land use),"NatCap | VI — LANCA v2.0, Valuing Impact (2023 USD)"
Guinea,GIN,Sub-Saharan Africa,Lower middle income,LANCA v2.0,2016,Land use,Permanent crops,2430.887421088055,USD/ha,Natural Capital,Ecosystem services (land use),"NatCap | VI — LANCA v2.0, Valuing Impact (2023 USD)"
Guinea-Bissau,GNB,Sub-Saharan Africa,Low income,LANCA v2.0,2016,Land use,Permanent crops,1346.1683922771633,USD/ha,Natural Capital,Ecosystem services (land use),"NatCap | VI — LANCA v2.0, Valuing Impact (2023 USD)"
Greece,GRC,Europe & Central Asia,High income,LANCA v2.0,2016,Land use,Permanent crops,1289.881919659251,USD/ha,Natural Capital,Ecosystem services (land use),"NatCap | VI — LANCA v2.0, Valuing Impact (2023 USD)"
Guatemala,GTM,Latin America & Caribbean,Upper middle income,LANCA v2.0,2016,Land use,Permanent crops,3709.0926191279104,USD/ha,Natural Capital,Ecosystem services (land use),"NatCap | VI — LANCA v2.0, Valuing Impact (2023 USD)"
Guyana,GUY,Latin America & Caribbean,High income,LANCA v2.0,2016,Land use,Permanent crops,2568.4703603086846,USD/ha,Natural Capital,Ecosystem services (land use),"NatCap | VI — LANCA v2.0, Valuing Impact (2023 USD)"
Honduras,HND,Latin America & Caribbean,Lower middle income,LANCA v2.0,2016,Land use,Permanent crops,4055.6441261009536,USD/ha,Natural Capital,Ecosystem services (land use),"NatCap | VI — LANCA v2.0, Valuing Impact (2023 USD)"
Haiti,HTI,Latin America & Caribbean,Lower middle income,LANCA v2.0,2016,Land use,Permanent crops,3531.887198683098,USD/ha,Natural Capital,Ecosystem services (land use),"NatCap | VI — LANCA v2.0, Valuing Impact (2023 USD)"
India,IND,South Asia,Lower middle income,LANCA v2.0,2016,Land use,Permanent crops,1170.1102928931596,USD/ha,Natural Capital,Ecosystem services (land use),"NatCap | VI — LANCA v2.0, Valuing Impact (2023 USD)"
Iraq,IRQ,Middle East & North Africa,Upper middle income,LANCA v2.0,2016,Land use,Permanent crops,58.05043031917645,USD/ha,Natural Capital,Ecosystem services (land use),"NatCap | VI — LANCA v2.0, Valuing Impact (2023 USD)"
Israel,ISR,Middle East & North Africa,High income,LANCA v2.0,2016,Land use,Permanent crops,430.42544043710245,USD/ha,Natural Capital,Ecosystem services (land use),"NatCap | VI — LANCA v2.0, Valuing Impact (2023 USD)"
Italy,ITA,Europe & Central Asia,High income,LANCA v2.0,2016,Land use,Permanent crops,1584.0051145261136,USD/ha,Natural Capital,Ecosystem services (land use),"NatCap | VI — LANCA v2.0, Valuing Impact (2023 USD)"
Jamaica,JAM,Latin America & Caribbean,Upper middle income,LANCA v2.0,2016,Land use,Permanent crops,2359.0079397545383,USD/ha,Natural Capital,Ecosystem services (land use),"NatCap | VI — LANCA v2.0, Valuing Impact (2023 USD)"
Jordan,JOR,Middle East & North Africa,Lower middle income,LANCA v2.0,2016,Land use,Permanent crops,172.69071146878576,USD/ha,Natural Capital,Ecosystem services (land use),"NatCap | VI — LANCA v2.0, Valuing Impact (2023 USD)"
Japan,JPN,East Asia & Pacific,High income,LANCA v2.0,2016,Land use,Permanent crops,1657.9272655372538,USD/ha,Natural Capital,Ecosystem services (land use),"NatCap | VI — LANCA v2.0, Valuing Impact (2023 USD)"
Kazakhstan,KAZ,Europe & Central Asia,Upper middle income,LANCA v2.0,2016,Land use,Permanent crops,144.89436349209464,USD/ha,Natural Capital,Ecosystem services (land use),"NatCap | VI — LANCA v2.0, Valuing Impact (2023 USD)"
Kenya,KEN,Sub-Saharan Africa,Lower middle income,LANCA v2.0,2016,Land use,Permanent crops,228.40854244248644,USD/ha,Natural Capital,Ecosystem services (land use),"NatCap | VI — LANCA v2.0, Valuing Impact (2023 USD)"
Cambodia,KHM,East Asia & Pacific,Lower middle income,LANCA v2.0,2016,Land use,Permanent crops,1537.3259779178904,USD/ha,Natural Capital,Ecosystem services (land use),"NatCap | VI — LANCA v2.0, Valuing Impact (2023 USD)"
Kuwait,KWT,Middle East & North Africa,High income,LANCA v2.0,2016,Land use,Permanent crops,111.95421999823667,USD/ha,Natural Capital,Ecosystem services (land use),"NatCap | VI — LANCA v2.0, Valuing Impact (2023 USD)"
Lebanon,LBN,Middle East & North Africa,Lower middle income,LANCA v2.0,2016,Land use,Permanent crops,1152.0550691142296,USD/ha,Natural Capital,Ecosystem services (land use),"NatCap | VI — LANCA v2.0, Valuing Impact (2023 USD)"
Liberia,LBR,Sub-Saharan Africa,Low income,LANCA v2.0,2016,Land use,Permanent crops,2637.4436017295757,USD/ha,Natural Capital,Ecosystem services (land use),"NatCap | VI — LANCA v2.0, Valuing Impact (2023 USD)"
Libya,LBY,Middle East & North Africa,Upper middle income,LANCA v2.0,2016,Land use,Permanent crops,454.3122713139002,USD/ha,Natural Capital,Ecosystem services (land use),"NatCap | VI — LANCA v2.0, Valuing Impact (2023 USD)"
Sri Lanka,LKA,South Asia,Lower middle income,LANCA v2.0,2016,Land use,Permanent crops,2391.7541290404756,USD/ha,Natural Capital,Ecosystem services (land use),"NatCap | VI — LANCA v2.0, Valuing Impact (2023 USD)"
Lesotho,LSO,Sub-Saharan Africa,Lower middle income,LANCA v2.0,2016,Land use,Permanent crops,569.801821396375,USD/ha,Natural Capital,Ecosystem services (land use),"NatCap | VI — LANCA v2.0, Valuing Impact (2023 USD)"
Luxembourg,LUX,Europe & Central Asia,High income,LANCA v2.0,2016,Land use,Permanent crops,2025.746832818106,USD/ha,Natural Capital,Ecosystem services (land use),"NatCap | VI — LANCA v2.0, Valuing Impact (2023 USD)"
Morocco,MAR,Middle East & North Africa,Lower middle income,LANCA v2.0,2016,Land use,Permanent crops,868.8514115551026,USD/ha,Natural Capital,Ecosystem services (land use),"NatCap | VI — LANCA v2.0, Valuing Impact (2023 USD)"
Moldova,MDA,Europe & Central Asia,Upper middle income,LANCA v2.0,2016,Land use,Permanent crops,972.2201031456747,USD/ha,Natural Capital,Ecosystem services (land use),"NatCap | VI — LANCA v2.0, Valuing Impact (2023 USD)"
Madagascar,MDG,Sub-Saharan Africa,Low income,LANCA v2.0,2016,Land use,Permanent crops,1749.2242334450852,USD/ha,Natural Capital,Ecosystem services (land use),"NatCap | VI — LANCA v2.0, Valuing Impact (2023 USD)"
Mexico,MEX,Latin America & Caribbean,Upper middle income,LANCA v2.0,2016,Land use,Permanent crops,1528.9430465153464,USD/ha,Natural Capital,Ecosystem services (land use),"NatCap | VI — LANCA v2.0, Valuing Impact (2023 USD)"
Mali,MLI,Sub-Saharan Africa,Low income,LANCA v2.0,2016,Land use,Permanent crops,433.52970278829605,USD/ha,Natural Capital,Ecosystem services (land use),"NatCap | VI — LANCA v2.0, Valuing Impact (2023 USD)"
Myanmar,MMR,East Asia & Pacific,Lower middle income,LANCA v2.0,2016,Land use,Permanent crops,3725.4295097214963,USD/ha,Natural Capital,Ecosystem services (land use),"NatCap | VI — LANCA v2.0, Valuing Impact (2023 USD)"
Montenegro,MNE,Europe & Central Asia,Upper middle income,LANCA v2.0,2016,Land use,Permanent crops,2902.290827139577,USD/ha,Natural Capital,Ecosystem services (land use),"NatCap | VI — LANCA v2.0, Valuing Impact (2023 USD)"
Mongolia,MNG,East Asia & Pacific,Lower middle income,LANCA v2.0,2016,Land use,Permanent crops,441.3041391018026,USD/ha,Natural Capital,Ecosystem services (land use),"NatCap | VI — LANCA v2.0, Valuing Impact (2023 USD)"
Mozambique,MOZ,Sub-Saharan Africa,Low income,LANCA v2.0,2016,Land use,Permanent crops,1285.877509781117,USD/ha,Natural Capital,Ecosystem services (land use),"NatCap | VI — LANCA v2.0, Valuing Impact (2023 USD)"
Mauritania,MRT,Sub-Saharan Africa,Lower middle income,LANCA v2.0,2016,Land use,Permanent crops,2101.2658012092224,USD/ha,Natural Capital,Ecosystem services (land use),"NatCap | VI — LANCA v2.0, Valuing Impact (2023 USD)"
Malawi,MWI,Sub-Saharan Africa,Low income,LANCA v2.0,2016,Land use,Permanent crops,1228.683053502976,USD/ha,Natural Capital,Ecosystem services (land use),"NatCap | VI — LANCA v2.0, Valuing Impact (2023 USD)"
Malaysia,MYS,East Asia & Pacific,Upper middle income,LANCA v2.0,2016,Land use,Permanent crops,4474.328662161348,USD/ha,Natural Capital,Ecosystem services (land use),"NatCap | VI — LANCA v2.0, Valuing Impact (2023 USD)"
Namibia,NAM,Sub-Saharan Africa,Upper middle income,LANCA v2.0,2016,Land use,Permanent crops,1818.9918848653244,USD/ha,Natural Capital,Ecosystem services (land use),"NatCap | VI — LANCA v2.0, Valuing Impact (2023 USD)"
Niger,NER,Sub-Saharan Africa,Low income,LANCA v2.0,2016,Land use,Permanent crops,1657.5449944380648,USD/ha,Natural Capital,Ecosystem services (land use),"NatCap | VI — LANCA v2.0, Valuing Impact (2023 USD)"
Nigeria,NGA,Sub-Saharan Africa,Lower middle income,LANCA v2.0,2016,Land use,Permanent crops,1289.7326914016026,USD/ha,Natural Capital,Ecosystem services (land use),"NatCap | VI — LANCA v2.0, Valuing Impact (2023 USD)"
Nicaragua,NIC,Latin America & Caribbean,Lower middle income,LANCA v2.0,2016,Land use,Permanent crops,2304.832642148838,USD/ha,Natural Capital,Ecosystem services (land use),"NatCap | VI — LANCA v2.0, Valuing Impact (2023 USD)"
Netherlands,NLD,Europe & Central Asia,High income,LANCA v2.0,2016,Land use,Permanent crops,1297.6602713561156,USD/ha,Natural Capital,Ecosystem services (land use),"NatCap | VI — LANCA v2.0, Valuing Impact (2023 USD)"
Nepal,NPL,South Asia,Lower middle income,LANCA v2.0,2016,Land use,Permanent crops,5930.519092521918,USD/ha,Natural Capital,Ecosystem services (land use),"NatCap | VI — LANCA v2.0, Valuing Impact (2023 USD)"
New Zealand,NZL,East Asia & Pacific,High income,LANCA v2.0,2016,Land use,Permanent crops,7747.900398747043,USD/ha,Natural Capital,Ecosystem services (land use),"NatCap | VI — LANCA v2.0, Valuing Impact (2023 USD)"
Oman,OMN,Middle East & North Africa,High income,LANCA v2.0,2016,Land use,Permanent crops,166.3164615617576,USD/ha,Natural Capital,Ecosystem services (land use),"NatCap | VI — LANCA v2.0, Valuing Impact (2023 USD)"
Pakistan,PAK,South Asia,Lower middle income,LANCA v2.0,2016,Land use,Permanent crops,500.46773584472044,USD/ha,Natural Capital,Ecosystem services (land use),"NatCap | VI — LANCA v2.0, Valuing Impact (2023 USD)"
Panama,PAN,Latin America & Caribbean,High income,LANCA v2.0,2016,Land use,Permanent crops,4182.539102784581,USD/ha,Natural Capital,Ecosystem services (land use),"NatCap | VI — LANCA v2.0, Valuing Impact (2023 USD)"
Peru,PER,Latin America & Caribbean,Upper middle income,LANCA v2.0,2016,Land use,Permanent crops,4039.2652669454264,USD/ha,Natural Capital,Ecosystem services (land use),"NatCap | VI — LANCA v2.0, Valuing Impact (2023 USD)"
Philippines,PHL,East Asia & Pacific,Lower middle income,LANCA v2.0,2016,Land use,Permanent crops,4977.126861683874,USD/ha,Natural Capital,Ecosystem services (land use),"NatCap | VI — LANCA v2.0, Valuing Impact (2023 USD)"
Poland,POL,Europe & Central Asia,High income,LANCA v2.0,2016,Land use,Permanent crops,1587.622344358969,USD/ha,Natural Capital,Ecosystem services (land use),"NatCap | VI — LANCA v2.0, Valuing Impact (2023 USD)"
Portugal,PRT,Europe & Central Asia,High income,LANCA v2.0,2016,Land use,Permanent crops,2204.640569153122,USD/ha,Natural Capital,Ecosystem services (land use),"NatCap | VI — LANCA v2.0, Valuing Impact (2023 USD)"
Paraguay,PRY,Latin America & Caribbean,Upper middle income,LANCA v2.0,2016,Land use,Permanent crops,1084.2260527859894,USD/ha,Natural Capital,Ecosystem services (land use),"NatCap | VI — LANCA v2.0, Valuing Impact (2023 USD)"
Qatar,QAT,Middle East & North Africa,High income,LANCA v2.0,2016,Land use,Permanent crops,142.87073172530637,USD/ha,Natural Capital,Ecosystem services (land use),"NatCap | VI — LANCA v2.0, Valuing Impact (2023 USD)"
Romania,ROU,Europe & Central Asia,High income,LANCA v2.0,2016,Land use,Permanent crops,991.8978988309998,USD/ha,Natural Capital,Ecosystem services (land use),"NatCap | VI — LANCA v2.0, Valuing Impact (2023 USD)"
Rwanda,RWA,Sub-Saharan Africa,Low income,LANCA v2.0,2016,Land use,Permanent crops,1939.7274652531355,USD/ha,Natural Capital,Ecosystem services (land use),"NatCap | VI — LANCA v2.0, Valuing Impact (2023 USD)"
Saudi Arabia,SAU,Middle East & North Africa,High income,LANCA v2.0,2016,Land use,Permanent crops,519.8933513834214,USD/ha,Natural Capital,Ecosystem services (land use),"NatCap | VI — LANCA v2.0, Valuing Impact (2023 USD)"
Sudan,SDN,Sub-Saharan Africa,Low income,LANCA v2.0,2016,Land use,Permanent crops,1257.272533079001,USD/ha,Natural Capital,Ecosystem services (land use),"NatCap | VI — LANCA v2.0, Valuing Impact (2023 USD)"
Senegal,SEN,Sub-Saharan Africa,Lower middle income,LANCA v2.0,2016,Land use,Permanent crops,589.0742519948996,USD/ha,Natural Capital,Ecosystem services (land use),"NatCap | VI — LANCA v2.0, Valuing Impact (2023 USD)"
Sierra Leone,SLE,Sub-Saharan Africa,Low income,LANCA v2.0,2016,Land use,Permanent crops,3074.372197795136,USD/ha,Natural Capital,Ecosystem services (land use),"NatCap | VI — LANCA v2.0, Valuing Impact (2023 USD)"
El Salvador,SLV,Latin America & Caribbean,Upper middle income,LANCA v2.0,2016,Land use,Permanent crops,3820.6368519221887,USD/ha,Natural Capital,Ecosystem services (land use),"NatCap | VI — LANCA v2.0, Valuing Impact (2023 USD)"
San Marino,SMR,Europe & Central Asia,High income,LANCA v2.0,2016,Land use,Permanent crops,1613.582224064727,USD/ha,Natural Capital,Ecosystem services (land use),"NatCap | VI — LANCA v2.0, Valuing Impact (2023 USD)"
Serbia,SRB,Europe & Central Asia,Upper middle income,LANCA v2.0,2016,Land use,Permanent crops,2118.6489949723964,USD/ha,Natural Capital,Ecosystem services (land use),"NatCap | VI — LANCA v2.0, Valuing Impact (2023 USD)"
Suriname,SUR,Latin America & Caribbean,Upper middle income,LANCA v2.0,2016,Land use,Permanent crops,2158.07950407976,USD/ha,Natural Capital,Ecosystem services (land use),"NatCap | VI — LANCA v2.0, Valuing Impact (2023 USD)"
Eswatini,SWZ,Sub-Saharan Africa,Lower middle income,LANCA v2.0,2016,Land use,Permanent crops,1484.6741626063858,USD/ha,Natural Capital,Ecosystem services (land use),"NatCap | VI — LANCA v2.0, Valuing Impact (2023 USD)"
Chad,TCD,Sub-Saharan Africa,Low income,LANCA v2.0,2016,Land use,Permanent crops,1375.2174825625284,USD/ha,Natural Capital,Ecosystem services (land use),"NatCap | VI — LANCA v2.0, Valuing Impact (2023 USD)"
Togo,TGO,Sub-Saharan Africa,Low income,LANCA v2.0,2016,Land use,Permanent crops,1530.0822726381066,USD/ha,Natural Capital,Ecosystem services (land use),"NatCap | VI — LANCA v2.0, Valuing Impact (2023 USD)"
Thailand,THA,East Asia & Pacific,Upper middle income,LANCA v2.0,2016,Land use,Permanent crops,2043.4066730858797,USD/ha,Natural Capital,Ecosystem services (land use),"NatCap | VI — LANCA v2.0, Valuing Impact (2023 USD)"
Tajikistan,TJK,Europe & Central Asia,Lower middle income,LANCA v2.0,2016,Land use,Permanent crops,862.868789525919,USD/ha,Natural Capital,Ecosystem services (land use),"NatCap | VI — LANCA v2.0, Valuing Impact (2023 USD)"
Turkmenistan,TKM,Europe & Central Asia,Upper middle income,LANCA v2.0,2016,Land use,Permanent crops,121.16255016764406,USD/ha,Natural Capital,Ecosystem services (land use),"NatCap | VI — LANCA v2.0, Valuing Impact (2023 USD)"
Timor-Leste,TLS,East Asia & Pacific,Lower middle income,LANCA v2.0,2016,Land use,Permanent crops,3426.9815353675217,USD/ha,Natural Capital,Ecosystem services (land use),"NatCap | VI — LANCA v2.0, Valuing Impact (2023 USD)"
Trinidad and Tobago,TTO,Latin America & Caribbean,High income,LANCA v2.0,2016,Land use,Permanent crops,1889.9055964836903,USD/ha,Natural Capital,Ecosystem services (land use),"NatCap | VI — LANCA v2.0, Valuing Impact (2023 USD)"
Tunisia,TUN,Middle East & North Africa,Lower middle income,LANCA v2.0,2016,Land use,Permanent crops,986.2479439057395,USD/ha,Natural Capital,Ecosystem services (land use),"NatCap | VI — LANCA v2.0, Valuing Impact (2023 USD)"
Türkiye,TUR,Europe & Central Asia,Upper middle income,LANCA v2.0,2016,Land use,Permanent crops,372.0619385940331,USD/ha,Natural Capital,Ecosystem services (land use),"NatCap | VI — LANCA v2.0, Valuing Impact (2023 USD)"
Tanzania,TZA,Sub-Saharan Africa,Lower middle income,LANCA v2.0,2016,Land use,Permanent crops,900.2706518777395,USD/ha,Natural Capital,Ecosystem services (land use),"NatCap | VI — LANCA v2.0, Valuing Impact (2023 USD)"
Uganda,UGA,Sub-Saharan Africa,Low income,LANCA v2.0,2016,Land use,Permanent crops,1914.6662971552726,USD/ha,Natural Capital,Ecosystem services (land use),"NatCap | VI — LANCA v2.0, Valuing Impact (2023 USD)"
Ukraine,UKR,Europe & Central Asia,Lower middle income,LANCA v2.0,2016,Land use,Permanent crops,522.6302920051187,USD/ha,Natural Capital,Ecosystem services (land use),"NatCap | VI — LANCA v2.0, Valuing Impact (2023 USD)"
Uruguay,URY,Latin America & Caribbean,High income,LANCA v2.0,2016,Land use,Permanent crops,1137.3156530030683,USD/ha,Natural Capital,Ecosystem services (land use),"NatCap | VI — LANCA v2.0, Valuing Impact (2023 USD)"
United States,USA,North America,High income,LANCA v2.0,2016,Land use,Permanent crops,2260.5937116390737,USD/ha,Natural Capital,Ecosystem services (land use),"NatCap | VI — LANCA v2.0, Valuing Impact (2023 USD)"
Uzbekistan,UZB,Europe & Central Asia,Lower middle income,LANCA v2.0,2016,Land use,Permanent crops,707.7728778830196,USD/ha,Natural Capital,Ecosystem services (land use),"NatCap | VI — LANCA v2.0, Valuing Impact (2023 USD)"
Vietnam,VNM,East Asia & Pacific,Lower middle income,LANCA v2.0,2016,Land use,Permanent crops,3322.4514592853916,USD/ha,Natural Capital,Ecosystem services (land use),"NatCap | VI — LANCA v2.0, Valuing Impact (2023 USD)"
South Africa,ZAF,Sub-Saharan Africa,Upper middle income,LANCA v2.0,2016,Land use,Permanent crops,1209.6183907278019,USD/ha,Natural Capital,Ecosystem services (land use),"NatCap | VI — LANCA v2.0, Valuing Impact (2023 USD)"
Zambia,ZMB,Sub-Saharan Africa,Lower middle income,LANCA v2.0,2016,Land use,Permanent crops,1105.2641613365086,USD/ha,Natural Capital,Ecosystem services (land use),"NatCap | VI — LANCA v2.0, Valuing Impact (2023 USD)"
Zimbabwe,ZWE,Sub-Saharan Africa,Lower middle income,LANCA v2.0,2016,Land use,Permanent crops,2026.7087055763616,USD/ha,Natural Capital,Ecosystem services (land use),"NatCap | VI — LANCA v2.0, Valuing Impact (2023 USD)"
Afghanistan,AFG,South Asia,Low income,LANCA v2.0,2016,Land use,Arable land,742.5468624683922,USD/ha,Natural Capital,Ecosystem services (land use),"NatCap | VI — LANCA v2.0, Valuing Impact (2023 USD)"
Angola,AGO,Sub-Saharan Africa,Lower middle income,LANCA v2.0,2016,Land use,Arable land,1546.6334649490443,USD/ha,Natural Capital,Ecosystem services (land use),"NatCap | VI — LANCA v2.0, Valuing Impact (2023 USD)"
Albania,ALB,Europe & Central Asia,Upper middle income,LANCA v2.0,2016,Land use,Arable land,1172.9903358135093,USD/ha,Natural Capital,Ecosystem services (land use),"NatCap | VI — LANCA v2.0, Valuing Impact (2023 USD)"
Andorra,AND,Europe & Central Asia,High income,LANCA v2.0,2016,Land use,Arable land,3272.937968766599,USD/ha,Natural Capital,Ecosystem services (land use),"NatCap | VI — LANCA v2.0, Valuing Impact (2023 USD)"
United Arab Emirates,ARE,Middle East & North Africa,High income,LANCA v2.0,2016,Land use,Arable land,154.3289390853426,USD/ha,Natural Capital,Ecosystem services (land use),"NatCap | VI — LANCA v2.0, Valuing Impact (2023 USD)"
Argentina,ARG,Latin America & Caribbean,Upper middle income,LANCA v2.0,2016,Land use,Arable land,2251.7481703108397,USD/ha,Natural Capital,Ecosystem services (land use),"NatCap | VI — LANCA v2.0, Valuing Impact (2023 USD)"
Armenia,ARM,Europe & Central Asia,Upper middle income,LANCA v2.0,2016,Land use,Arable land,285.79754124058996,USD/ha,Natural Capital,Ecosystem services (land use),"NatCap | VI — LANCA v2.0, Valuing Impact (2023 USD)"
Australia,AUS,East Asia & Pacific,High income,LANCA v2.0,2016,Land use,Arable land,707.9984724189521,USD/ha,Natural Capital,Ecosystem services (land use),"NatCap | VI — LANCA v2.0, Valuing Impact (2023 USD)"
Azerbaijan,AZE,Europe & Central Asia,Upper middle income,LANCA v2.0,2016,Land use,Arable land,732.8211056915618,USD/ha,Natural Capital,Ecosystem services (land use),"NatCap | VI — LANCA v2.0, Valuing Impact (2023 USD)"
Burundi,BDI,Sub-Saharan Africa,Low income,LANCA v2.0,2016,Land use,Arable land,1267.6113634414673,USD/ha,Natural Capital,Ecosystem services (land use),"NatCap | VI — LANCA v2.0, Valuing Impact (2023 USD)"
Belgium,BEL,Europe & Central Asia,High income,LANCA v2.0,2016,Land use,Arable land,6413.192771824114,USD/ha,Natural Capital,Ecosystem services (land use),"NatCap | VI — LANCA v2.0, Valuing Impact (2023 USD)"
Benin,BEN,Sub-Saharan Africa,Lower middle income,LANCA v2.0,2016,Land use,Arable land,1212.4949289681028,USD/ha,Natural Capital,Ecosystem services (land use),"NatCap | VI — LANCA v2.0, Valuing Impact (2023 USD)"
Burkina Faso,BFA,Sub-Saharan Africa,Low income,LANCA v2.0,2016,Land use,Arable land,649.3999574743959,USD/ha,Natural Capital,Ecosystem services (land use),"NatCap | VI — LANCA v2.0, Valuing Impact (2023 USD)"
Bangladesh,BGD,South Asia,Lower middle income,LANCA v2.0,2016,Land use,Arable land,1414.9336195542126,USD/ha,Natural Capital,Ecosystem services (land use),"NatCap | VI — LANCA v2.0, Valuing Impact (2023 USD)"
Bulgaria,BGR,Europe & Central Asia,Upper middle income,LANCA v2.0,2016,Land use,Arable land,1149.4527649932434,USD/ha,Natural Capital,Ecosystem services (land use),"NatCap | VI — LANCA v2.0, Valuing Impact (2023 USD)"
Bahrain,BHR,Middle East & North Africa,High income,LANCA v2.0,2016,Land use,Arable land,133.5931668802014,USD/ha,Natural Capital,Ecosystem services (land use),"NatCap | VI — LANCA v2.0, Valuing Impact (2023 USD)"
Belarus,BLR,Europe & Central Asia,Upper middle income,LANCA v2.0,2016,Land use,Arable land,2285.9675522133925,USD/ha,Natural Capital,Ecosystem services (land use),"NatCap | VI — LANCA v2.0, Valuing Impact (2023 USD)"
Belize,BLZ,Latin America & Caribbean,Upper middle income,LANCA v2.0,2016,Land use,Arable land,1861.304532319535,USD/ha,Natural Capital,Ecosystem services (land use),"NatCap | VI — LANCA v2.0, Valuing Impact (2023 USD)"
Bolivia,BOL,Latin America & Caribbean,Lower middle income,LANCA v2.0,2016,Land use,Arable land,1670.3865012947456,USD/ha,Natural Capital,Ecosystem services (land use),"NatCap | VI — LANCA v2.0, Valuing Impact (2023 USD)"
Brazil,BRA,Latin America & Caribbean,Upper middle income,LANCA v2.0,2016,Land use,Arable land,1686.7487739304017,USD/ha,Natural Capital,Ecosystem services (land use),"NatCap | VI — LANCA v2.0, Valuing Impact (2023 USD)"
Bhutan,BTN,South Asia,Lower middle income,LANCA v2.0,2016,Land use,Arable land,8871.276666844626,USD/ha,Natural Capital,Ecosystem services (land use),"NatCap | VI — LANCA v2.0, Valuing Impact (2023 USD)"
Botswana,BWA,Sub-Saharan Africa,Upper middle income,LANCA v2.0,2016,Land use,Arable land,354.52972088637057,USD/ha,Natural Capital,Ecosystem services (land use),"NatCap | VI — LANCA v2.0, Valuing Impact (2023 USD)"
Central African Republic,CAF,Sub-Saharan Africa,Low income,LANCA v2.0,2016,Land use,Arable land,1595.518667105834,USD/ha,Natural Capital,Ecosystem services (land use),"NatCap | VI — LANCA v2.0, Valuing Impact (2023 USD)"
Canada,CAN,North America,High income,LANCA v2.0,2016,Land use,Arable land,878.1884036610408,USD/ha,Natural Capital,Ecosystem services (land use),"NatCap | VI — LANCA v2.0, Valuing Impact (2023 USD)"
Switzerland,CHE,Europe & Central Asia,High income,LANCA v2.0,2016,Land use,Arable land,7161.226986236312,USD/ha,Natural Capital,Ecosystem services (land use),"NatCap | VI — LANCA v2.0, Valuing Impact (2023 USD)"
Chile,CHL,Latin America & Caribbean,High income,LANCA v2.0,2016,Land use,Arable land,1607.050373679663,USD/ha,Natural Capital,Ecosystem services (land use),"NatCap | VI — LANCA v2.0, Valuing Impact (2023 USD)"
China,CHN,East Asia & Pacific,Upper middle income,LANCA v2.0,2016,Land use,Arable land,1625.4350389911554,USD/ha,Natural Capital,Ecosystem services (land use),"NatCap | VI — LANCA v2.0, Valuing Impact (2023 USD)"
Côte d’Ivoire,CIV,Sub-Saharan Africa,Lower middle income,LANCA v2.0,2016,Land use,Arable land,1762.0982319479122,USD/ha,Natural Capital,Ecosystem services (land use),"NatCap | VI — LANCA v2.0, Valuing Impact (2023 USD)"
Cameroon,CMR,Sub-Saharan Africa,Lower middle income,LANCA v2.0,2016,Land use,Arable land,2060.6318287789595,USD/ha,Natural Capital,Ecosystem services (land use),"NatCap | VI — LANCA v2.0, Valuing Impact (2023 USD)"
Colombia,COL,Latin America & Caribbean,Upper middle income,LANCA v2.0,2016,Land use,Arable land,3687.960295339069,USD/ha,Natural Capital,Ecosystem services (land use),"NatCap | VI — LANCA v2.0, Valuing Impact (2023 USD)"
Costa Rica,CRI,Latin America & Caribbean,Upper middle income,LANCA v2.0,2016,Land use,Arable land,4973.776886166027,USD/ha,Natural Capital,Ecosystem services (land use),"NatCap | VI — LANCA v2.0, Valuing Impact (2023 USD)"
Cuba,CUB,Latin America & Caribbean,Upper middle income,LANCA v2.0,2016,Land use,Arable land,1213.4501234540373,USD/ha,Natural Capital,Ecosystem services (land use),"NatCap | VI — LANCA v2.0, Valuing Impact (2023 USD)"
Cyprus,CYP,Europe & Central Asia,High income,LANCA v2.0,2016,Land use,Arable land,1129.3701628511928,USD/ha,Natural Capital,Ecosystem services (land use),"NatCap | VI — LANCA v2.0, Valuing Impact (2023 USD)"
Germany,DEU,Europe & Central Asia,High income,LANCA v2.0,2016,Land use,Arable land,2228.4863585692656,USD/ha,Natural Capital,Ecosystem services (land use),"NatCap | VI — LANCA v2.0, Valuing Impact (2023 USD)"
Djibouti,DJI,Middle East & North Africa,Lower middle income,LANCA v2.0,2016,Land use,Arable land,395.05393607228905,USD/ha,Natural Capital,Ecosystem services (land use),"NatCap | VI — LANCA v2.0, Valuing Impact (2023 USD)"
Denmark,DNK,Europe & Central Asia,High income,LANCA v2.0,2016,Land use,Arable land,1060.8429235313856,USD/ha,Natural Capital,Ecosystem services (land use),"NatCap | VI — LANCA v2.0, Valuing Impact (2023 USD)"
Dominican Republic,DOM,Latin America & Caribbean,Upper middle income,LANCA v2.0,2016,Land use,Arable land,2453.168450002863,USD/ha,Natural Capital,Ecosystem services (land use),"NatCap | VI — LANCA v2.0, Valuing Impact (2023 USD)"
Algeria,DZA,Middle East & North Africa,Lower middle income,LANCA v2.0,2016,Land use,Arable land,709.5139900194147,USD/ha,Natural Capital,Ecosystem services (land use),"NatCap | VI — LANCA v2.0, Valuing Impact (2023 USD)"
Ecuador,ECU,Latin America & Caribbean,Upper middle income,LANCA v2.0,2016,Land use,Arable land,4342.881172407742,USD/ha,Natural Capital,Ecosystem services (land use),"NatCap | VI — LANCA v2.0, Valuing Impact (2023 USD)"
Eritrea,ERI,Sub-Saharan Africa,Low income,LANCA v2.0,2016,Land use,Arable land,334.97277445328774,USD/ha,Natural Capital,Ecosystem services (land use),"NatCap | VI — LANCA v2.0, Valuing Impact (2023 USD)"
Spain,ESP,Europe & Central Asia,High income,LANCA v2.0,2016,Land use,Arable land,1079.4134521710282,USD/ha,Natural Capital,Ecosystem services (land use),"NatCap | VI — LANCA v2.0, Valuing Impact (2023 USD)"
Ethiopia,ETH,Sub-Saharan Africa,Low income,LANCA v2.0,2016,Land use,Arable land,799.1984449636831,USD/ha,Natural Capital,Ecosystem services (land use),"NatCap | VI — LANCA v2.0, Valuing Impact (2023 USD)"
France,FRA,Europe & Central Asia,High income,LANCA v2.0,2016,Land use,Arable land,4108.770413220805,USD/ha,Natural Capital,Ecosystem services (land use),"NatCap | VI — LANCA v2.0, Valuing Impact (2023 USD)"
Georgia,GEO,Europe & Central Asia,Upper middle income,LANCA v2.0,2016,Land use,Arable land,1012.8902884251023,USD/ha,Natural Capital,Ecosystem services (land use),"NatCap | VI — LANCA v2.0, Valuing Impact (2023 USD)"
Ghana,GHA,Sub-Saharan Africa,Lower middle income,LANCA v2.0,2016,Land use,Arable land,1419.3928972040276,USD/ha,Natural Capital,Ecosystem services (land use),"NatCap | VI — LANCA v2.0, Valuing Impact (2023 USD)"
Guinea,GIN,Sub-Saharan Africa,Lower middle income,LANCA v2.0,2016,Land use,Arable land,2430.887421088055,USD/ha,Natural Capital,Ecosystem services (land use),"NatCap | VI — LANCA v2.0, Valuing Impact (2023 USD)"
Guinea-Bissau,GNB,Sub-Saharan Africa,Low income,LANCA v2.0,2016,Land use,Arable land,1346.1683922771633,USD/ha,Natural Capital,Ecosystem services (land use),"NatCap | VI — LANCA v2.0, Valuing Impact (2023 USD)"
Greece,GRC,Europe & Central Asia,High income,LANCA v2.0,2016,Land use,Arable land,1289.881919659251,USD/ha,Natural Capital,Ecosystem services (land use),"NatCap | VI — LANCA v2.0, Valuing Impact (2023 USD)"
Guatemala,GTM,Latin America & Caribbean,Upper middle income,LANCA v2.0,2016,Land use,Arable land,3709.0926191279104,USD/ha,Natural Capital,Ecosystem services (land use),"NatCap | VI — LANCA v2.0, Valuing Impact (2023 USD)"
Guyana,GUY,Latin America & Caribbean,High income,LANCA v2.0,2016,Land use,Arable land,2568.4703603086846,USD/ha,Natural Capital,Ecosystem services (land use),"NatCap | VI — LANCA v2.0, Valuing Impact (2023 USD)"
Honduras,HND,Latin America & Caribbean,Lower middle income,LANCA v2.0,2016,Land use,Arable land,4055.6441261009536,USD/ha,Natural Capital,Ecosystem services (land use),"NatCap | VI — LANCA v2.0, Valuing Impact (2023 USD)"
Haiti,HTI,Latin America & Caribbean,Lower middle income,LANCA v2.0,2016,Land use,Arable land,3531.887198683098,USD/ha,Natural Capital,Ecosystem services (land use),"NatCap | VI — LANCA v2.0, Valuing Impact (2023 USD)"
India,IND,South Asia,Lower middle income,LANCA v2.0,2016,Land use,Arable land,1170.1102928931596,USD/ha,Natural Capital,Ecosystem services (land use),"NatCap | VI — LANCA v2.0, Valuing Impact (2023 USD)"
Iraq,IRQ,Middle East & North Africa,Upper middle income,LANCA v2.0,2016,Land use,Arable land,58.05043031917645,USD/ha,Natural Capital,Ecosystem services (land use),"NatCap | VI — LANCA v2.0, Valuing Impact (2023 USD)"
Israel,ISR,Middle East & North Africa,High income,LANCA v2.0,2016,Land use,Arable land,430.42544043710245,USD/ha,Natural Capital,Ecosystem services (land use),"NatCap | VI — LANCA v2.0, Valuing Impact (2023 USD)"
Italy,ITA,Europe & Central Asia,High income,LANCA v2.0,2016,Land use,Arable land,1584.0051145261136,USD/ha,Natural Capital,Ecosystem services (land use),"NatCap | VI — LANCA v2.0, Valuing Impact (2023 USD)"
Jamaica,JAM,Latin America & Caribbean,Upper middle income,LANCA v2.0,2016,Land use,Arable land,2359.0079397545383,USD/ha,Natural Capital,Ecosystem services (land use),"NatCap | VI — LANCA v2.0, Valuing Impact (2023 USD)"
Jordan,JOR,Middle East & North Africa,Lower middle income,LANCA v2.0,2016,Land use,Arable land,172.69071146878576,USD/ha,Natural Capital,Ecosystem services (land use),"NatCap | VI — LANCA v2.0, Valuing Impact (2023 USD)"
Japan,JPN,East Asia & Pacific,High income,LANCA v2.0,2016,Land use,Arable land,1657.9272655372538,USD/ha,Natural Capital,Ecosystem services (land use),"NatCap | VI — LANCA v2.0, Valuing Impact (2023 USD)"
Kazakhstan,KAZ,Europe & Central Asia,Upper middle income,LANCA v2.0,2016,Land use,Arable land,144.89436349209464,USD/ha,Natural Capital,Ecosystem services (land use),"NatCap | VI — LANCA v2.0, Valuing Impact (2023 USD)"
Kenya,KEN,Sub-Saharan Africa,Lower middle income,LANCA v2.0,2016,Land use,Arable land,228.40854244248644,USD/ha,Natural Capital,Ecosystem services (land use),"NatCap | VI — LANCA v2.0, Valuing Impact (2023 USD)"
Cambodia,KHM,East Asia & Pacific,Lower middle income,LANCA v2.0,2016,Land use,Arable land,1537.3259779178904,USD/ha,Natural Capital,Ecosystem services (land use),"NatCap | VI — LANCA v2.0, Valuing Impact (2023 USD)"
Kuwait,KWT,Middle East & North Africa,High income,LANCA v2.0,2016,Land use,Arable land,111.95421999823667,USD/ha,Natural Capital,Ecosystem services (land use),"NatCap | VI — LANCA v2.0, Valuing Impact (2023 USD)"
Lebanon,LBN,Middle East & North Africa,Lower middle income,LANCA v2.0,2016,Land use,Arable land,1152.0550691142296,USD/ha,Natural Capital,Ecosystem services (land use),"NatCap | VI — LANCA v2.0, Valuing Impact (2023 USD)"
Liberia,LBR,Sub-Saharan Africa,Low income,LANCA v2.0,2016,Land use,Arable land,2637.4436017295757,USD/ha,Natural Capital,Ecosystem services (land use),"NatCap | VI — LANCA v2.0, Valuing Impact (2023 USD)"
Libya,LBY,Middle East & North Africa,Upper middle income,LANCA v2.0,2016,Land use,Arable land,454.3122713139002,USD/ha,Natural Capital,Ecosystem services (land use),"NatCap | VI — LANCA v2.0, Valuing Impact (2023 USD)"
Sri Lanka,LKA,South Asia,Lower middle income,LANCA v2.0,2016,Land use,Arable land,2391.7541290404756,USD/ha,Natural Capital,Ecosystem services (land use),"NatCap | VI — LANCA v2.0, Valuing Impact (2023 USD)"
Lesotho,LSO,Sub-Saharan Africa,Lower middle income,LANCA v2.0,2016,Land use,Arable land,569.801821396375,USD/ha,Natural Capital,Ecosystem services (land use),"NatCap | VI — LANCA v2.0, Valuing Impact (2023 USD)"
Luxembourg,LUX,Europe & Central Asia,High income,LANCA v2.0,2016,Land use,Arable land,2025.746832818106,USD/ha,Natural Capital,Ecosystem services (land use),"NatCap | VI — LANCA v2.0, Valuing Impact (2023 USD)"
Morocco,MAR,Middle East & North Africa,Lower middle income,LANCA v2.0,2016,Land use,Arable land,868.8514115551026,USD/ha,Natural Capital,Ecosystem services (land use),"NatCap | VI — LANCA v2.0, Valuing Impact (2023 USD)"
Moldova,MDA,Europe & Central Asia,Upper middle income,LANCA v2.0,2016,Land use,Arable land,972.2201031456747,USD/ha,Natural Capital,Ecosystem services (land use),"NatCap | VI — LANCA v2.0, Valuing Impact (2023 USD)"
Madagascar,MDG,Sub-Saharan Africa,Low income,LANCA v2.0,2016,Land use,Arable land,1749.2242334450852,USD/ha,Natural Capital,Ecosystem services (land use),"NatCap | VI — LANCA v2.0, Valuing Impact (2023 USD)"
Mexico,MEX,Latin America & Caribbean,Upper middle income,LANCA v2.0,2016,Land use,Arable land,1528.9430465153464,USD/ha,Natural Capital,Ecosystem services (land use),"NatCap | VI — LANCA v2.0, Valuing Impact (2023 USD)"
Mali,MLI,Sub-Saharan Africa,Low income,LANCA v2.0,2016,Land use,Arable land,433.52970278829605,USD/ha,Natural Capital,Ecosystem services (land use),"NatCap | VI — LANCA v2.0, Valuing Impact (2023 USD)"
Myanmar,MMR,East Asia & Pacific,Lower middle income,LANCA v2.0,2016,Land use,Arable land,3725.4295097214963,USD/ha,Natural Capital,Ecosystem services (land use),"NatCap | VI — LANCA v2.0, Valuing Impact (2023 USD)"
Montenegro,MNE,Europe & Central Asia,Upper middle income,LANCA v2.0,2016,Land use,Arable land,2902.290827139577,USD/ha,Natural Capital,Ecosystem services (land use),"NatCap | VI — LANCA v2.0, Valuing Impact (2023 USD)"
Mongolia,MNG,East Asia & Pacific,Lower middle income,LANCA v2.0,2016,Land use,Arable land,441.3041391018026,USD/ha,Natural Capital,Ecosystem services (land use),"NatCap | VI — LANCA v2.0, Valuing Impact (2023 USD)"
Mozambique,MOZ,Sub-Saharan Africa,Low income,LANCA v2.0,2016,Land use,Arable land,1285.877509781117,USD/ha,Natural Capital,Ecosystem services (land use),"NatCap | VI — LANCA v2.0, Valuing Impact (2023 USD)"
Mauritania,MRT,Sub-Saharan Africa,Lower middle income,LANCA v2.0,2016,Land use,Arable land,2101.2658012092224,USD/ha,Natural Capital,Ecosystem services (land use),"NatCap | VI — LANCA v2.0, Valuing Impact (2023 USD)"
Malawi,MWI,Sub-Saharan Africa,Low income,LANCA v2.0,2016,Land use,Arable land,1228.683053502976,USD/ha,Natural Capital,Ecosystem services (land use),"NatCap | VI — LANCA v2.0, Valuing Impact (2023 USD)"
Malaysia,MYS,East Asia & Pacific,Upper middle income,LANCA v2.0,2016,Land use,Arable land,4474.328662161348,USD/ha,Natural Capital,Ecosystem services (land use),"NatCap | VI — LANCA v2.0, Valuing Impact (2023 USD)"
Namibia,NAM,Sub-Saharan Africa,Upper middle income,LANCA v2.0,2016,Land use,Arable land,1818.9918848653244,USD/ha,Natural Capital,Ecosystem services (land use),"NatCap | VI — LANCA v2.0, Valuing Impact (2023 USD)"
Niger,NER,Sub-Saharan Africa,Low income,LANCA v2.0,2016,Land use,Arable land,1657.5449944380648,USD/ha,Natural Capital,Ecosystem services (land use),"NatCap | VI — LANCA v2.0, Valuing Impact (2023 USD)"
Nigeria,NGA,Sub-Saharan Africa,Lower middle income,LANCA v2.0,2016,Land use,Arable land,1289.7326914016026,USD/ha,Natural Capital,Ecosystem services (land use),"NatCap | VI — LANCA v2.0, Valuing Impact (2023 USD)"
Nicaragua,NIC,Latin America & Caribbean,Lower middle income,LANCA v2.0,2016,Land use,Arable land,2304.832642148838,USD/ha,Natural Capital,Ecosystem services (land use),"NatCap | VI — LANCA v2.0, Valuing Impact (2023 USD)"
Netherlands,NLD,Europe & Central Asia,High income,LANCA v2.0,2016,Land use,Arable land,1297.6602713561156,USD/ha,Natural Capital,Ecosystem services (land use),"NatCap | VI — LANCA v2.0, Valuing Impact (2023 USD)"
Nepal,NPL,South Asia,Lower middle income,LANCA v2.0,2016,Land use,Arable land,5930.519092521918,USD/ha,Natural Capital,Ecosystem services (land use),"NatCap | VI — LANCA v2.0, Valuing Impact (2023 USD)"
New Zealand,NZL,East Asia & Pacific,High income,LANCA v2.0,2016,Land use,Arable land,7747.900398747043,USD/ha,Natural Capital,Ecosystem services (land use),"NatCap | VI — LANCA v2.0, Valuing Impact (2023 USD)"
Oman,OMN,Middle East & North Africa,High income,LANCA v2.0,2016,Land use,Arable land,166.3164615617576,USD/ha,Natural Capital,Ecosystem services (land use),"NatCap | VI — LANCA v2.0, Valuing Impact (2023 USD)"
Pakistan,PAK,South Asia,Lower middle income,LANCA v2.0,2016,Land use,Arable land,500.46773584472044,USD/ha,Natural Capital,Ecosystem services (land use),"NatCap | VI — LANCA v2.0, Valuing Impact (2023 USD)"
Panama,PAN,Latin America & Caribbean,High income,LANCA v2.0,2016,Land use,Arable land,4182.539102784581,USD/ha,Natural Capital,Ecosystem services (land use),"NatCap | VI — LANCA v2.0, Valuing Impact (2023 USD)"
Peru,PER,Latin America & Caribbean,Upper middle income,LANCA v2.0,2016,Land use,Arable land,4039.2652669454264,USD/ha,Natural Capital,Ecosystem services (land use),"NatCap | VI — LANCA v2.0, Valuing Impact (2023 USD)"
Philippines,PHL,East Asia & Pacific,Lower middle income,LANCA v2.0,2016,Land use,Arable land,4977.126861683874,USD/ha,Natural Capital,Ecosystem services (land use),"NatCap | VI — LANCA v2.0, Valuing Impact (2023 USD)"
Poland,POL,Europe & Central Asia,High income,LANCA v2.0,2016,Land use,Arable land,1587.622344358969,USD/ha,Natural Capital,Ecosystem services (land use),"NatCap | VI — LANCA v2.0, Valuing Impact (2023 USD)"
Portugal,PRT,Europe & Central Asia,High income,LANCA v2.0,2016,Land use,Arable land,2204.640569153122,USD/ha,Natural Capital,Ecosystem services (land use),"NatCap | VI — LANCA v2.0, Valuing Impact (2023 USD)"
Paraguay,PRY,Latin America & Caribbean,Upper middle income,LANCA v2.0,2016,Land use,Arable land,1084.2260527859894,USD/ha,Natural Capital,Ecosystem services (land use),"NatCap | VI — LANCA v2.0, Valuing Impact (2023 USD)"
Qatar,QAT,Middle East & North Africa,High income,LANCA v2.0,2016,Land use,Arable land,142.87073172530637,USD/ha,Natural Capital,Ecosystem services (land use),"NatCap | VI — LANCA v2.0, Valuing Impact (2023 USD)"
Romania,ROU,Europe & Central Asia,High income,LANCA v2.0,2016,Land use,Arable land,991.8978988309998,USD/ha,Natural Capital,Ecosystem services (land use),"NatCap | VI — LANCA v2.0, Valuing Impact (2023 USD)"
Rwanda,RWA,Sub-Saharan Africa,Low income,LANCA v2.0,2016,Land use,Arable land,1939.7274652531355,USD/ha,Natural Capital,Ecosystem services (land use),"NatCap | VI — LANCA v2.0, Valuing Impact (2023 USD)"
Saudi Arabia,SAU,Middle East & North Africa,High income,LANCA v2.0,2016,Land use,Arable land,519.8933513834214,USD/ha,Natural Capital,Ecosystem services (land use),"NatCap | VI — LANCA v2.0, Valuing Impact (2023 USD)"
Sudan,SDN,Sub-Saharan Africa,Low income,LANCA v2.0,2016,Land use,Arable land,1257.272533079001,USD/ha,Natural Capital,Ecosystem services (land use),"NatCap | VI — LANCA v2.0, Valuing Impact (2023 USD)"
Senegal,SEN,Sub-Saharan Africa,Lower middle income,LANCA v2.0,2016,Land use,Arable land,589.0742519948996,USD/ha,Natural Capital,Ecosystem services (land use),"NatCap | VI — LANCA v2.0, Valuing Impact (2023 USD)"
Sierra Leone,SLE,Sub-Saharan Africa,Low income,LANCA v2.0,2016,Land use,Arable land,3074.372197795136,USD/ha,Natural Capital,Ecosystem services (land use),"NatCap | VI — LANCA v2.0, Valuing Impact (2023 USD)"
El Salvador,SLV,Latin America & Caribbean,Upper middle income,LANCA v2.0,2016,Land use,Arable land,3820.6368519221887,USD/ha,Natural Capital,Ecosystem services (land use),"NatCap | VI — LANCA v2.0, Valuing Impact (2023 USD)"
San Marino,SMR,Europe & Central Asia,High income,LANCA v2.0,2016,Land use,Arable land,1613.582224064727,USD/ha,Natural Capital,Ecosystem services (land use),"NatCap | VI — LANCA v2.0, Valuing Impact (2023 USD)"
Serbia,SRB,Europe & Central Asia,Upper middle income,LANCA v2.0,2016,Land use,Arable land,2118.6489949723964,USD/ha,Natural Capital,Ecosystem services (land use),"NatCap | VI — LANCA v2.0, Valuing Impact (2023 USD)"
Suriname,SUR,Latin America & Caribbean,Upper middle income,LANCA v2.0,2016,Land use,Arable land,2158.07950407976,USD/ha,Natural Capital,Ecosystem services (land use),"NatCap | VI — LANCA v2.0, Valuing Impact (2023 USD)"
Eswatini,SWZ,Sub-Saharan Africa,Lower middle income,LANCA v2.0,2016,Land use,Arable land,1484.6741626063858,USD/ha,Natural Capital,Ecosystem services (land use),"NatCap | VI — LANCA v2.0, Valuing Impact (2023 USD)"
Chad,TCD,Sub-Saharan Africa,Low income,LANCA v2.0,2016,Land use,Arable land,1375.2174825625284,USD/ha,Natural Capital,Ecosystem services (land use),"NatCap | VI — LANCA v2.0, Valuing Impact (2023 USD)"
Togo,TGO,Sub-Saharan Africa,Low income,LANCA v2.0,2016,Land use,Arable land,1547.058723640351,USD/ha,Natural Capital,Ecosystem services (land use),"NatCap | VI — LANCA v2.0, Valuing Impact (2023 USD)"
Thailand,THA,East Asia & Pacific,Upper middle income,LANCA v2.0,2016,Land use,Arable land,2043.4066730858797,USD/ha,Natural Capital,Ecosystem services (land use),"NatCap | VI — LANCA v2.0, Valuing Impact (2023 USD)"
Tajikistan,TJK,Europe & Central Asia,Lower middle income,LANCA v2.0,2016,Land use,Arable land,862.868789525919,USD/ha,Natural Capital,Ecosystem services (land use),"NatCap | VI — LANCA v2.0, Valuing Impact (2023 USD)"
Turkmenistan,TKM,Europe & Central Asia,Upper middle income,LANCA v2.0,2016,Land use,Arable land,123.38126869090523,USD/ha,Natural Capital,Ecosystem services (land use),"NatCap | VI — LANCA v2.0, Valuing Impact (2023 USD)"
Timor-Leste,TLS,East Asia & Pacific,Lower middle income,LANCA v2.0,2016,Land use,Arable land,3426.9815353675217,USD/ha,Natural Capital,Ecosystem services (land use),"NatCap | VI — LANCA v2.0, Valuing Impact (2023 USD)"
Trinidad and Tobago,TTO,Latin America & Caribbean,High income,LANCA v2.0,2016,Land use,Arable land,1933.7779630654234,USD/ha,Natural Capital,Ecosystem services (land use),"NatCap | VI — LANCA v2.0, Valuing Impact (2023 USD)"
Tunisia,TUN,Middle East & North Africa,Lower middle income,LANCA v2.0,2016,Land use,Arable land,990.282744648814,USD/ha,Natural Capital,Ecosystem services (land use),"NatCap | VI — LANCA v2.0, Valuing Impact (2023 USD)"
Türkiye,TUR,Europe & Central Asia,Upper middle income,LANCA v2.0,2016,Land use,Arable land,387.43204778456163,USD/ha,Natural Capital,Ecosystem services (land use),"NatCap | VI — LANCA v2.0, Valuing Impact (2023 USD)"
Tanzania,TZA,Sub-Saharan Africa,Lower middle income,LANCA v2.0,2016,Land use,Arable land,900.2706518777395,USD/ha,Natural Capital,Ecosystem services (land use),"NatCap | VI — LANCA v2.0, Valuing Impact (2023 USD)"
Uganda,UGA,Sub-Saharan Africa,Low income,LANCA v2.0,2016,Land use,Arable land,1941.6089515555911,USD/ha,Natural Capital,Ecosystem services (land use),"NatCap | VI — LANCA v2.0, Valuing Impact (2023 USD)"
Ukraine,UKR,Europe & Central Asia,Lower middle income,LANCA v2.0,2016,Land use,Arable land,538.5520848084316,USD/ha,Natural Capital,Ecosystem services (land use),"NatCap | VI — LANCA v2.0, Valuing Impact (2023 USD)"
Uruguay,URY,Latin America & Caribbean,High income,LANCA v2.0,2016,Land use,Arable land,1179.4714386115388,USD/ha,Natural Capital,Ecosystem services (land use),"NatCap | VI — LANCA v2.0, Valuing Impact (2023 USD)"
United States,USA,North America,High income,LANCA v2.0,2016,Land use,Arable land,2275.5209897291315,USD/ha,Natural Capital,Ecosystem services (land use),"NatCap | VI — LANCA v2.0, Valuing Impact (2023 USD)"
Uzbekistan,UZB,Europe & Central Asia,Lower middle income,LANCA v2.0,2016,Land use,Arable land,711.5140130641571,USD/ha,Natural Capital,Ecosystem services (land use),"NatCap | VI — LANCA v2.0, Valuing Impact (2023 USD)"
Vietnam,VNM,East Asia & Pacific,Lower middle income,LANCA v2.0,2016,Land use,Arable land,3384.9829018957435,USD/ha,Natural Capital,Ecosystem services (land use),"NatCap | VI — LANCA v2.0, Valuing Impact (2023 USD)"
South Africa,ZAF,Sub-Saharan Africa,Upper middle income,LANCA v2.0,2016,Land use,Arable land,1209.6183907278019,USD/ha,Natural Capital,Ecosystem services (land use),"NatCap | VI — LANCA v2.0, Valuing Impact (2023 USD)"
Zambia,ZMB,Sub-Saharan Africa,Lower middle income,LANCA v2.0,2016,Land use,Arable land,1143.3916114050899,USD/ha,Natural Capital,Ecosystem services (land use),"NatCap | VI — LANCA v2.0, Valuing Impact (2023 USD)"
Zimbabwe,ZWE,Sub-Saharan Africa,Lower middle income,LANCA v2.0,2016,Land use,Arable land,2066.9216394875766,USD/ha,Natural Capital,Ecosystem services (land use),"NatCap | VI — LANCA v2.0, Valuing Impact (2023 USD)"
Afghanistan,AFG,South Asia,Low income,Valuing Impact,2015,Water,Avoided costs,0.0457633126713008,USD/m3,Natural Capital,Ecosystem services (land use),"NatCap | VI — LANCA v2.0, Valuing Impact (2023 USD)"
Angola,AGO,Sub-Saharan Africa,Lower middle income,Valuing Impact,2015,Water,Avoided costs,0.07385806254797468,USD/m3,Natural Capital,Ecosystem services (land use),"NatCap | VI — LANCA v2.0, Valuing Impact (2023 USD)"
Albania,ALB,Europe & Central Asia,Upper middle income,Valuing Impact,2015,Water,Avoided costs,0.10280312784209425,USD/m3,Natural Capital,Ecosystem services (land use),"NatCap | VI — LANCA v2.0, Valuing Impact (2023 USD)"
Andorra,AND,Europe & Central Asia,High income,Valuing Impact,2015,Water,Avoided costs,0.23090643207153702,USD/m3,Natural Capital,Ecosystem services (land use),"NatCap | VI — LANCA v2.0, Valuing Impact (2023 USD)"
United Arab Emirates,ARE,Middle East & North Africa,High income,Valuing Impact,2015,Water,Avoided costs,0.09966275852734476,USD/m3,Natural Capital,Ecosystem services (land use),"NatCap | VI — LANCA v2.0, Valuing Impact (2023 USD)"
Argentina,ARG,Latin America & Caribbean,Upper middle income,Valuing Impact,2015,Water,Avoided costs,0.10385632119686367,USD/m3,Natural Capital,Ecosystem services (land use),"NatCap | VI — LANCA v2.0, Valuing Impact (2023 USD)"
Armenia,ARM,Europe & Central Asia,Upper middle income,Valuing Impact,2015,Water,Avoided costs,0.06815864381496195,USD/m3,Natural Capital,Ecosystem services (land use),"NatCap | VI — LANCA v2.0, Valuing Impact (2023 USD)"
Australia,AUS,East Asia & Pacific,High income,Valuing Impact,2015,Water,Avoided costs,0.1479150618375363,USD/m3,Natural Capital,Ecosystem services (land use),"NatCap | VI — LANCA v2.0, Valuing Impact (2023 USD)"
Austria,AUT,Europe & Central Asia,High income,Valuing Impact,2015,Water,Avoided costs,0.0019699311230018876,USD/m3,Natural Capital,Ecosystem services (land use),"NatCap | VI — LANCA v2.0, Valuing Impact (2023 USD)"
Azerbaijan,AZE,Europe & Central Asia,Upper middle income,Valuing Impact,2015,Water,Avoided costs,0.08695613738656269,USD/m3,Natural Capital,Ecosystem services (land use),"NatCap | VI — LANCA v2.0, Valuing Impact (2023 USD)"
Burundi,BDI,Sub-Saharan Africa,Low income,Valuing Impact,2015,Water,Avoided costs,0.013355918533626034,USD/m3,Natural Capital,Ecosystem services (land use),"NatCap | VI — LANCA v2.0, Valuing Impact (2023 USD)"
Belgium,BEL,Europe & Central Asia,High income,Valuing Impact,2015,Water,Avoided costs,0.41805180979575746,USD/m3,Natural Capital,Ecosystem services (land use),"NatCap | VI — LANCA v2.0, Valuing Impact (2023 USD)"
Benin,BEN,Sub-Saharan Africa,Lower middle income,Valuing Impact,2015,Water,Avoided costs,7.439468629352543e-05,USD/m3,Natural Capital,Ecosystem services (land use),"NatCap | VI — LANCA v2.0, Valuing Impact (2023 USD)"
Burkina Faso,BFA,Sub-Saharan Africa,Low income,Valuing Impact,2015,Water,Avoided costs,0.019242312855739224,USD/m3,Natural Capital,Ecosystem services (land use),"NatCap | VI — LANCA v2.0, Valuing Impact (2023 USD)"
Bangladesh,BGD,South Asia,Lower middle income,Valuing Impact,2015,Water,Avoided costs,0.046565105878601375,USD/m3,Natural Capital,Ecosystem services (land use),"NatCap | VI — LANCA v2.0, Valuing Impact (2023 USD)"
Bulgaria,BGR,Europe & Central Asia,Upper middle income,Valuing Impact,2015,Water,Avoided costs,0.08378950047855968,USD/m3,Natural Capital,Ecosystem services (land use),"NatCap | VI — LANCA v2.0, Valuing Impact (2023 USD)"
Bahrain,BHR,Middle East & North Africa,High income,Valuing Impact,2015,Water,Avoided costs,0.10049755469729767,USD/m3,Natural Capital,Ecosystem services (land use),"NatCap | VI — LANCA v2.0, Valuing Impact (2023 USD)"
Belarus,BLR,Europe & Central Asia,Upper middle income,Valuing Impact,2015,Water,Avoided costs,4.454906240964337e-06,USD/m3,Natural Capital,Ecosystem services (land use),"NatCap | VI — LANCA v2.0, Valuing Impact (2023 USD)"
Belize,BLZ,Latin America & Caribbean,Upper middle income,Valuing Impact,2015,Water,Avoided costs,0.021415937874307407,USD/m3,Natural Capital,Ecosystem services (land use),"NatCap | VI — LANCA v2.0, Valuing Impact (2023 USD)"
Bolivia,BOL,Latin America & Caribbean,Lower middle income,Valuing Impact,2015,Water,Avoided costs,0.0747754712523402,USD/m3,Natural Capital,Ecosystem services (land use),"NatCap | VI — LANCA v2.0, Valuing Impact (2023 USD)"
Brazil,BRA,Latin America & Caribbean,Upper middle income,Valuing Impact,2015,Water,Avoided costs,0.0688838369214722,USD/m3,Natural Capital,Ecosystem services (land use),"NatCap | VI — LANCA v2.0, Valuing Impact (2023 USD)"
Bhutan,BTN,South Asia,Lower middle income,Valuing Impact,2015,Water,Avoided costs,0.042836245477921406,USD/m3,Natural Capital,Ecosystem services (land use),"NatCap | VI — LANCA v2.0, Valuing Impact (2023 USD)"
Botswana,BWA,Sub-Saharan Africa,Upper middle income,Valuing Impact,2015,Water,Avoided costs,0.07275024396759577,USD/m3,Natural Capital,Ecosystem services (land use),"NatCap | VI — LANCA v2.0, Valuing Impact (2023 USD)"
Central African Republic,CAF,Sub-Saharan Africa,Low income,Valuing Impact,2015,Water,Avoided costs,0.005070623243596095,USD/m3,Natural Capital,Ecosystem services (land use),"NatCap | VI — LANCA v2.0, Valuing Impact (2023 USD)"
Canada,CAN,North America,High income,Valuing Impact,2015,Water,Avoided costs,0.1171305897135712,USD/m3,Natural Capital,Ecosystem services (land use),"NatCap | VI — LANCA v2.0, Valuing Impact (2023 USD)"
Switzerland,CHE,Europe & Central Asia,High income,Valuing Impact,2015,Water,Avoided costs,0.017444159254376722,USD/m3,Natural Capital,Ecosystem services (land use),"NatCap | VI — LANCA v2.0, Valuing Impact (2023 USD)"
Chile,CHL,Latin America & Caribbean,High income,Valuing Impact,2015,Water,Avoided costs,0.11696342255965013,USD/m3,Natural Capital,Ecosystem services (land use),"NatCap | VI — LANCA v2.0, Valuing Impact (2023 USD)"
China,CHN,East Asia & Pacific,Upper middle income,Valuing Impact,2015,Water,Avoided costs,0.1138309236568672,USD/m3,Natural Capital,Ecosystem services (land use),"NatCap | VI — LANCA v2.0, Valuing Impact (2023 USD)"
Cameroon,CMR,Sub-Saharan Africa,Lower middle income,Valuing Impact,2015,Water,Avoided costs,0.013899571940254388,USD/m3,Natural Capital,Ecosystem services (land use),"NatCap | VI — LANCA v2.0, Valuing Impact (2023 USD)"
Colombia,COL,Latin America & Caribbean,Upper middle income,Valuing Impact,2015,Water,Avoided costs,0.0095910485858268,USD/m3,Natural Capital,Ecosystem services (land use),"NatCap | VI — LANCA v2.0, Valuing Impact (2023 USD)"
Costa Rica,CRI,Latin America & Caribbean,Upper middle income,Valuing Impact,2015,Water,Avoided costs,0.05562593342948454,USD/m3,Natural Capital,Ecosystem services (land use),"NatCap | VI — LANCA v2.0, Valuing Impact (2023 USD)"
Cuba,CUB,Latin America & Caribbean,Upper middle income,Valuing Impact,2015,Water,Avoided costs,0.19218535444472107,USD/m3,Natural Capital,Ecosystem services (land use),"NatCap | VI — LANCA v2.0, Valuing Impact (2023 USD)"
Cyprus,CYP,Europe & Central Asia,High income,Valuing Impact,2015,Water,Avoided costs,0.11610699948521505,USD/m3,Natural Capital,Ecosystem services (land use),"NatCap | VI — LANCA v2.0, Valuing Impact (2023 USD)"
Germany,DEU,Europe & Central Asia,High income,Valuing Impact,2015,Water,Avoided costs,0.09678524947362438,USD/m3,Natural Capital,Ecosystem services (land use),"NatCap | VI — LANCA v2.0, Valuing Impact (2023 USD)"
Djibouti,DJI,Middle East & North Africa,Lower middle income,Valuing Impact,2015,Water,Avoided costs,0.0013842174483936311,USD/m3,Natural Capital,Ecosystem services (land use),"NatCap | VI — LANCA v2.0, Valuing Impact (2023 USD)"
Denmark,DNK,Europe & Central Asia,High income,Valuing Impact,2015,Water,Avoided costs,0.07792587125208539,USD/m3,Natural Capital,Ecosystem services (land use),"NatCap | VI — LANCA v2.0, Valuing Impact (2023 USD)"
Dominican Republic,DOM,Latin America & Caribbean,Upper middle income,Valuing Impact,2015,Water,Avoided costs,0.05230090292554909,USD/m3,Natural Capital,Ecosystem services (land use),"NatCap | VI — LANCA v2.0, Valuing Impact (2023 USD)"
Algeria,DZA,Middle East & North Africa,Lower middle income,Valuing Impact,2015,Water,Avoided costs,0.07383699376411938,USD/m3,Natural Capital,Ecosystem services (land use),"NatCap | VI — LANCA v2.0, Valuing Impact (2023 USD)"
Ecuador,ECU,Latin America & Caribbean,Upper middle income,Valuing Impact,2015,Water,Avoided costs,0.06229642226334751,USD/m3,Natural Capital,Ecosystem services (land use),"NatCap | VI — LANCA v2.0, Valuing Impact (2023 USD)"
Eritrea,ERI,Sub-Saharan Africa,Low income,Valuing Impact,2015,Water,Avoided costs,0.04567132236175736,USD/m3,Natural Capital,Ecosystem services (land use),"NatCap | VI — LANCA v2.0, Valuing Impact (2023 USD)"
Spain,ESP,Europe & Central Asia,High income,Valuing Impact,2015,Water,Avoided costs,0.14393747544138352,USD/m3,Natural Capital,Ecosystem services (land use),"NatCap | VI — LANCA v2.0, Valuing Impact (2023 USD)"
Estonia,EST,Europe & Central Asia,High income,Valuing Impact,2015,Water,Avoided costs,0.2179090964498926,USD/m3,Natural Capital,Ecosystem services (land use),"NatCap | VI — LANCA v2.0, Valuing Impact (2023 USD)"
Ethiopia,ETH,Sub-Saharan Africa,Low income,Valuing Impact,2015,Water,Avoided costs,0.022161073761200255,USD/m3,Natural Capital,Ecosystem services (land use),"NatCap | VI — LANCA v2.0, Valuing Impact (2023 USD)"
Finland,FIN,Europe & Central Asia,High income,Valuing Impact,2015,Water,Avoided costs,0.24115636863283105,USD/m3,Natural Capital,Ecosystem services (land use),"NatCap | VI — LANCA v2.0, Valuing Impact (2023 USD)"
France,FRA,Europe & Central Asia,High income,Valuing Impact,2015,Water,Avoided costs,0.282382283468392,USD/m3,Natural Capital,Ecosystem services (land use),"NatCap | VI — LANCA v2.0, Valuing Impact (2023 USD)"
United Kingdom,GBR,Europe & Central Asia,High income,Valuing Impact,2015,Water,Avoided costs,0.10674679401012571,USD/m3,Natural Capital,Ecosystem services (land use),"NatCap | VI — LANCA v2.0, Valuing Impact (2023 USD)"
Georgia,GEO,Europe & Central Asia,Upper middle income,Valuing Impact,2015,Water,Avoided costs,0.06307314532245997,USD/m3,Natural Capital,Ecosystem services (land use),"NatCap | VI — LANCA v2.0, Valuing Impact (2023 USD)"
Ghana,GHA,Sub-Saharan Africa,Lower middle income,Valuing Impact,2015,Water,Avoided costs,0.024994952586506348,USD/m3,Natural Capital,Ecosystem services (land use),"NatCap | VI — LANCA v2.0, Valuing Impact (2023 USD)"
Guinea,GIN,Sub-Saharan Africa,Lower middle income,Valuing Impact,2015,Water,Avoided costs,0.04302575885259432,USD/m3,Natural Capital,Ecosystem services (land use),"NatCap | VI — LANCA v2.0, Valuing Impact (2023 USD)"
Greece,GRC,Europe & Central Asia,High income,Valuing Impact,2015,Water,Avoided costs,0.10036167029806528,USD/m3,Natural Capital,Ecosystem services (land use),"NatCap | VI — LANCA v2.0, Valuing Impact (2023 USD)"
Guatemala,GTM,Latin America & Caribbean,Upper middle income,Valuing Impact,2015,Water,Avoided costs,0.15364750881286446,USD/m3,Natural Capital,Ecosystem services (land use),"NatCap | VI — LANCA v2.0, Valuing Impact (2023 USD)"
Guyana,GUY,Latin America & Caribbean,High income,Valuing Impact,2015,Water,Avoided costs,0.005924820553350674,USD/m3,Natural Capital,Ecosystem services (land use),"NatCap | VI — LANCA v2.0, Valuing Impact (2023 USD)"
Honduras,HND,Latin America & Caribbean,Lower middle income,Valuing Impact,2015,Water,Avoided costs,0.14174769828372286,USD/m3,Natural Capital,Ecosystem services (land use),"NatCap | VI — LANCA v2.0, Valuing Impact (2023 USD)"
Haiti,HTI,Latin America & Caribbean,Lower middle income,Valuing Impact,2015,Water,Avoided costs,0.07622527479292457,USD/m3,Natural Capital,Ecosystem services (land use),"NatCap | VI — LANCA v2.0, Valuing Impact (2023 USD)"
Indonesia,IDN,East Asia & Pacific,Upper middle income,Valuing Impact,2015,Water,Avoided costs,0.061350959807846606,USD/m3,Natural Capital,Ecosystem services (land use),"NatCap | VI — LANCA v2.0, Valuing Impact (2023 USD)"
India,IND,South Asia,Lower middle income,Valuing Impact,2015,Water,Avoided costs,0.0486157382957584,USD/m3,Natural Capital,Ecosystem services (land use),"NatCap | VI — LANCA v2.0, Valuing Impact (2023 USD)"
Ireland,IRL,Europe & Central Asia,High income,Valuing Impact,2015,Water,Avoided costs,0.030458825561646172,USD/m3,Natural Capital,Ecosystem services (land use),"NatCap | VI — LANCA v2.0, Valuing Impact (2023 USD)"
Iraq,IRQ,Middle East & North Africa,Upper middle income,Valuing Impact,2015,Water,Avoided costs,0.09194100854620889,USD/m3,Natural Capital,Ecosystem services (land use),"NatCap | VI — LANCA v2.0, Valuing Impact (2023 USD)"
Israel,ISR,Middle East & North Africa,High income,Valuing Impact,2015,Water,Avoided costs,0.1539553353694994,USD/m3,Natural Capital,Ecosystem services (land use),"NatCap | VI — LANCA v2.0, Valuing Impact (2023 USD)"
Italy,ITA,Europe & Central Asia,High income,Valuing Impact,2015,Water,Avoided costs,0.17294541949611753,USD/m3,Natural Capital,Ecosystem services (land use),"NatCap | VI — LANCA v2.0, Valuing Impact (2023 USD)"
Jamaica,JAM,Latin America & Caribbean,Upper middle income,Valuing Impact,2015,Water,Avoided costs,0.22066557024129602,USD/m3,Natural Capital,Ecosystem services (land use),"NatCap | VI — LANCA v2.0, Valuing Impact (2023 USD)"
Jordan,JOR,Middle East & North Africa,Lower middle income,Valuing Impact,2015,Water,Avoided costs,0.0979924458880536,USD/m3,Natural Capital,Ecosystem services (land use),"NatCap | VI — LANCA v2.0, Valuing Impact (2023 USD)"
Japan,JPN,East Asia & Pacific,High income,Valuing Impact,2015,Water,Avoided costs,0.04286002871937635,USD/m3,Natural Capital,Ecosystem services (land use),"NatCap | VI — LANCA v2.0, Valuing Impact (2023 USD)"
Kazakhstan,KAZ,Europe & Central Asia,Upper middle income,Valuing Impact,2015,Water,Avoided costs,0.1422238952426238,USD/m3,Natural Capital,Ecosystem services (land use),"NatCap | VI — LANCA v2.0, Valuing Impact (2023 USD)"
Kenya,KEN,Sub-Saharan Africa,Lower middle income,Valuing Impact,2015,Water,Avoided costs,0.010116727062670118,USD/m3,Natural Capital,Ecosystem services (land use),"NatCap | VI — LANCA v2.0, Valuing Impact (2023 USD)"
Cambodia,KHM,East Asia & Pacific,Lower middle income,Valuing Impact,2015,Water,Avoided costs,0.057605231761098524,USD/m3,Natural Capital,Ecosystem services (land use),"NatCap | VI — LANCA v2.0, Valuing Impact (2023 USD)"
Kuwait,KWT,Middle East & North Africa,High income,Valuing Impact,2015,Water,Avoided costs,0.08662590918580237,USD/m3,Natural Capital,Ecosystem services (land use),"NatCap | VI — LANCA v2.0, Valuing Impact (2023 USD)"
Lebanon,LBN,Middle East & North Africa,Lower middle income,Valuing Impact,2015,Water,Avoided costs,0.14381463377831138,USD/m3,Natural Capital,Ecosystem services (land use),"NatCap | VI — LANCA v2.0, Valuing Impact (2023 USD)"
Liberia,LBR,Sub-Saharan Africa,Low income,Valuing Impact,2015,Water,Avoided costs,0.04948335214820448,USD/m3,Natural Capital,Ecosystem services (land use),"NatCap | VI — LANCA v2.0, Valuing Impact (2023 USD)"
Libya,LBY,Middle East & North Africa,Upper middle income,Valuing Impact,2015,Water,Avoided costs,0.04553020595099357,USD/m3,Natural Capital,Ecosystem services (land use),"NatCap | VI — LANCA v2.0, Valuing Impact (2023 USD)"
Sri Lanka,LKA,South Asia,Lower middle income,Valuing Impact,2015,Water,Avoided costs,0.09154512977575396,USD/m3,Natural Capital,Ecosystem services (land use),"NatCap | VI — LANCA v2.0, Valuing Impact (2023 USD)"
Lesotho,LSO,Sub-Saharan Africa,Lower middle income,Valuing Impact,2015,Water,Avoided costs,0.054160425218131546,USD/m3,Natural Capital,Ecosystem services (land use),"NatCap | VI — LANCA v2.0, Valuing Impact (2023 USD)"
Lithuania,LTU,Europe & Central Asia,High income,Valuing Impact,2015,Water,Avoided costs,0.011022932314140397,USD/m3,Natural Capital,Ecosystem services (land use),"NatCap | VI — LANCA v2.0, Valuing Impact (2023 USD)"
Luxembourg,LUX,Europe & Central Asia,High income,Valuing Impact,2015,Water,Avoided costs,0.2626443980041085,USD/m3,Natural Capital,Ecosystem services (land use),"NatCap | VI — LANCA v2.0, Valuing Impact (2023 USD)"
Latvia,LVA,Europe & Central Asia,High income,Valuing Impact,2015,Water,Avoided costs,0.006773977767251183,USD/m3,Natural Capital,Ecosystem services (land use),"NatCap | VI — LANCA v2.0, Valuing Impact (2023 USD)"
Morocco,MAR,Middle East & North Africa,Lower middle income,Valuing Impact,2015,Water,Avoided costs,0.06369606590264178,USD/m3,Natural Capital,Ecosystem services (land use),"NatCap | VI — LANCA v2.0, Valuing Impact (2023 USD)"
Moldova,MDA,Europe & Central Asia,Upper middle income,Valuing Impact,2015,Water,Avoided costs,0.07270401460658821,USD/m3,Natural Capital,Ecosystem services (land use),"NatCap | VI — LANCA v2.0, Valuing Impact (2023 USD)"
Madagascar,MDG,Sub-Saharan Africa,Low income,Valuing Impact,2015,Water,Avoided costs,0.03299128529313909,USD/m3,Natural Capital,Ecosystem services (land use),"NatCap | VI — LANCA v2.0, Valuing Impact (2023 USD)"
Mexico,MEX,Latin America & Caribbean,Upper middle income,Valuing Impact,2015,Water,Avoided costs,0.1022698576169918,USD/m3,Natural Capital,Ecosystem services (land use),"NatCap | VI — LANCA v2.0, Valuing Impact (2023 USD)"
Mali,MLI,Sub-Saharan Africa,Low income,Valuing Impact,2015,Water,Avoided costs,0.02830878850701715,USD/m3,Natural Capital,Ecosystem services (land use),"NatCap | VI — LANCA v2.0, Valuing Impact (2023 USD)"
Myanmar,MMR,East Asia & Pacific,Lower middle income,Valuing Impact,2015,Water,Avoided costs,0.04059495291986857,USD/m3,Natural Capital,Ecosystem services (land use),"NatCap | VI — LANCA v2.0, Valuing Impact (2023 USD)"
Mongolia,MNG,East Asia & Pacific,Lower middle income,Valuing Impact,2015,Water,Avoided costs,0.1068480979248838,USD/m3,Natural Capital,Ecosystem services (land use),"NatCap | VI — LANCA v2.0, Valuing Impact (2023 USD)"
Mozambique,MOZ,Sub-Saharan Africa,Low income,Valuing Impact,2015,Water,Avoided costs,0.05550638598169026,USD/m3,Natural Capital,Ecosystem services (land use),"NatCap | VI — LANCA v2.0, Valuing Impact (2023 USD)"
Mauritania,MRT,Sub-Saharan Africa,Lower middle income,Valuing Impact,2015,Water,Avoided costs,0.002372631519589261,USD/m3,Natural Capital,Ecosystem services (land use),"NatCap | VI — LANCA v2.0, Valuing Impact (2023 USD)"
Malawi,MWI,Sub-Saharan Africa,Low income,Valuing Impact,2015,Water,Avoided costs,0.030896766564534654,USD/m3,Natural Capital,Ecosystem services (land use),"NatCap | VI — LANCA v2.0, Valuing Impact (2023 USD)"
Malaysia,MYS,East Asia & Pacific,Upper middle income,Valuing Impact,2015,Water,Avoided costs,0.01771851527478475,USD/m3,Natural Capital,Ecosystem services (land use),"NatCap | VI — LANCA v2.0, Valuing Impact (2023 USD)"
Namibia,NAM,Sub-Saharan Africa,Upper middle income,Valuing Impact,2015,Water,Avoided costs,0.01960181766954499,USD/m3,Natural Capital,Ecosystem services (land use),"NatCap | VI — LANCA v2.0, Valuing Impact (2023 USD)"
Niger,NER,Sub-Saharan Africa,Low income,Valuing Impact,2015,Water,Avoided costs,0.014832111990366206,USD/m3,Natural Capital,Ecosystem services (land use),"NatCap | VI — LANCA v2.0, Valuing Impact (2023 USD)"
Nigeria,NGA,Sub-Saharan Africa,Lower middle income,Valuing Impact,2015,Water,Avoided costs,0.07894373696537742,USD/m3,Natural Capital,Ecosystem services (land use),"NatCap | VI — LANCA v2.0, Valuing Impact (2023 USD)"
Nicaragua,NIC,Latin America & Caribbean,Lower middle income,Valuing Impact,2015,Water,Avoided costs,0.025518139406709037,USD/m3,Natural Capital,Ecosystem services (land use),"NatCap | VI — LANCA v2.0, Valuing Impact (2023 USD)"
Netherlands,NLD,Europe & Central Asia,High income,Valuing Impact,2015,Water,Avoided costs,0.0555614568538178,USD/m3,Natural Capital,Ecosystem services (land use),"NatCap | VI — LANCA v2.0, Valuing Impact (2023 USD)"
Norway,NOR,Europe & Central Asia,High income,Valuing Impact,2015,Water,Avoided costs,0.014337022698325513,USD/m3,Natural Capital,Ecosystem services (land use),"NatCap | VI — LANCA v2.0, Valuing Impact (2023 USD)"
Nepal,NPL,South Asia,Lower middle income,Valuing Impact,2015,Water,Avoided costs,0.04593345183643595,USD/m3,Natural Capital,Ecosystem services (land use),"NatCap | VI — LANCA v2.0, Valuing Impact (2023 USD)"
New Zealand,NZL,East Asia & Pacific,High income,Valuing Impact,2015,Water,Avoided costs,0.022817136230885944,USD/m3,Natural Capital,Ecosystem services (land use),"NatCap | VI — LANCA v2.0, Valuing Impact (2023 USD)"
Oman,OMN,Middle East & North Africa,High income,Valuing Impact,2015,Water,Avoided costs,0.047225604421510525,USD/m3,Natural Capital,Ecosystem services (land use),"NatCap | VI — LANCA v2.0, Valuing Impact (2023 USD)"
Pakistan,PAK,South Asia,Lower middle income,Valuing Impact,2015,Water,Avoided costs,0.04836916947503127,USD/m3,Natural Capital,Ecosystem services (land use),"NatCap | VI — LANCA v2.0, Valuing Impact (2023 USD)"
Panama,PAN,Latin America & Caribbean,High income,Valuing Impact,2015,Water,Avoided costs,0.0029594872903628095,USD/m3,Natural Capital,Ecosystem services (land use),"NatCap | VI — LANCA v2.0, Valuing Impact (2023 USD)"
Peru,PER,Latin America & Caribbean,Upper middle income,Valuing Impact,2015,Water,Avoided costs,0.08728026527527312,USD/m3,Natural Capital,Ecosystem services (land use),"NatCap | VI — LANCA v2.0, Valuing Impact (2023 USD)"
Philippines,PHL,East Asia & Pacific,Lower middle income,Valuing Impact,2015,Water,Avoided costs,0.08267765787097668,USD/m3,Natural Capital,Ecosystem services (land use),"NatCap | VI — LANCA v2.0, Valuing Impact (2023 USD)"
Papua New Guinea,PNG,East Asia & Pacific,Lower middle income,Valuing Impact,2015,Water,Avoided costs,0.0032584246055129607,USD/m3,Natural Capital,Ecosystem services (land use),"NatCap | VI — LANCA v2.0, Valuing Impact (2023 USD)"
Poland,POL,Europe & Central Asia,High income,Valuing Impact,2015,Water,Avoided costs,0.03692504441140107,USD/m3,Natural Capital,Ecosystem services (land use),"NatCap | VI — LANCA v2.0, Valuing Impact (2023 USD)"
Portugal,PRT,Europe & Central Asia,High income,Valuing Impact,2015,Water,Avoided costs,0.16565657568173034,USD/m3,Natural Capital,Ecosystem services (land use),"NatCap | VI — LANCA v2.0, Valuing Impact (2023 USD)"
Paraguay,PRY,Latin America & Caribbean,Upper middle income,Valuing Impact,2015,Water,Avoided costs,2.030807817968117e-06,USD/m3,Natural Capital,Ecosystem services (land use),"NatCap | VI — LANCA v2.0, Valuing Impact (2023 USD)"
Qatar,QAT,Middle East & North Africa,High income,Valuing Impact,2015,Water,Avoided costs,0.10025485861130451,USD/m3,Natural Capital,Ecosystem services (land use),"NatCap | VI — LANCA v2.0, Valuing Impact (2023 USD)"
Romania,ROU,Europe & Central Asia,High income,Valuing Impact,2015,Water,Avoided costs,0.03944022672340703,USD/m3,Natural Capital,Ecosystem services (land use),"NatCap | VI — LANCA v2.0, Valuing Impact (2023 USD)"
Rwanda,RWA,Sub-Saharan Africa,Low income,Valuing Impact,2015,Water,Avoided costs,0.004868013278951604,USD/m3,Natural Capital,Ecosystem services (land use),"NatCap | VI — LANCA v2.0, Valuing Impact (2023 USD)"
Saudi Arabia,SAU,Middle East & North Africa,High income,Valuing Impact,2015,Water,Avoided costs,0.06986778730393822,USD/m3,Natural Capital,Ecosystem services (land use),"NatCap | VI — LANCA v2.0, Valuing Impact (2023 USD)"
Sudan,SDN,Sub-Saharan Africa,Low income,Valuing Impact,2015,Water,Avoided costs,0.0558125621435494,USD/m3,Natural Capital,Ecosystem services (land use),"NatCap | VI — LANCA v2.0, Valuing Impact (2023 USD)"
Senegal,SEN,Sub-Saharan Africa,Lower middle income,Valuing Impact,2015,Water,Avoided costs,0.028913399544563567,USD/m3,Natural Capital,Ecosystem services (land use),"NatCap | VI — LANCA v2.0, Valuing Impact (2023 USD)"
Sierra Leone,SLE,Sub-Saharan Africa,Low income,Valuing Impact,2015,Water,Avoided costs,0.07995702395335529,USD/m3,Natural Capital,Ecosystem services (land use),"NatCap | VI — LANCA v2.0, Valuing Impact (2023 USD)"
El Salvador,SLV,Latin America & Caribbean,Upper middle income,Valuing Impact,2015,Water,Avoided costs,0.11944082950589156,USD/m3,Natural Capital,Ecosystem services (land use),"NatCap | VI — LANCA v2.0, Valuing Impact (2023 USD)"
San Marino,SMR,Europe & Central Asia,High income,Valuing Impact,2015,Water,Avoided costs,0.21374367059588725,USD/m3,Natural Capital,Ecosystem services (land use),"NatCap | VI — LANCA v2.0, Valuing Impact (2023 USD)"
Somalia,SOM,Sub-Saharan Africa,Low income,Valuing Impact,2015,Water,Avoided costs,0.02293375005826025,USD/m3,Natural Capital,Ecosystem services (land use),"NatCap | VI — LANCA v2.0, Valuing Impact (2023 USD)"
Suriname,SUR,Latin America & Caribbean,Upper middle income,Valuing Impact,2015,Water,Avoided costs,0.005610056056059323,USD/m3,Natural Capital,Ecosystem services (land use),"NatCap | VI — LANCA v2.0, Valuing Impact (2023 USD)"
Sweden,SWE,Europe & Central Asia,High income,Valuing Impact,2015,Water,Avoided costs,0.17215915442982044,USD/m3,Natural Capital,Ecosystem services (land use),"NatCap | VI — LANCA v2.0, Valuing Impact (2023 USD)"
Chad,TCD,Sub-Saharan Africa,Low income,Valuing Impact,2015,Water,Avoided costs,0.04715675381958254,USD/m3,Natural Capital,Ecosystem services (land use),"NatCap | VI — LANCA v2.0, Valuing Impact (2023 USD)"
Togo,TGO,Sub-Saharan Africa,Low income,Valuing Impact,2015,Water,Avoided costs,0.008092650897207239,USD/m3,Natural Capital,Ecosystem services (land use),"NatCap | VI — LANCA v2.0, Valuing Impact (2023 USD)"
Thailand,THA,East Asia & Pacific,Upper middle income,Valuing Impact,2015,Water,Avoided costs,0.061474158507646245,USD/m3,Natural Capital,Ecosystem services (land use),"NatCap | VI — LANCA v2.0, Valuing Impact (2023 USD)"
Tajikistan,TJK,Europe & Central Asia,Lower middle income,Valuing Impact,2015,Water,Avoided costs,0.05868201090897835,USD/m3,Natural Capital,Ecosystem services (land use),"NatCap | VI — LANCA v2.0, Valuing Impact (2023 USD)"
Turkmenistan,TKM,Europe & Central Asia,Upper middle income,Valuing Impact,2015,Water,Avoided costs,0.07423174845609395,USD/m3,Natural Capital,Ecosystem services (land use),"NatCap | VI — LANCA v2.0, Valuing Impact (2023 USD)"
Trinidad and Tobago,TTO,Latin America & Caribbean,High income,Valuing Impact,2015,Water,Avoided costs,0.0997725741327585,USD/m3,Natural Capital,Ecosystem services (land use),"NatCap | VI — LANCA v2.0, Valuing Impact (2023 USD)"
Tunisia,TUN,Middle East & North Africa,Lower middle income,Valuing Impact,2015,Water,Avoided costs,0.0515129674214081,USD/m3,Natural Capital,Ecosystem services (land use),"NatCap | VI — LANCA v2.0, Valuing Impact (2023 USD)"
Uganda,UGA,Sub-Saharan Africa,Low income,Valuing Impact,2015,Water,Avoided costs,9.10408558681107e-06,USD/m3,Natural Capital,Ecosystem services (land use),"NatCap | VI — LANCA v2.0, Valuing Impact (2023 USD)"
Ukraine,UKR,Europe & Central Asia,Lower middle income,Valuing Impact,2015,Water,Avoided costs,0.06919891035255932,USD/m3,Natural Capital,Ecosystem services (land use),"NatCap | VI — LANCA v2.0, Valuing Impact (2023 USD)"
Uruguay,URY,Latin America & Caribbean,High income,Valuing Impact,2015,Water,Avoided costs,0.0006153174306091555,USD/m3,Natural Capital,Ecosystem services (land use),"NatCap | VI — LANCA v2.0, Valuing Impact (2023 USD)"
Uzbekistan,UZB,Europe & Central Asia,Lower middle income,Valuing Impact,2015,Water,Avoided costs,0.07426298290090934,USD/m3,Natural Capital,Ecosystem services (land use),"NatCap | VI — LANCA v2.0, Valuing Impact (2023 USD)"
Vietnam,VNM,East Asia & Pacific,Lower middle income,Valuing Impact,2015,Water,Avoided costs,0.05636134305601577,USD/m3,Natural Capital,Ecosystem services (land use),"NatCap | VI — LANCA v2.0, Valuing Impact (2023 USD)"
South Africa,ZAF,Sub-Saharan Africa,Upper middle income,Valuing Impact,2015,Water,Avoided costs,0.05962354771712655,USD/m3,Natural Capital,Ecosystem services (land use),"NatCap | VI — LANCA v2.0, Valuing Impact (2023 USD)"
Zambia,ZMB,Sub-Saharan Africa,Lower middle income,Valuing Impact,2015,Water,Avoided costs,0.041692128742835746,USD/m3,Natural Capital,Ecosystem services (land use),"NatCap | VI — LANCA v2.0, Valuing Impact (2023 USD)"
Zimbabwe,ZWE,Sub-Saharan Africa,Lower middle income,Valuing Impact,2015,Water,Avoided costs,0.0632601148722868,USD/m3,Natural Capital,Ecosystem services (land use),"NatCap | VI — LANCA v2.0, Valuing Impact (2023 USD)"
East Asia & Pacific,EAS,East Asia & Pacific,Average,Valuing Impact,2015,Water,Avoided costs,0.0627163455517923,USD/m3,Natural Capital,Ecosystem services (land use),"NatCap | VI — LANCA v2.0, Valuing Impact (2023 USD)"
Europe & Central Asia,ECS,Europe & Central Asia,Average,Valuing Impact,2015,Water,Avoided costs,0.11160652479763715,USD/m3,Natural Capital,Ecosystem services (land use),"NatCap | VI — LANCA v2.0, Valuing Impact (2023 USD)"
Latin America & Caribbean,LCN,Latin America & Caribbean,Average,Valuing Impact,2015,Water,Avoided costs,0.0749822534025081,USD/m3,Natural Capital,Ecosystem services (land use),"NatCap | VI — LANCA v2.0, Valuing Impact (2023 USD)"
Middle East & North Africa,MEA,Middle East & North Africa,Average,Valuing Impact,2015,Water,Avoided costs,0.08185322312112184,USD/m3,Natural Capital,Ecosystem services (land use),"NatCap | VI — LANCA v2.0, Valuing Impact (2023 USD)"
North America,NAC,North America,Average,Valuing Impact,2015,Water,Avoided costs,0.1171305897135712,USD/m3,Natural Capital,Ecosystem services (land use),"NatCap | VI — LANCA v2.0, Valuing Impact (2023 USD)"
South Asia,SAS,South Asia,Average,Valuing Impact,2015,Water,Avoided costs,0.05280402191582902,USD/m3,Natural Capital,Ecosystem services (land use),"NatCap | VI — LANCA v2.0, Valuing Impact (2023 USD)"
Sub-Saharan Africa,SSF,Sub-Saharan Africa,Average,Valuing Impact,2015,Water,Avoided costs,0.034049615556688145,USD/m3,Natural Capital,Ecosystem services (land use),"NatCap | VI — LANCA v2.0, Valuing Impact (2023 USD)"
East Asia & Pacific,EAS,East Asia & Pacific,Average,LANCA v2.0,2016,Land use,Arable land,2979.178953052497,USD/ha,Natural Capital,Ecosystem services (land use),"NatCap | VI — LANCA v2.0, Valuing Impact (2023 USD)"
Europe & Central Asia,ECS,Europe & Central Asia,Average,LANCA v2.0,2016,Land use,Arable land,1756.4838804173946,USD/ha,Natural Capital,Ecosystem services (land use),"NatCap | VI — LANCA v2.0, Valuing Impact (2023 USD)"
Latin America & Caribbean,LCN,Latin America & Caribbean,Average,LANCA v2.0,2016,Land use,Arable land,2675.1812246558006,USD/ha,Natural Capital,Ecosystem services (land use),"NatCap | VI — LANCA v2.0, Valuing Impact (2023 USD)"
Middle East & North Africa,MEA,Middle East & North Africa,Average,LANCA v2.0,2016,Land use,Arable land,430.6795250388721,USD/ha,Natural Capital,Ecosystem services (land use),"NatCap | VI — LANCA v2.0, Valuing Impact (2023 USD)"
North America,NAC,North America,Average,LANCA v2.0,2016,Land use,Arable land,1576.8546966950862,USD/ha,Natural Capital,Ecosystem services (land use),"NatCap | VI — LANCA v2.0, Valuing Impact (2023 USD)"
South Asia,SAS,South Asia,Average,LANCA v2.0,2016,Land use,Arable land,3003.086914166786,USD/ha,Natural Capital,Ecosystem services (land use),"NatCap | VI — LANCA v2.0, Valuing Impact (2023 USD)"
Sub-Saharan Africa,SSF,Sub-Saharan Africa,Average,LANCA v2.0,2016,Land use,Arable land,1397.4791664589907,USD/ha,Natural Capital,Ecosystem services (land use),"NatCap | VI — LANCA v2.0, Valuing Impact (2023 USD)"
East Asia & Pacific,EAS,East Asia & Pacific,Average,LANCA v2.0,2016,Land use,Pasture meadow,1496.4867780924262,USD/ha,Natural Capital,Ecosystem services (land use),"NatCap | VI — LANCA v2.0, Valuing Impact (2023 USD)"
Europe & Central Asia,ECS,Europe & Central Asia,Average,LANCA v2.0,2016,Land use,Pasture meadow,1716.3988523525834,USD/ha,Natural Capital,Ecosystem services (land use),"NatCap | VI — LANCA v2.0, Valuing Impact (2023 USD)"
Latin America & Caribbean,LCN,Latin America & Caribbean,Average,LANCA v2.0,2016,Land use,Pasture meadow,1395.9027644458235,USD/ha,Natural Capital,Ecosystem services (land use),"NatCap | VI — LANCA v2.0, Valuing Impact (2023 USD)"
Middle East & North Africa,MEA,Middle East & North Africa,Average,LANCA v2.0,2016,Land use,Pasture meadow,353.29878073319867,USD/ha,Natural Capital,Ecosystem services (land use),"NatCap | VI — LANCA v2.0, Valuing Impact (2023 USD)"
North America,NAC,North America,Average,LANCA v2.0,2016,Land use,Pasture meadow,1561.008165682142,USD/ha,Natural Capital,Ecosystem services (land use),"NatCap | VI — LANCA v2.0, Valuing Impact (2023 USD)"
South Asia,SAS,South Asia,Average,LANCA v2.0,2016,Land use,Pasture meadow,854.6600030518274,USD/ha,Natural Capital,Ecosystem services (land use),"NatCap | VI — LANCA v2.0, Valuing Impact (2023 USD)"
Sub-Saharan Africa,SSF,Sub-Saharan Africa,Average,LANCA v2.0,2016,Land use,Pasture meadow,1090.1815902019014,USD/ha,Natural Capital,Ecosystem services (land use),"NatCap | VI — LANCA v2.0, Valuing Impact (2023 USD)"
East Asia & Pacific,EAS,East Asia & Pacific,Average,LANCA v2.0,2016,Land use,Permanent crops,2973.967999501634,USD/ha,Natural Capital,Ecosystem services (land use),"NatCap | VI — LANCA v2.0, Valuing Impact (2023 USD)"
Europe & Central Asia,ECS,Europe & Central Asia,Average,LANCA v2.0,2016,Land use,Permanent crops,1755.2822108787416,USD/ha,Natural Capital,Ecosystem services (land use),"NatCap | VI — LANCA v2.0, Valuing Impact (2023 USD)"
Latin America & Caribbean,LCN,Latin America & Caribbean,Average,LANCA v2.0,2016,Land use,Permanent crops,2671.5967183145417,USD/ha,Natural Capital,Ecosystem services (land use),"NatCap | VI — LANCA v2.0, Valuing Impact (2023 USD)"
Middle East & North Africa,MEA,Middle East & North Africa,Average,LANCA v2.0,2016,Land use,Permanent crops,430.3722563738309,USD/ha,Natural Capital,Ecosystem services (land use),"NatCap | VI — LANCA v2.0, Valuing Impact (2023 USD)"
North America,NAC,North America,Average,LANCA v2.0,2016,Land use,Permanent crops,1569.3910576500573,USD/ha,Natural Capital,Ecosystem services (land use),"NatCap | VI — LANCA v2.0, Valuing Impact (2023 USD)"
South Asia,SAS,South Asia,Average,LANCA v2.0,2016,Land use,Permanent crops,3003.086914166786,USD/ha,Natural Capital,Ecosystem services (land use),"NatCap | VI — LANCA v2.0, Valuing Impact (2023 USD)"
Sub-Saharan Africa,SSF,Sub-Saharan Africa,Average,LANCA v2.0,2016,Land use,Permanent crops,1394.0830695317027,USD/ha,Natural Capital,Ecosystem services (land use),"NatCap | VI — LANCA v2.0, Valuing Impact (2023 USD)"
